INFO 2025-08-16 11:00:03,852 autoreload 38424 3592 Watching for file changes with StatReloader
INFO 2025-08-16 11:09:03,555 autoreload 38424 3592 C:\Users\15006\Desktop\catering-environment-behavior-detection-main\backend\core\__init__.py changed, reloading.
INFO 2025-08-16 12:17:42,316 autoreload 21732 40840 Watching for file changes with StatReloader
INFO 2025-08-16 12:29:57,864 views 21732 11932 违规数据分析请求: range=24h, query_all=False
ERROR 2025-08-16 12:29:57,880 services 21732 11932 违规数据分析失败: (1054, "Unknown column 'violations_records.image_path' in 'field list'")
ERROR 2025-08-16 12:29:57,880 views 21732 11932 违规数据分析失败: (1054, "Unknown column 'violations_records.image_path' in 'field list'")
ERROR 2025-08-16 12:29:57,884 log 21732 11932 Internal Server Error: /monitor/api/violations/analytics/
ERROR 2025-08-16 12:29:57,884 basehttp 21732 11932 "GET /monitor/api/violations/analytics/?range=24h HTTP/1.1" 500 133
INFO 2025-08-16 12:30:21,781 views 21732 41592 违规数据分析请求: range=30d, query_all=False
ERROR 2025-08-16 12:30:21,787 services 21732 41592 违规数据分析失败: (1054, "Unknown column 'violations_records.image_path' in 'field list'")
ERROR 2025-08-16 12:30:21,788 views 21732 41592 违规数据分析失败: (1054, "Unknown column 'violations_records.image_path' in 'field list'")
ERROR 2025-08-16 12:30:21,789 log 21732 41592 Internal Server Error: /monitor/api/violations/analytics/
ERROR 2025-08-16 12:30:21,790 basehttp 21732 41592 "GET /monitor/api/violations/analytics/?range=30d HTTP/1.1" 500 133
INFO 2025-08-16 12:30:22,739 views 21732 23228 违规数据分析请求: range=30d, query_all=False
ERROR 2025-08-16 12:30:22,745 services 21732 23228 违规数据分析失败: (1054, "Unknown column 'violations_records.image_path' in 'field list'")
ERROR 2025-08-16 12:30:22,745 views 21732 23228 违规数据分析失败: (1054, "Unknown column 'violations_records.image_path' in 'field list'")
ERROR 2025-08-16 12:30:22,746 log 21732 23228 Internal Server Error: /monitor/api/violations/analytics/
ERROR 2025-08-16 12:30:22,746 basehttp 21732 23228 "GET /monitor/api/violations/analytics/?range=30d HTTP/1.1" 500 133
INFO 2025-08-16 12:30:58,449 views 21732 2912 违规数据分析请求: range=30d, query_all=False
ERROR 2025-08-16 12:30:58,459 services 21732 2912 违规数据分析失败: (1054, "Unknown column 'violations_records.image_path' in 'field list'")
ERROR 2025-08-16 12:30:58,459 views 21732 2912 违规数据分析失败: (1054, "Unknown column 'violations_records.image_path' in 'field list'")
ERROR 2025-08-16 12:30:58,460 log 21732 2912 Internal Server Error: /monitor/api/violations/analytics/
ERROR 2025-08-16 12:30:58,460 basehttp 21732 2912 "GET /monitor/api/violations/analytics/?range=30d HTTP/1.1" 500 133
INFO 2025-08-16 12:31:58,447 views 21732 3984 违规数据分析请求: range=30d, query_all=False
ERROR 2025-08-16 12:31:58,459 services 21732 3984 违规数据分析失败: (1054, "Unknown column 'violations_records.image_path' in 'field list'")
ERROR 2025-08-16 12:31:58,459 views 21732 3984 违规数据分析失败: (1054, "Unknown column 'violations_records.image_path' in 'field list'")
ERROR 2025-08-16 12:31:58,460 log 21732 3984 Internal Server Error: /monitor/api/violations/analytics/
ERROR 2025-08-16 12:31:58,460 basehttp 21732 3984 "GET /monitor/api/violations/analytics/?range=30d HTTP/1.1" 500 133
INFO 2025-08-16 12:32:58,460 views 21732 18308 违规数据分析请求: range=30d, query_all=False
ERROR 2025-08-16 12:32:58,467 services 21732 18308 违规数据分析失败: (1054, "Unknown column 'violations_records.image_path' in 'field list'")
ERROR 2025-08-16 12:32:58,467 views 21732 18308 违规数据分析失败: (1054, "Unknown column 'violations_records.image_path' in 'field list'")
ERROR 2025-08-16 12:32:58,468 log 21732 18308 Internal Server Error: /monitor/api/violations/analytics/
ERROR 2025-08-16 12:32:58,469 basehttp 21732 18308 "GET /monitor/api/violations/analytics/?range=30d HTTP/1.1" 500 133
INFO 2025-08-16 12:33:58,449 views 21732 40904 违规数据分析请求: range=30d, query_all=False
ERROR 2025-08-16 12:33:58,456 services 21732 40904 违规数据分析失败: (1054, "Unknown column 'violations_records.image_path' in 'field list'")
ERROR 2025-08-16 12:33:58,456 views 21732 40904 违规数据分析失败: (1054, "Unknown column 'violations_records.image_path' in 'field list'")
ERROR 2025-08-16 12:33:58,457 log 21732 40904 Internal Server Error: /monitor/api/violations/analytics/
ERROR 2025-08-16 12:33:58,457 basehttp 21732 40904 "GET /monitor/api/violations/analytics/?range=30d HTTP/1.1" 500 133
INFO 2025-08-16 12:34:58,458 views 21732 30936 违规数据分析请求: range=30d, query_all=False
ERROR 2025-08-16 12:34:58,467 services 21732 30936 违规数据分析失败: (1054, "Unknown column 'violations_records.image_path' in 'field list'")
ERROR 2025-08-16 12:34:58,467 views 21732 30936 违规数据分析失败: (1054, "Unknown column 'violations_records.image_path' in 'field list'")
ERROR 2025-08-16 12:34:58,468 log 21732 30936 Internal Server Error: /monitor/api/violations/analytics/
ERROR 2025-08-16 12:34:58,469 basehttp 21732 30936 "GET /monitor/api/violations/analytics/?range=30d HTTP/1.1" 500 133
INFO 2025-08-16 12:35:58,445 views 21732 3416 违规数据分析请求: range=30d, query_all=False
ERROR 2025-08-16 12:35:58,454 services 21732 3416 违规数据分析失败: (1054, "Unknown column 'violations_records.image_path' in 'field list'")
ERROR 2025-08-16 12:35:58,454 views 21732 3416 违规数据分析失败: (1054, "Unknown column 'violations_records.image_path' in 'field list'")
ERROR 2025-08-16 12:35:58,455 log 21732 3416 Internal Server Error: /monitor/api/violations/analytics/
ERROR 2025-08-16 12:35:58,455 basehttp 21732 3416 "GET /monitor/api/violations/analytics/?range=30d HTTP/1.1" 500 133
INFO 2025-08-16 12:37:43,450 views 21732 26360 违规数据分析请求: range=30d, query_all=False
ERROR 2025-08-16 12:37:43,457 services 21732 26360 违规数据分析失败: (1054, "Unknown column 'violations_records.image_path' in 'field list'")
ERROR 2025-08-16 12:37:43,458 views 21732 26360 违规数据分析失败: (1054, "Unknown column 'violations_records.image_path' in 'field list'")
ERROR 2025-08-16 12:37:43,458 log 21732 26360 Internal Server Error: /monitor/api/violations/analytics/
ERROR 2025-08-16 12:37:43,459 basehttp 21732 26360 "GET /monitor/api/violations/analytics/?range=30d HTTP/1.1" 500 133
INFO 2025-08-16 12:38:43,449 views 21732 38804 违规数据分析请求: range=30d, query_all=False
ERROR 2025-08-16 12:38:43,457 services 21732 38804 违规数据分析失败: (1054, "Unknown column 'violations_records.image_path' in 'field list'")
ERROR 2025-08-16 12:38:43,458 views 21732 38804 违规数据分析失败: (1054, "Unknown column 'violations_records.image_path' in 'field list'")
ERROR 2025-08-16 12:38:43,458 log 21732 38804 Internal Server Error: /monitor/api/violations/analytics/
ERROR 2025-08-16 12:38:43,458 basehttp 21732 38804 "GET /monitor/api/violations/analytics/?range=30d HTTP/1.1" 500 133
INFO 2025-08-16 12:39:43,462 views 21732 33656 违规数据分析请求: range=30d, query_all=False
ERROR 2025-08-16 12:39:43,469 services 21732 33656 违规数据分析失败: (1054, "Unknown column 'violations_records.image_path' in 'field list'")
ERROR 2025-08-16 12:39:43,471 views 21732 33656 违规数据分析失败: (1054, "Unknown column 'violations_records.image_path' in 'field list'")
ERROR 2025-08-16 12:39:43,472 log 21732 33656 Internal Server Error: /monitor/api/violations/analytics/
ERROR 2025-08-16 12:39:43,472 basehttp 21732 33656 "GET /monitor/api/violations/analytics/?range=30d HTTP/1.1" 500 133
INFO 2025-08-16 12:40:43,456 views 21732 23316 违规数据分析请求: range=30d, query_all=False
ERROR 2025-08-16 12:40:43,466 services 21732 23316 违规数据分析失败: (1054, "Unknown column 'violations_records.image_path' in 'field list'")
ERROR 2025-08-16 12:40:43,466 views 21732 23316 违规数据分析失败: (1054, "Unknown column 'violations_records.image_path' in 'field list'")
ERROR 2025-08-16 12:40:43,467 log 21732 23316 Internal Server Error: /monitor/api/violations/analytics/
ERROR 2025-08-16 12:40:43,467 basehttp 21732 23316 "GET /monitor/api/violations/analytics/?range=30d HTTP/1.1" 500 133
INFO 2025-08-16 12:41:43,453 views 21732 42444 违规数据分析请求: range=30d, query_all=False
ERROR 2025-08-16 12:41:43,461 services 21732 42444 违规数据分析失败: (1054, "Unknown column 'violations_records.image_path' in 'field list'")
ERROR 2025-08-16 12:41:43,461 views 21732 42444 违规数据分析失败: (1054, "Unknown column 'violations_records.image_path' in 'field list'")
ERROR 2025-08-16 12:41:43,462 log 21732 42444 Internal Server Error: /monitor/api/violations/analytics/
ERROR 2025-08-16 12:41:43,462 basehttp 21732 42444 "GET /monitor/api/violations/analytics/?range=30d HTTP/1.1" 500 133
INFO 2025-08-16 12:42:43,455 views 21732 39784 违规数据分析请求: range=30d, query_all=False
ERROR 2025-08-16 12:42:43,463 services 21732 39784 违规数据分析失败: (1054, "Unknown column 'violations_records.image_path' in 'field list'")
ERROR 2025-08-16 12:42:43,463 views 21732 39784 违规数据分析失败: (1054, "Unknown column 'violations_records.image_path' in 'field list'")
ERROR 2025-08-16 12:42:43,463 log 21732 39784 Internal Server Error: /monitor/api/violations/analytics/
ERROR 2025-08-16 12:42:43,464 basehttp 21732 39784 "GET /monitor/api/violations/analytics/?range=30d HTTP/1.1" 500 133
INFO 2025-08-16 12:43:43,444 views 21732 22972 违规数据分析请求: range=30d, query_all=False
ERROR 2025-08-16 12:43:43,450 services 21732 22972 违规数据分析失败: (1054, "Unknown column 'violations_records.image_path' in 'field list'")
ERROR 2025-08-16 12:43:43,451 views 21732 22972 违规数据分析失败: (1054, "Unknown column 'violations_records.image_path' in 'field list'")
ERROR 2025-08-16 12:43:43,451 log 21732 22972 Internal Server Error: /monitor/api/violations/analytics/
ERROR 2025-08-16 12:43:43,451 basehttp 21732 22972 "GET /monitor/api/violations/analytics/?range=30d HTTP/1.1" 500 133
INFO 2025-08-16 12:44:43,470 views 21732 24272 违规数据分析请求: range=30d, query_all=False
ERROR 2025-08-16 12:44:43,475 services 21732 24272 违规数据分析失败: (1054, "Unknown column 'violations_records.image_path' in 'field list'")
ERROR 2025-08-16 12:44:43,476 views 21732 24272 违规数据分析失败: (1054, "Unknown column 'violations_records.image_path' in 'field list'")
ERROR 2025-08-16 12:44:43,476 log 21732 24272 Internal Server Error: /monitor/api/violations/analytics/
ERROR 2025-08-16 12:44:43,477 basehttp 21732 24272 "GET /monitor/api/violations/analytics/?range=30d HTTP/1.1" 500 133
INFO 2025-08-16 12:45:43,454 views 21732 42852 违规数据分析请求: range=30d, query_all=False
ERROR 2025-08-16 12:45:43,460 services 21732 42852 违规数据分析失败: (1054, "Unknown column 'violations_records.image_path' in 'field list'")
ERROR 2025-08-16 12:45:43,461 views 21732 42852 违规数据分析失败: (1054, "Unknown column 'violations_records.image_path' in 'field list'")
ERROR 2025-08-16 12:45:43,461 log 21732 42852 Internal Server Error: /monitor/api/violations/analytics/
ERROR 2025-08-16 12:45:43,462 basehttp 21732 42852 "GET /monitor/api/violations/analytics/?range=30d HTTP/1.1" 500 133
INFO 2025-08-16 12:46:43,447 views 21732 16068 违规数据分析请求: range=30d, query_all=False
ERROR 2025-08-16 12:46:43,452 services 21732 16068 违规数据分析失败: (1054, "Unknown column 'violations_records.image_path' in 'field list'")
ERROR 2025-08-16 12:46:43,452 views 21732 16068 违规数据分析失败: (1054, "Unknown column 'violations_records.image_path' in 'field list'")
ERROR 2025-08-16 12:46:43,452 log 21732 16068 Internal Server Error: /monitor/api/violations/analytics/
ERROR 2025-08-16 12:46:43,453 basehttp 21732 16068 "GET /monitor/api/violations/analytics/?range=30d HTTP/1.1" 500 133
INFO 2025-08-16 12:47:43,443 views 21732 3136 违规数据分析请求: range=30d, query_all=False
ERROR 2025-08-16 12:47:43,450 services 21732 3136 违规数据分析失败: (1054, "Unknown column 'violations_records.image_path' in 'field list'")
ERROR 2025-08-16 12:47:43,450 views 21732 3136 违规数据分析失败: (1054, "Unknown column 'violations_records.image_path' in 'field list'")
ERROR 2025-08-16 12:47:43,451 log 21732 3136 Internal Server Error: /monitor/api/violations/analytics/
ERROR 2025-08-16 12:47:43,451 basehttp 21732 3136 "GET /monitor/api/violations/analytics/?range=30d HTTP/1.1" 500 133
INFO 2025-08-16 12:48:43,451 views 21732 33644 违规数据分析请求: range=30d, query_all=False
ERROR 2025-08-16 12:48:43,457 services 21732 33644 违规数据分析失败: (1054, "Unknown column 'violations_records.image_path' in 'field list'")
ERROR 2025-08-16 12:48:43,457 views 21732 33644 违规数据分析失败: (1054, "Unknown column 'violations_records.image_path' in 'field list'")
ERROR 2025-08-16 12:48:43,458 log 21732 33644 Internal Server Error: /monitor/api/violations/analytics/
ERROR 2025-08-16 12:48:43,458 basehttp 21732 33644 "GET /monitor/api/violations/analytics/?range=30d HTTP/1.1" 500 133
INFO 2025-08-16 12:49:43,454 views 21732 24660 违规数据分析请求: range=30d, query_all=False
ERROR 2025-08-16 12:49:43,460 services 21732 24660 违规数据分析失败: (1054, "Unknown column 'violations_records.image_path' in 'field list'")
ERROR 2025-08-16 12:49:43,460 views 21732 24660 违规数据分析失败: (1054, "Unknown column 'violations_records.image_path' in 'field list'")
ERROR 2025-08-16 12:49:43,461 log 21732 24660 Internal Server Error: /monitor/api/violations/analytics/
ERROR 2025-08-16 12:49:43,462 basehttp 21732 24660 "GET /monitor/api/violations/analytics/?range=30d HTTP/1.1" 500 133
INFO 2025-08-16 12:50:43,462 views 21732 36512 违规数据分析请求: range=30d, query_all=False
ERROR 2025-08-16 12:50:43,467 services 21732 36512 违规数据分析失败: (1054, "Unknown column 'violations_records.image_path' in 'field list'")
ERROR 2025-08-16 12:50:43,468 views 21732 36512 违规数据分析失败: (1054, "Unknown column 'violations_records.image_path' in 'field list'")
ERROR 2025-08-16 12:50:43,468 log 21732 36512 Internal Server Error: /monitor/api/violations/analytics/
ERROR 2025-08-16 12:50:43,469 basehttp 21732 36512 "GET /monitor/api/violations/analytics/?range=30d HTTP/1.1" 500 133
INFO 2025-08-16 12:51:43,447 views 21732 18132 违规数据分析请求: range=30d, query_all=False
ERROR 2025-08-16 12:51:43,452 services 21732 18132 违规数据分析失败: (1054, "Unknown column 'violations_records.image_path' in 'field list'")
ERROR 2025-08-16 12:51:43,452 views 21732 18132 违规数据分析失败: (1054, "Unknown column 'violations_records.image_path' in 'field list'")
ERROR 2025-08-16 12:51:43,453 log 21732 18132 Internal Server Error: /monitor/api/violations/analytics/
ERROR 2025-08-16 12:51:43,454 basehttp 21732 18132 "GET /monitor/api/violations/analytics/?range=30d HTTP/1.1" 500 133
INFO 2025-08-16 12:52:43,454 views 21732 42792 违规数据分析请求: range=30d, query_all=False
ERROR 2025-08-16 12:52:43,461 services 21732 42792 违规数据分析失败: (1054, "Unknown column 'violations_records.image_path' in 'field list'")
ERROR 2025-08-16 12:52:43,462 views 21732 42792 违规数据分析失败: (1054, "Unknown column 'violations_records.image_path' in 'field list'")
ERROR 2025-08-16 12:52:43,462 log 21732 42792 Internal Server Error: /monitor/api/violations/analytics/
ERROR 2025-08-16 12:52:43,462 basehttp 21732 42792 "GET /monitor/api/violations/analytics/?range=30d HTTP/1.1" 500 133
INFO 2025-08-16 12:53:43,452 views 21732 38704 违规数据分析请求: range=30d, query_all=False
ERROR 2025-08-16 12:53:43,457 services 21732 38704 违规数据分析失败: (1054, "Unknown column 'violations_records.image_path' in 'field list'")
ERROR 2025-08-16 12:53:43,458 views 21732 38704 违规数据分析失败: (1054, "Unknown column 'violations_records.image_path' in 'field list'")
ERROR 2025-08-16 12:53:43,458 log 21732 38704 Internal Server Error: /monitor/api/violations/analytics/
ERROR 2025-08-16 12:53:43,459 basehttp 21732 38704 "GET /monitor/api/violations/analytics/?range=30d HTTP/1.1" 500 133
INFO 2025-08-16 12:54:43,454 views 21732 8488 违规数据分析请求: range=30d, query_all=False
ERROR 2025-08-16 12:54:43,461 services 21732 8488 违规数据分析失败: (1054, "Unknown column 'violations_records.image_path' in 'field list'")
ERROR 2025-08-16 12:54:43,462 views 21732 8488 违规数据分析失败: (1054, "Unknown column 'violations_records.image_path' in 'field list'")
ERROR 2025-08-16 12:54:43,462 log 21732 8488 Internal Server Error: /monitor/api/violations/analytics/
ERROR 2025-08-16 12:54:43,463 basehttp 21732 8488 "GET /monitor/api/violations/analytics/?range=30d HTTP/1.1" 500 133
INFO 2025-08-16 12:55:43,452 views 21732 26356 违规数据分析请求: range=30d, query_all=False
ERROR 2025-08-16 12:55:43,457 services 21732 26356 违规数据分析失败: (1054, "Unknown column 'violations_records.image_path' in 'field list'")
ERROR 2025-08-16 12:55:43,457 views 21732 26356 违规数据分析失败: (1054, "Unknown column 'violations_records.image_path' in 'field list'")
ERROR 2025-08-16 12:55:43,457 log 21732 26356 Internal Server Error: /monitor/api/violations/analytics/
ERROR 2025-08-16 12:55:43,458 basehttp 21732 26356 "GET /monitor/api/violations/analytics/?range=30d HTTP/1.1" 500 133
INFO 2025-08-16 12:56:43,459 views 21732 30216 违规数据分析请求: range=30d, query_all=False
ERROR 2025-08-16 12:56:43,466 services 21732 30216 违规数据分析失败: (1054, "Unknown column 'violations_records.image_path' in 'field list'")
ERROR 2025-08-16 12:56:43,467 views 21732 30216 违规数据分析失败: (1054, "Unknown column 'violations_records.image_path' in 'field list'")
ERROR 2025-08-16 12:56:43,467 log 21732 30216 Internal Server Error: /monitor/api/violations/analytics/
ERROR 2025-08-16 12:56:43,467 basehttp 21732 30216 "GET /monitor/api/violations/analytics/?range=30d HTTP/1.1" 500 133
INFO 2025-08-16 12:57:43,448 views 21732 30904 违规数据分析请求: range=30d, query_all=False
ERROR 2025-08-16 12:57:43,454 services 21732 30904 违规数据分析失败: (1054, "Unknown column 'violations_records.image_path' in 'field list'")
ERROR 2025-08-16 12:57:43,454 views 21732 30904 违规数据分析失败: (1054, "Unknown column 'violations_records.image_path' in 'field list'")
ERROR 2025-08-16 12:57:43,456 log 21732 30904 Internal Server Error: /monitor/api/violations/analytics/
ERROR 2025-08-16 12:57:43,456 basehttp 21732 30904 "GET /monitor/api/violations/analytics/?range=30d HTTP/1.1" 500 133
INFO 2025-08-16 12:58:43,459 views 21732 29124 违规数据分析请求: range=30d, query_all=False
ERROR 2025-08-16 12:58:43,467 services 21732 29124 违规数据分析失败: (1054, "Unknown column 'violations_records.image_path' in 'field list'")
ERROR 2025-08-16 12:58:43,468 views 21732 29124 违规数据分析失败: (1054, "Unknown column 'violations_records.image_path' in 'field list'")
ERROR 2025-08-16 12:58:43,468 log 21732 29124 Internal Server Error: /monitor/api/violations/analytics/
ERROR 2025-08-16 12:58:43,469 basehttp 21732 29124 "GET /monitor/api/violations/analytics/?range=30d HTTP/1.1" 500 133
INFO 2025-08-16 12:59:43,452 views 21732 33796 违规数据分析请求: range=30d, query_all=False
ERROR 2025-08-16 12:59:43,457 services 21732 33796 违规数据分析失败: (1054, "Unknown column 'violations_records.image_path' in 'field list'")
ERROR 2025-08-16 12:59:43,458 views 21732 33796 违规数据分析失败: (1054, "Unknown column 'violations_records.image_path' in 'field list'")
ERROR 2025-08-16 12:59:43,458 log 21732 33796 Internal Server Error: /monitor/api/violations/analytics/
ERROR 2025-08-16 12:59:43,459 basehttp 21732 33796 "GET /monitor/api/violations/analytics/?range=30d HTTP/1.1" 500 133
INFO 2025-08-16 13:00:43,451 views 21732 13664 违规数据分析请求: range=30d, query_all=False
ERROR 2025-08-16 13:00:43,457 services 21732 13664 违规数据分析失败: (1054, "Unknown column 'violations_records.image_path' in 'field list'")
ERROR 2025-08-16 13:00:43,458 views 21732 13664 违规数据分析失败: (1054, "Unknown column 'violations_records.image_path' in 'field list'")
ERROR 2025-08-16 13:00:43,458 log 21732 13664 Internal Server Error: /monitor/api/violations/analytics/
ERROR 2025-08-16 13:00:43,458 basehttp 21732 13664 "GET /monitor/api/violations/analytics/?range=30d HTTP/1.1" 500 133
INFO 2025-08-16 13:01:43,455 views 21732 24140 违规数据分析请求: range=30d, query_all=False
ERROR 2025-08-16 13:01:43,463 services 21732 24140 违规数据分析失败: (1054, "Unknown column 'violations_records.image_path' in 'field list'")
ERROR 2025-08-16 13:01:43,463 views 21732 24140 违规数据分析失败: (1054, "Unknown column 'violations_records.image_path' in 'field list'")
ERROR 2025-08-16 13:01:43,463 log 21732 24140 Internal Server Error: /monitor/api/violations/analytics/
ERROR 2025-08-16 13:01:43,464 basehttp 21732 24140 "GET /monitor/api/violations/analytics/?range=30d HTTP/1.1" 500 133
INFO 2025-08-16 13:02:43,445 views 21732 13908 违规数据分析请求: range=30d, query_all=False
ERROR 2025-08-16 13:02:43,451 services 21732 13908 违规数据分析失败: (1054, "Unknown column 'violations_records.image_path' in 'field list'")
ERROR 2025-08-16 13:02:43,451 views 21732 13908 违规数据分析失败: (1054, "Unknown column 'violations_records.image_path' in 'field list'")
ERROR 2025-08-16 13:02:43,452 log 21732 13908 Internal Server Error: /monitor/api/violations/analytics/
ERROR 2025-08-16 13:02:43,452 basehttp 21732 13908 "GET /monitor/api/violations/analytics/?range=30d HTTP/1.1" 500 133
INFO 2025-08-16 13:03:43,460 views 21732 19860 违规数据分析请求: range=30d, query_all=False
ERROR 2025-08-16 13:03:43,467 services 21732 19860 违规数据分析失败: (1054, "Unknown column 'violations_records.image_path' in 'field list'")
ERROR 2025-08-16 13:03:43,468 views 21732 19860 违规数据分析失败: (1054, "Unknown column 'violations_records.image_path' in 'field list'")
ERROR 2025-08-16 13:03:43,469 log 21732 19860 Internal Server Error: /monitor/api/violations/analytics/
ERROR 2025-08-16 13:03:43,469 basehttp 21732 19860 "GET /monitor/api/violations/analytics/?range=30d HTTP/1.1" 500 133
INFO 2025-08-16 13:04:43,460 views 21732 41896 违规数据分析请求: range=30d, query_all=False
ERROR 2025-08-16 13:04:43,467 services 21732 41896 违规数据分析失败: (1054, "Unknown column 'violations_records.image_path' in 'field list'")
ERROR 2025-08-16 13:04:43,468 views 21732 41896 违规数据分析失败: (1054, "Unknown column 'violations_records.image_path' in 'field list'")
ERROR 2025-08-16 13:04:43,468 log 21732 41896 Internal Server Error: /monitor/api/violations/analytics/
ERROR 2025-08-16 13:04:43,468 basehttp 21732 41896 "GET /monitor/api/violations/analytics/?range=30d HTTP/1.1" 500 133
INFO 2025-08-16 13:05:43,456 views 21732 33836 违规数据分析请求: range=30d, query_all=False
ERROR 2025-08-16 13:05:43,462 services 21732 33836 违规数据分析失败: (1054, "Unknown column 'violations_records.image_path' in 'field list'")
ERROR 2025-08-16 13:05:43,462 views 21732 33836 违规数据分析失败: (1054, "Unknown column 'violations_records.image_path' in 'field list'")
ERROR 2025-08-16 13:05:43,462 log 21732 33836 Internal Server Error: /monitor/api/violations/analytics/
ERROR 2025-08-16 13:05:43,463 basehttp 21732 33836 "GET /monitor/api/violations/analytics/?range=30d HTTP/1.1" 500 133
INFO 2025-08-16 13:06:43,449 views 21732 28532 违规数据分析请求: range=30d, query_all=False
ERROR 2025-08-16 13:06:43,456 services 21732 28532 违规数据分析失败: (1054, "Unknown column 'violations_records.image_path' in 'field list'")
ERROR 2025-08-16 13:06:43,456 views 21732 28532 违规数据分析失败: (1054, "Unknown column 'violations_records.image_path' in 'field list'")
ERROR 2025-08-16 13:06:43,456 log 21732 28532 Internal Server Error: /monitor/api/violations/analytics/
ERROR 2025-08-16 13:06:43,457 basehttp 21732 28532 "GET /monitor/api/violations/analytics/?range=30d HTTP/1.1" 500 133
INFO 2025-08-16 13:07:43,447 views 21732 42520 违规数据分析请求: range=30d, query_all=False
ERROR 2025-08-16 13:07:43,453 services 21732 42520 违规数据分析失败: (1054, "Unknown column 'violations_records.image_path' in 'field list'")
ERROR 2025-08-16 13:07:43,454 views 21732 42520 违规数据分析失败: (1054, "Unknown column 'violations_records.image_path' in 'field list'")
ERROR 2025-08-16 13:07:43,455 log 21732 42520 Internal Server Error: /monitor/api/violations/analytics/
ERROR 2025-08-16 13:07:43,456 basehttp 21732 42520 "GET /monitor/api/violations/analytics/?range=30d HTTP/1.1" 500 133
INFO 2025-08-16 13:08:43,458 views 21732 31956 违规数据分析请求: range=30d, query_all=False
ERROR 2025-08-16 13:08:43,466 services 21732 31956 违规数据分析失败: (1054, "Unknown column 'violations_records.image_path' in 'field list'")
ERROR 2025-08-16 13:08:43,467 views 21732 31956 违规数据分析失败: (1054, "Unknown column 'violations_records.image_path' in 'field list'")
ERROR 2025-08-16 13:08:43,467 log 21732 31956 Internal Server Error: /monitor/api/violations/analytics/
ERROR 2025-08-16 13:08:43,468 basehttp 21732 31956 "GET /monitor/api/violations/analytics/?range=30d HTTP/1.1" 500 133
INFO 2025-08-16 13:09:43,445 views 21732 41688 违规数据分析请求: range=30d, query_all=False
ERROR 2025-08-16 13:09:43,452 services 21732 41688 违规数据分析失败: (1054, "Unknown column 'violations_records.image_path' in 'field list'")
ERROR 2025-08-16 13:09:43,453 views 21732 41688 违规数据分析失败: (1054, "Unknown column 'violations_records.image_path' in 'field list'")
ERROR 2025-08-16 13:09:43,454 log 21732 41688 Internal Server Error: /monitor/api/violations/analytics/
ERROR 2025-08-16 13:09:43,455 basehttp 21732 41688 "GET /monitor/api/violations/analytics/?range=30d HTTP/1.1" 500 133
INFO 2025-08-16 13:10:43,456 views 21732 42288 违规数据分析请求: range=30d, query_all=False
ERROR 2025-08-16 13:10:43,461 services 21732 42288 违规数据分析失败: (1054, "Unknown column 'violations_records.image_path' in 'field list'")
ERROR 2025-08-16 13:10:43,461 views 21732 42288 违规数据分析失败: (1054, "Unknown column 'violations_records.image_path' in 'field list'")
ERROR 2025-08-16 13:10:43,462 log 21732 42288 Internal Server Error: /monitor/api/violations/analytics/
ERROR 2025-08-16 13:10:43,462 basehttp 21732 42288 "GET /monitor/api/violations/analytics/?range=30d HTTP/1.1" 500 133
INFO 2025-08-16 13:11:43,453 views 21732 4412 违规数据分析请求: range=30d, query_all=False
ERROR 2025-08-16 13:11:43,460 services 21732 4412 违规数据分析失败: (1054, "Unknown column 'violations_records.image_path' in 'field list'")
ERROR 2025-08-16 13:11:43,460 views 21732 4412 违规数据分析失败: (1054, "Unknown column 'violations_records.image_path' in 'field list'")
ERROR 2025-08-16 13:11:43,461 log 21732 4412 Internal Server Error: /monitor/api/violations/analytics/
ERROR 2025-08-16 13:11:43,462 basehttp 21732 4412 "GET /monitor/api/violations/analytics/?range=30d HTTP/1.1" 500 133
INFO 2025-08-16 13:12:43,450 views 21732 18384 违规数据分析请求: range=30d, query_all=False
ERROR 2025-08-16 13:12:43,455 services 21732 18384 违规数据分析失败: (1054, "Unknown column 'violations_records.image_path' in 'field list'")
ERROR 2025-08-16 13:12:43,456 views 21732 18384 违规数据分析失败: (1054, "Unknown column 'violations_records.image_path' in 'field list'")
ERROR 2025-08-16 13:12:43,456 log 21732 18384 Internal Server Error: /monitor/api/violations/analytics/
ERROR 2025-08-16 13:12:43,457 basehttp 21732 18384 "GET /monitor/api/violations/analytics/?range=30d HTTP/1.1" 500 133
INFO 2025-08-16 13:13:43,449 views 21732 26748 违规数据分析请求: range=30d, query_all=False
ERROR 2025-08-16 13:13:43,455 services 21732 26748 违规数据分析失败: (1054, "Unknown column 'violations_records.image_path' in 'field list'")
ERROR 2025-08-16 13:13:43,455 views 21732 26748 违规数据分析失败: (1054, "Unknown column 'violations_records.image_path' in 'field list'")
ERROR 2025-08-16 13:13:43,456 log 21732 26748 Internal Server Error: /monitor/api/violations/analytics/
ERROR 2025-08-16 13:13:43,456 basehttp 21732 26748 "GET /monitor/api/violations/analytics/?range=30d HTTP/1.1" 500 133
INFO 2025-08-16 13:14:43,444 views 21732 39408 违规数据分析请求: range=30d, query_all=False
ERROR 2025-08-16 13:14:43,452 services 21732 39408 违规数据分析失败: (1054, "Unknown column 'violations_records.image_path' in 'field list'")
ERROR 2025-08-16 13:14:43,452 views 21732 39408 违规数据分析失败: (1054, "Unknown column 'violations_records.image_path' in 'field list'")
ERROR 2025-08-16 13:14:43,453 log 21732 39408 Internal Server Error: /monitor/api/violations/analytics/
ERROR 2025-08-16 13:14:43,454 basehttp 21732 39408 "GET /monitor/api/violations/analytics/?range=30d HTTP/1.1" 500 133
INFO 2025-08-16 13:15:43,444 views 21732 32608 违规数据分析请求: range=30d, query_all=False
ERROR 2025-08-16 13:15:43,451 services 21732 32608 违规数据分析失败: (1054, "Unknown column 'violations_records.image_path' in 'field list'")
ERROR 2025-08-16 13:15:43,452 views 21732 32608 违规数据分析失败: (1054, "Unknown column 'violations_records.image_path' in 'field list'")
ERROR 2025-08-16 13:15:43,452 log 21732 32608 Internal Server Error: /monitor/api/violations/analytics/
ERROR 2025-08-16 13:15:43,452 basehttp 21732 32608 "GET /monitor/api/violations/analytics/?range=30d HTTP/1.1" 500 133
INFO 2025-08-16 13:16:43,457 views 21732 27776 违规数据分析请求: range=30d, query_all=False
ERROR 2025-08-16 13:16:43,462 services 21732 27776 违规数据分析失败: (1054, "Unknown column 'violations_records.image_path' in 'field list'")
ERROR 2025-08-16 13:16:43,462 views 21732 27776 违规数据分析失败: (1054, "Unknown column 'violations_records.image_path' in 'field list'")
ERROR 2025-08-16 13:16:43,463 log 21732 27776 Internal Server Error: /monitor/api/violations/analytics/
ERROR 2025-08-16 13:16:43,463 basehttp 21732 27776 "GET /monitor/api/violations/analytics/?range=30d HTTP/1.1" 500 133
INFO 2025-08-16 13:17:43,447 views 21732 42892 违规数据分析请求: range=30d, query_all=False
ERROR 2025-08-16 13:17:43,455 services 21732 42892 违规数据分析失败: (1054, "Unknown column 'violations_records.image_path' in 'field list'")
ERROR 2025-08-16 13:17:43,456 views 21732 42892 违规数据分析失败: (1054, "Unknown column 'violations_records.image_path' in 'field list'")
ERROR 2025-08-16 13:17:43,456 log 21732 42892 Internal Server Error: /monitor/api/violations/analytics/
ERROR 2025-08-16 13:17:43,457 basehttp 21732 42892 "GET /monitor/api/violations/analytics/?range=30d HTTP/1.1" 500 133
INFO 2025-08-16 13:18:43,443 views 21732 27460 违规数据分析请求: range=30d, query_all=False
ERROR 2025-08-16 13:18:43,449 services 21732 27460 违规数据分析失败: (1054, "Unknown column 'violations_records.image_path' in 'field list'")
ERROR 2025-08-16 13:18:43,450 views 21732 27460 违规数据分析失败: (1054, "Unknown column 'violations_records.image_path' in 'field list'")
ERROR 2025-08-16 13:18:43,451 log 21732 27460 Internal Server Error: /monitor/api/violations/analytics/
ERROR 2025-08-16 13:18:43,451 basehttp 21732 27460 "GET /monitor/api/violations/analytics/?range=30d HTTP/1.1" 500 133
INFO 2025-08-16 13:19:43,456 views 21732 40180 违规数据分析请求: range=30d, query_all=False
ERROR 2025-08-16 13:19:43,462 services 21732 40180 违规数据分析失败: (1054, "Unknown column 'violations_records.image_path' in 'field list'")
ERROR 2025-08-16 13:19:43,462 views 21732 40180 违规数据分析失败: (1054, "Unknown column 'violations_records.image_path' in 'field list'")
ERROR 2025-08-16 13:19:43,463 log 21732 40180 Internal Server Error: /monitor/api/violations/analytics/
ERROR 2025-08-16 13:19:43,463 basehttp 21732 40180 "GET /monitor/api/violations/analytics/?range=30d HTTP/1.1" 500 133
INFO 2025-08-16 13:20:43,456 views 21732 35932 违规数据分析请求: range=30d, query_all=False
ERROR 2025-08-16 13:20:43,464 services 21732 35932 违规数据分析失败: (1054, "Unknown column 'violations_records.image_path' in 'field list'")
ERROR 2025-08-16 13:20:43,464 views 21732 35932 违规数据分析失败: (1054, "Unknown column 'violations_records.image_path' in 'field list'")
ERROR 2025-08-16 13:20:43,465 log 21732 35932 Internal Server Error: /monitor/api/violations/analytics/
ERROR 2025-08-16 13:20:43,466 basehttp 21732 35932 "GET /monitor/api/violations/analytics/?range=30d HTTP/1.1" 500 133
INFO 2025-08-16 13:21:43,445 views 21732 42956 违规数据分析请求: range=30d, query_all=False
ERROR 2025-08-16 13:21:43,450 services 21732 42956 违规数据分析失败: (1054, "Unknown column 'violations_records.image_path' in 'field list'")
ERROR 2025-08-16 13:21:43,450 views 21732 42956 违规数据分析失败: (1054, "Unknown column 'violations_records.image_path' in 'field list'")
ERROR 2025-08-16 13:21:43,451 log 21732 42956 Internal Server Error: /monitor/api/violations/analytics/
ERROR 2025-08-16 13:21:43,451 basehttp 21732 42956 "GET /monitor/api/violations/analytics/?range=30d HTTP/1.1" 500 133
INFO 2025-08-16 13:22:43,457 views 21732 26448 违规数据分析请求: range=30d, query_all=False
ERROR 2025-08-16 13:22:43,463 services 21732 26448 违规数据分析失败: (1054, "Unknown column 'violations_records.image_path' in 'field list'")
ERROR 2025-08-16 13:22:43,464 views 21732 26448 违规数据分析失败: (1054, "Unknown column 'violations_records.image_path' in 'field list'")
ERROR 2025-08-16 13:22:43,466 log 21732 26448 Internal Server Error: /monitor/api/violations/analytics/
ERROR 2025-08-16 13:22:43,467 basehttp 21732 26448 "GET /monitor/api/violations/analytics/?range=30d HTTP/1.1" 500 133
INFO 2025-08-16 13:23:43,442 views 21732 36820 违规数据分析请求: range=30d, query_all=False
ERROR 2025-08-16 13:23:43,451 services 21732 36820 违规数据分析失败: (1054, "Unknown column 'violations_records.image_path' in 'field list'")
ERROR 2025-08-16 13:23:43,451 views 21732 36820 违规数据分析失败: (1054, "Unknown column 'violations_records.image_path' in 'field list'")
ERROR 2025-08-16 13:23:43,453 log 21732 36820 Internal Server Error: /monitor/api/violations/analytics/
ERROR 2025-08-16 13:23:43,453 basehttp 21732 36820 "GET /monitor/api/violations/analytics/?range=30d HTTP/1.1" 500 133
INFO 2025-08-16 13:24:43,447 views 21732 39396 违规数据分析请求: range=30d, query_all=False
ERROR 2025-08-16 13:24:43,454 services 21732 39396 违规数据分析失败: (1054, "Unknown column 'violations_records.image_path' in 'field list'")
ERROR 2025-08-16 13:24:43,454 views 21732 39396 违规数据分析失败: (1054, "Unknown column 'violations_records.image_path' in 'field list'")
ERROR 2025-08-16 13:24:43,455 log 21732 39396 Internal Server Error: /monitor/api/violations/analytics/
ERROR 2025-08-16 13:24:43,455 basehttp 21732 39396 "GET /monitor/api/violations/analytics/?range=30d HTTP/1.1" 500 133
INFO 2025-08-16 13:25:43,457 views 21732 41588 违规数据分析请求: range=30d, query_all=False
ERROR 2025-08-16 13:25:43,465 services 21732 41588 违规数据分析失败: (1054, "Unknown column 'violations_records.image_path' in 'field list'")
ERROR 2025-08-16 13:25:43,466 views 21732 41588 违规数据分析失败: (1054, "Unknown column 'violations_records.image_path' in 'field list'")
ERROR 2025-08-16 13:25:43,467 log 21732 41588 Internal Server Error: /monitor/api/violations/analytics/
ERROR 2025-08-16 13:25:43,467 basehttp 21732 41588 "GET /monitor/api/violations/analytics/?range=30d HTTP/1.1" 500 133
INFO 2025-08-16 13:26:43,456 views 21732 11012 违规数据分析请求: range=30d, query_all=False
ERROR 2025-08-16 13:26:43,465 services 21732 11012 违规数据分析失败: (1054, "Unknown column 'violations_records.image_path' in 'field list'")
ERROR 2025-08-16 13:26:43,466 views 21732 11012 违规数据分析失败: (1054, "Unknown column 'violations_records.image_path' in 'field list'")
ERROR 2025-08-16 13:26:43,467 log 21732 11012 Internal Server Error: /monitor/api/violations/analytics/
ERROR 2025-08-16 13:26:43,467 basehttp 21732 11012 "GET /monitor/api/violations/analytics/?range=30d HTTP/1.1" 500 133
INFO 2025-08-16 13:27:43,457 views 21732 42648 违规数据分析请求: range=30d, query_all=False
ERROR 2025-08-16 13:27:43,462 services 21732 42648 违规数据分析失败: (1054, "Unknown column 'violations_records.image_path' in 'field list'")
ERROR 2025-08-16 13:27:43,463 views 21732 42648 违规数据分析失败: (1054, "Unknown column 'violations_records.image_path' in 'field list'")
ERROR 2025-08-16 13:27:43,464 log 21732 42648 Internal Server Error: /monitor/api/violations/analytics/
ERROR 2025-08-16 13:27:43,464 basehttp 21732 42648 "GET /monitor/api/violations/analytics/?range=30d HTTP/1.1" 500 133
INFO 2025-08-16 13:28:43,443 views 21732 34764 违规数据分析请求: range=30d, query_all=False
ERROR 2025-08-16 13:28:43,449 services 21732 34764 违规数据分析失败: (1054, "Unknown column 'violations_records.image_path' in 'field list'")
ERROR 2025-08-16 13:28:43,449 views 21732 34764 违规数据分析失败: (1054, "Unknown column 'violations_records.image_path' in 'field list'")
ERROR 2025-08-16 13:28:43,450 log 21732 34764 Internal Server Error: /monitor/api/violations/analytics/
ERROR 2025-08-16 13:28:43,450 basehttp 21732 34764 "GET /monitor/api/violations/analytics/?range=30d HTTP/1.1" 500 133
INFO 2025-08-16 13:29:43,456 views 21732 33644 违规数据分析请求: range=30d, query_all=False
ERROR 2025-08-16 13:29:43,462 services 21732 33644 违规数据分析失败: (1054, "Unknown column 'violations_records.image_path' in 'field list'")
ERROR 2025-08-16 13:29:43,463 views 21732 33644 违规数据分析失败: (1054, "Unknown column 'violations_records.image_path' in 'field list'")
ERROR 2025-08-16 13:29:43,463 log 21732 33644 Internal Server Error: /monitor/api/violations/analytics/
ERROR 2025-08-16 13:29:43,464 basehttp 21732 33644 "GET /monitor/api/violations/analytics/?range=30d HTTP/1.1" 500 133
INFO 2025-08-16 13:30:43,446 views 21732 18100 违规数据分析请求: range=30d, query_all=False
ERROR 2025-08-16 13:30:43,456 services 21732 18100 违规数据分析失败: (1054, "Unknown column 'violations_records.image_path' in 'field list'")
ERROR 2025-08-16 13:30:43,456 views 21732 18100 违规数据分析失败: (1054, "Unknown column 'violations_records.image_path' in 'field list'")
ERROR 2025-08-16 13:30:43,457 log 21732 18100 Internal Server Error: /monitor/api/violations/analytics/
ERROR 2025-08-16 13:30:43,457 basehttp 21732 18100 "GET /monitor/api/violations/analytics/?range=30d HTTP/1.1" 500 133
INFO 2025-08-16 13:31:43,446 views 21732 11652 违规数据分析请求: range=30d, query_all=False
ERROR 2025-08-16 13:31:43,451 services 21732 11652 违规数据分析失败: (1054, "Unknown column 'violations_records.image_path' in 'field list'")
ERROR 2025-08-16 13:31:43,453 views 21732 11652 违规数据分析失败: (1054, "Unknown column 'violations_records.image_path' in 'field list'")
ERROR 2025-08-16 13:31:43,453 log 21732 11652 Internal Server Error: /monitor/api/violations/analytics/
ERROR 2025-08-16 13:31:43,453 basehttp 21732 11652 "GET /monitor/api/violations/analytics/?range=30d HTTP/1.1" 500 133
INFO 2025-08-16 13:32:43,447 views 21732 37244 违规数据分析请求: range=30d, query_all=False
ERROR 2025-08-16 13:32:43,456 services 21732 37244 违规数据分析失败: (1054, "Unknown column 'violations_records.image_path' in 'field list'")
ERROR 2025-08-16 13:32:43,456 views 21732 37244 违规数据分析失败: (1054, "Unknown column 'violations_records.image_path' in 'field list'")
ERROR 2025-08-16 13:32:43,457 log 21732 37244 Internal Server Error: /monitor/api/violations/analytics/
ERROR 2025-08-16 13:32:43,457 basehttp 21732 37244 "GET /monitor/api/violations/analytics/?range=30d HTTP/1.1" 500 133
INFO 2025-08-16 13:33:43,454 views 21732 41496 违规数据分析请求: range=30d, query_all=False
ERROR 2025-08-16 13:33:43,460 services 21732 41496 违规数据分析失败: (1054, "Unknown column 'violations_records.image_path' in 'field list'")
ERROR 2025-08-16 13:33:43,461 views 21732 41496 违规数据分析失败: (1054, "Unknown column 'violations_records.image_path' in 'field list'")
ERROR 2025-08-16 13:33:43,461 log 21732 41496 Internal Server Error: /monitor/api/violations/analytics/
ERROR 2025-08-16 13:33:43,461 basehttp 21732 41496 "GET /monitor/api/violations/analytics/?range=30d HTTP/1.1" 500 133
INFO 2025-08-16 13:34:43,450 views 21732 25508 违规数据分析请求: range=30d, query_all=False
ERROR 2025-08-16 13:34:43,456 services 21732 25508 违规数据分析失败: (1054, "Unknown column 'violations_records.image_path' in 'field list'")
ERROR 2025-08-16 13:34:43,457 views 21732 25508 违规数据分析失败: (1054, "Unknown column 'violations_records.image_path' in 'field list'")
ERROR 2025-08-16 13:34:43,457 log 21732 25508 Internal Server Error: /monitor/api/violations/analytics/
ERROR 2025-08-16 13:34:43,458 basehttp 21732 25508 "GET /monitor/api/violations/analytics/?range=30d HTTP/1.1" 500 133
INFO 2025-08-16 13:35:43,458 views 21732 38372 违规数据分析请求: range=30d, query_all=False
ERROR 2025-08-16 13:35:43,466 services 21732 38372 违规数据分析失败: (1054, "Unknown column 'violations_records.image_path' in 'field list'")
ERROR 2025-08-16 13:35:43,466 views 21732 38372 违规数据分析失败: (1054, "Unknown column 'violations_records.image_path' in 'field list'")
ERROR 2025-08-16 13:35:43,466 log 21732 38372 Internal Server Error: /monitor/api/violations/analytics/
ERROR 2025-08-16 13:35:43,467 basehttp 21732 38372 "GET /monitor/api/violations/analytics/?range=30d HTTP/1.1" 500 133
INFO 2025-08-16 13:36:43,453 views 21732 42140 违规数据分析请求: range=30d, query_all=False
ERROR 2025-08-16 13:36:43,460 services 21732 42140 违规数据分析失败: (1054, "Unknown column 'violations_records.image_path' in 'field list'")
ERROR 2025-08-16 13:36:43,461 views 21732 42140 违规数据分析失败: (1054, "Unknown column 'violations_records.image_path' in 'field list'")
ERROR 2025-08-16 13:36:43,462 log 21732 42140 Internal Server Error: /monitor/api/violations/analytics/
ERROR 2025-08-16 13:36:43,464 basehttp 21732 42140 "GET /monitor/api/violations/analytics/?range=30d HTTP/1.1" 500 133
INFO 2025-08-16 13:37:43,453 views 21732 11384 违规数据分析请求: range=30d, query_all=False
ERROR 2025-08-16 13:37:43,461 services 21732 11384 违规数据分析失败: (1054, "Unknown column 'violations_records.image_path' in 'field list'")
ERROR 2025-08-16 13:37:43,461 views 21732 11384 违规数据分析失败: (1054, "Unknown column 'violations_records.image_path' in 'field list'")
ERROR 2025-08-16 13:37:43,462 log 21732 11384 Internal Server Error: /monitor/api/violations/analytics/
ERROR 2025-08-16 13:37:43,462 basehttp 21732 11384 "GET /monitor/api/violations/analytics/?range=30d HTTP/1.1" 500 133
INFO 2025-08-16 13:38:43,446 views 21732 18752 违规数据分析请求: range=30d, query_all=False
ERROR 2025-08-16 13:38:43,452 services 21732 18752 违规数据分析失败: (1054, "Unknown column 'violations_records.image_path' in 'field list'")
ERROR 2025-08-16 13:38:43,452 views 21732 18752 违规数据分析失败: (1054, "Unknown column 'violations_records.image_path' in 'field list'")
ERROR 2025-08-16 13:38:43,453 log 21732 18752 Internal Server Error: /monitor/api/violations/analytics/
ERROR 2025-08-16 13:38:43,453 basehttp 21732 18752 "GET /monitor/api/violations/analytics/?range=30d HTTP/1.1" 500 133
INFO 2025-08-16 13:39:43,446 views 21732 42952 违规数据分析请求: range=30d, query_all=False
ERROR 2025-08-16 13:39:43,450 services 21732 42952 违规数据分析失败: (1054, "Unknown column 'violations_records.image_path' in 'field list'")
ERROR 2025-08-16 13:39:43,451 views 21732 42952 违规数据分析失败: (1054, "Unknown column 'violations_records.image_path' in 'field list'")
ERROR 2025-08-16 13:39:43,451 log 21732 42952 Internal Server Error: /monitor/api/violations/analytics/
ERROR 2025-08-16 13:39:43,452 basehttp 21732 42952 "GET /monitor/api/violations/analytics/?range=30d HTTP/1.1" 500 133
INFO 2025-08-16 13:40:43,456 views 21732 17688 违规数据分析请求: range=30d, query_all=False
ERROR 2025-08-16 13:40:43,461 services 21732 17688 违规数据分析失败: (1054, "Unknown column 'violations_records.image_path' in 'field list'")
ERROR 2025-08-16 13:40:43,461 views 21732 17688 违规数据分析失败: (1054, "Unknown column 'violations_records.image_path' in 'field list'")
ERROR 2025-08-16 13:40:43,461 log 21732 17688 Internal Server Error: /monitor/api/violations/analytics/
ERROR 2025-08-16 13:40:43,462 basehttp 21732 17688 "GET /monitor/api/violations/analytics/?range=30d HTTP/1.1" 500 133
INFO 2025-08-16 13:41:43,457 views 21732 41308 违规数据分析请求: range=30d, query_all=False
ERROR 2025-08-16 13:41:43,463 services 21732 41308 违规数据分析失败: (1054, "Unknown column 'violations_records.image_path' in 'field list'")
ERROR 2025-08-16 13:41:43,463 views 21732 41308 违规数据分析失败: (1054, "Unknown column 'violations_records.image_path' in 'field list'")
ERROR 2025-08-16 13:41:43,463 log 21732 41308 Internal Server Error: /monitor/api/violations/analytics/
ERROR 2025-08-16 13:41:43,463 basehttp 21732 41308 "GET /monitor/api/violations/analytics/?range=30d HTTP/1.1" 500 133
INFO 2025-08-16 13:42:43,456 views 21732 39308 违规数据分析请求: range=30d, query_all=False
ERROR 2025-08-16 13:42:43,464 services 21732 39308 违规数据分析失败: (1054, "Unknown column 'violations_records.image_path' in 'field list'")
ERROR 2025-08-16 13:42:43,465 views 21732 39308 违规数据分析失败: (1054, "Unknown column 'violations_records.image_path' in 'field list'")
ERROR 2025-08-16 13:42:43,465 log 21732 39308 Internal Server Error: /monitor/api/violations/analytics/
ERROR 2025-08-16 13:42:43,466 basehttp 21732 39308 "GET /monitor/api/violations/analytics/?range=30d HTTP/1.1" 500 133
INFO 2025-08-16 13:43:43,446 views 21732 34332 违规数据分析请求: range=30d, query_all=False
ERROR 2025-08-16 13:43:43,455 services 21732 34332 违规数据分析失败: (1054, "Unknown column 'violations_records.image_path' in 'field list'")
ERROR 2025-08-16 13:43:43,455 views 21732 34332 违规数据分析失败: (1054, "Unknown column 'violations_records.image_path' in 'field list'")
ERROR 2025-08-16 13:43:43,456 log 21732 34332 Internal Server Error: /monitor/api/violations/analytics/
ERROR 2025-08-16 13:43:43,456 basehttp 21732 34332 "GET /monitor/api/violations/analytics/?range=30d HTTP/1.1" 500 133
INFO 2025-08-16 13:44:43,459 views 21732 37312 违规数据分析请求: range=30d, query_all=False
ERROR 2025-08-16 13:44:43,464 services 21732 37312 违规数据分析失败: (1054, "Unknown column 'violations_records.image_path' in 'field list'")
ERROR 2025-08-16 13:44:43,464 views 21732 37312 违规数据分析失败: (1054, "Unknown column 'violations_records.image_path' in 'field list'")
ERROR 2025-08-16 13:44:43,465 log 21732 37312 Internal Server Error: /monitor/api/violations/analytics/
ERROR 2025-08-16 13:44:43,465 basehttp 21732 37312 "GET /monitor/api/violations/analytics/?range=30d HTTP/1.1" 500 133
INFO 2025-08-16 13:45:43,458 views 21732 39392 违规数据分析请求: range=30d, query_all=False
ERROR 2025-08-16 13:45:43,464 services 21732 39392 违规数据分析失败: (1054, "Unknown column 'violations_records.image_path' in 'field list'")
ERROR 2025-08-16 13:45:43,464 views 21732 39392 违规数据分析失败: (1054, "Unknown column 'violations_records.image_path' in 'field list'")
ERROR 2025-08-16 13:45:43,466 log 21732 39392 Internal Server Error: /monitor/api/violations/analytics/
ERROR 2025-08-16 13:45:43,466 basehttp 21732 39392 "GET /monitor/api/violations/analytics/?range=30d HTTP/1.1" 500 133
INFO 2025-08-16 13:46:43,453 views 21732 19920 违规数据分析请求: range=30d, query_all=False
ERROR 2025-08-16 13:46:43,460 services 21732 19920 违规数据分析失败: (1054, "Unknown column 'violations_records.image_path' in 'field list'")
ERROR 2025-08-16 13:46:43,460 views 21732 19920 违规数据分析失败: (1054, "Unknown column 'violations_records.image_path' in 'field list'")
ERROR 2025-08-16 13:46:43,461 log 21732 19920 Internal Server Error: /monitor/api/violations/analytics/
ERROR 2025-08-16 13:46:43,461 basehttp 21732 19920 "GET /monitor/api/violations/analytics/?range=30d HTTP/1.1" 500 133
INFO 2025-08-16 13:47:43,459 views 21732 40308 违规数据分析请求: range=30d, query_all=False
ERROR 2025-08-16 13:47:43,466 services 21732 40308 违规数据分析失败: (1054, "Unknown column 'violations_records.image_path' in 'field list'")
ERROR 2025-08-16 13:47:43,467 views 21732 40308 违规数据分析失败: (1054, "Unknown column 'violations_records.image_path' in 'field list'")
ERROR 2025-08-16 13:47:43,467 log 21732 40308 Internal Server Error: /monitor/api/violations/analytics/
ERROR 2025-08-16 13:47:43,469 basehttp 21732 40308 "GET /monitor/api/violations/analytics/?range=30d HTTP/1.1" 500 133
INFO 2025-08-16 13:48:43,453 views 21732 35012 违规数据分析请求: range=30d, query_all=False
ERROR 2025-08-16 13:48:43,459 services 21732 35012 违规数据分析失败: (1054, "Unknown column 'violations_records.image_path' in 'field list'")
ERROR 2025-08-16 13:48:43,460 views 21732 35012 违规数据分析失败: (1054, "Unknown column 'violations_records.image_path' in 'field list'")
ERROR 2025-08-16 13:48:43,460 log 21732 35012 Internal Server Error: /monitor/api/violations/analytics/
ERROR 2025-08-16 13:48:43,460 basehttp 21732 35012 "GET /monitor/api/violations/analytics/?range=30d HTTP/1.1" 500 133
INFO 2025-08-16 13:49:43,450 views 21732 41356 违规数据分析请求: range=30d, query_all=False
ERROR 2025-08-16 13:49:43,456 services 21732 41356 违规数据分析失败: (1054, "Unknown column 'violations_records.image_path' in 'field list'")
ERROR 2025-08-16 13:49:43,457 views 21732 41356 违规数据分析失败: (1054, "Unknown column 'violations_records.image_path' in 'field list'")
ERROR 2025-08-16 13:49:43,457 log 21732 41356 Internal Server Error: /monitor/api/violations/analytics/
ERROR 2025-08-16 13:49:43,458 basehttp 21732 41356 "GET /monitor/api/violations/analytics/?range=30d HTTP/1.1" 500 133
INFO 2025-08-16 13:50:43,450 views 21732 36608 违规数据分析请求: range=30d, query_all=False
ERROR 2025-08-16 13:50:43,458 services 21732 36608 违规数据分析失败: (1054, "Unknown column 'violations_records.image_path' in 'field list'")
ERROR 2025-08-16 13:50:43,459 views 21732 36608 违规数据分析失败: (1054, "Unknown column 'violations_records.image_path' in 'field list'")
ERROR 2025-08-16 13:50:43,459 log 21732 36608 Internal Server Error: /monitor/api/violations/analytics/
ERROR 2025-08-16 13:50:43,460 basehttp 21732 36608 "GET /monitor/api/violations/analytics/?range=30d HTTP/1.1" 500 133
INFO 2025-08-16 13:51:43,457 views 21732 23416 违规数据分析请求: range=30d, query_all=False
ERROR 2025-08-16 13:51:43,464 services 21732 23416 违规数据分析失败: (1054, "Unknown column 'violations_records.image_path' in 'field list'")
ERROR 2025-08-16 13:51:43,464 views 21732 23416 违规数据分析失败: (1054, "Unknown column 'violations_records.image_path' in 'field list'")
ERROR 2025-08-16 13:51:43,465 log 21732 23416 Internal Server Error: /monitor/api/violations/analytics/
ERROR 2025-08-16 13:51:43,465 basehttp 21732 23416 "GET /monitor/api/violations/analytics/?range=30d HTTP/1.1" 500 133
INFO 2025-08-16 13:52:43,450 views 21732 35836 违规数据分析请求: range=30d, query_all=False
ERROR 2025-08-16 13:52:43,456 services 21732 35836 违规数据分析失败: (1054, "Unknown column 'violations_records.image_path' in 'field list'")
ERROR 2025-08-16 13:52:43,456 views 21732 35836 违规数据分析失败: (1054, "Unknown column 'violations_records.image_path' in 'field list'")
ERROR 2025-08-16 13:52:43,457 log 21732 35836 Internal Server Error: /monitor/api/violations/analytics/
ERROR 2025-08-16 13:52:43,457 basehttp 21732 35836 "GET /monitor/api/violations/analytics/?range=30d HTTP/1.1" 500 133
INFO 2025-08-16 13:53:43,447 views 21732 17876 违规数据分析请求: range=30d, query_all=False
ERROR 2025-08-16 13:53:43,453 services 21732 17876 违规数据分析失败: (1054, "Unknown column 'violations_records.image_path' in 'field list'")
ERROR 2025-08-16 13:53:43,454 views 21732 17876 违规数据分析失败: (1054, "Unknown column 'violations_records.image_path' in 'field list'")
ERROR 2025-08-16 13:53:43,454 log 21732 17876 Internal Server Error: /monitor/api/violations/analytics/
ERROR 2025-08-16 13:53:43,455 basehttp 21732 17876 "GET /monitor/api/violations/analytics/?range=30d HTTP/1.1" 500 133
INFO 2025-08-16 13:54:43,455 views 21732 24608 违规数据分析请求: range=30d, query_all=False
ERROR 2025-08-16 13:54:43,459 services 21732 24608 违规数据分析失败: (1054, "Unknown column 'violations_records.image_path' in 'field list'")
ERROR 2025-08-16 13:54:43,460 views 21732 24608 违规数据分析失败: (1054, "Unknown column 'violations_records.image_path' in 'field list'")
ERROR 2025-08-16 13:54:43,461 log 21732 24608 Internal Server Error: /monitor/api/violations/analytics/
ERROR 2025-08-16 13:54:43,461 basehttp 21732 24608 "GET /monitor/api/violations/analytics/?range=30d HTTP/1.1" 500 133
INFO 2025-08-16 13:55:43,458 views 21732 33996 违规数据分析请求: range=30d, query_all=False
ERROR 2025-08-16 13:55:43,464 services 21732 33996 违规数据分析失败: (1054, "Unknown column 'violations_records.image_path' in 'field list'")
ERROR 2025-08-16 13:55:43,464 views 21732 33996 违规数据分析失败: (1054, "Unknown column 'violations_records.image_path' in 'field list'")
ERROR 2025-08-16 13:55:43,465 log 21732 33996 Internal Server Error: /monitor/api/violations/analytics/
ERROR 2025-08-16 13:55:43,465 basehttp 21732 33996 "GET /monitor/api/violations/analytics/?range=30d HTTP/1.1" 500 133
INFO 2025-08-16 13:56:43,459 views 21732 34652 违规数据分析请求: range=30d, query_all=False
ERROR 2025-08-16 13:56:43,466 services 21732 34652 违规数据分析失败: (1054, "Unknown column 'violations_records.image_path' in 'field list'")
ERROR 2025-08-16 13:56:43,467 views 21732 34652 违规数据分析失败: (1054, "Unknown column 'violations_records.image_path' in 'field list'")
ERROR 2025-08-16 13:56:43,467 log 21732 34652 Internal Server Error: /monitor/api/violations/analytics/
ERROR 2025-08-16 13:56:43,467 basehttp 21732 34652 "GET /monitor/api/violations/analytics/?range=30d HTTP/1.1" 500 133
INFO 2025-08-16 13:57:43,443 views 21732 39144 违规数据分析请求: range=30d, query_all=False
ERROR 2025-08-16 13:57:43,452 services 21732 39144 违规数据分析失败: (1054, "Unknown column 'violations_records.image_path' in 'field list'")
ERROR 2025-08-16 13:57:43,452 views 21732 39144 违规数据分析失败: (1054, "Unknown column 'violations_records.image_path' in 'field list'")
ERROR 2025-08-16 13:57:43,452 log 21732 39144 Internal Server Error: /monitor/api/violations/analytics/
ERROR 2025-08-16 13:57:43,453 basehttp 21732 39144 "GET /monitor/api/violations/analytics/?range=30d HTTP/1.1" 500 133
INFO 2025-08-16 13:58:43,453 views 21732 15716 违规数据分析请求: range=30d, query_all=False
ERROR 2025-08-16 13:58:43,458 services 21732 15716 违规数据分析失败: (1054, "Unknown column 'violations_records.image_path' in 'field list'")
ERROR 2025-08-16 13:58:43,459 views 21732 15716 违规数据分析失败: (1054, "Unknown column 'violations_records.image_path' in 'field list'")
ERROR 2025-08-16 13:58:43,459 log 21732 15716 Internal Server Error: /monitor/api/violations/analytics/
ERROR 2025-08-16 13:58:43,460 basehttp 21732 15716 "GET /monitor/api/violations/analytics/?range=30d HTTP/1.1" 500 133
INFO 2025-08-16 13:59:43,460 views 21732 44296 违规数据分析请求: range=30d, query_all=False
ERROR 2025-08-16 13:59:43,468 services 21732 44296 违规数据分析失败: (1054, "Unknown column 'violations_records.image_path' in 'field list'")
ERROR 2025-08-16 13:59:43,468 views 21732 44296 违规数据分析失败: (1054, "Unknown column 'violations_records.image_path' in 'field list'")
ERROR 2025-08-16 13:59:43,469 log 21732 44296 Internal Server Error: /monitor/api/violations/analytics/
ERROR 2025-08-16 13:59:43,469 basehttp 21732 44296 "GET /monitor/api/violations/analytics/?range=30d HTTP/1.1" 500 133
INFO 2025-08-16 14:01:04,601 views 21732 25524 违规数据分析请求: range=30d, query_all=False
ERROR 2025-08-16 14:01:04,607 services 21732 25524 违规数据分析失败: (1054, "Unknown column 'violations_records.image_path' in 'field list'")
ERROR 2025-08-16 14:01:04,607 views 21732 25524 违规数据分析失败: (1054, "Unknown column 'violations_records.image_path' in 'field list'")
ERROR 2025-08-16 14:01:04,608 log 21732 25524 Internal Server Error: /monitor/api/violations/analytics/
ERROR 2025-08-16 14:01:04,608 basehttp 21732 25524 "GET /monitor/api/violations/analytics/?range=30d HTTP/1.1" 500 133
INFO 2025-08-16 14:02:43,459 views 21732 42472 违规数据分析请求: range=30d, query_all=False
ERROR 2025-08-16 14:02:43,468 services 21732 42472 违规数据分析失败: (1054, "Unknown column 'violations_records.image_path' in 'field list'")
ERROR 2025-08-16 14:02:43,468 views 21732 42472 违规数据分析失败: (1054, "Unknown column 'violations_records.image_path' in 'field list'")
ERROR 2025-08-16 14:02:43,469 log 21732 42472 Internal Server Error: /monitor/api/violations/analytics/
ERROR 2025-08-16 14:02:43,469 basehttp 21732 42472 "GET /monitor/api/violations/analytics/?range=30d HTTP/1.1" 500 133
INFO 2025-08-16 14:03:43,452 views 21732 14664 违规数据分析请求: range=30d, query_all=False
ERROR 2025-08-16 14:03:43,459 services 21732 14664 违规数据分析失败: (1054, "Unknown column 'violations_records.image_path' in 'field list'")
ERROR 2025-08-16 14:03:43,461 views 21732 14664 违规数据分析失败: (1054, "Unknown column 'violations_records.image_path' in 'field list'")
ERROR 2025-08-16 14:03:43,461 log 21732 14664 Internal Server Error: /monitor/api/violations/analytics/
ERROR 2025-08-16 14:03:43,461 basehttp 21732 14664 "GET /monitor/api/violations/analytics/?range=30d HTTP/1.1" 500 133
INFO 2025-08-16 14:04:43,456 views 21732 22108 违规数据分析请求: range=30d, query_all=False
ERROR 2025-08-16 14:04:43,463 services 21732 22108 违规数据分析失败: (1054, "Unknown column 'violations_records.image_path' in 'field list'")
ERROR 2025-08-16 14:04:43,464 views 21732 22108 违规数据分析失败: (1054, "Unknown column 'violations_records.image_path' in 'field list'")
ERROR 2025-08-16 14:04:43,465 log 21732 22108 Internal Server Error: /monitor/api/violations/analytics/
ERROR 2025-08-16 14:04:43,465 basehttp 21732 22108 "GET /monitor/api/violations/analytics/?range=30d HTTP/1.1" 500 133
INFO 2025-08-16 14:05:43,453 views 21732 740 违规数据分析请求: range=30d, query_all=False
ERROR 2025-08-16 14:05:43,459 services 21732 740 违规数据分析失败: (1054, "Unknown column 'violations_records.image_path' in 'field list'")
ERROR 2025-08-16 14:05:43,459 views 21732 740 违规数据分析失败: (1054, "Unknown column 'violations_records.image_path' in 'field list'")
ERROR 2025-08-16 14:05:43,460 log 21732 740 Internal Server Error: /monitor/api/violations/analytics/
ERROR 2025-08-16 14:05:43,461 basehttp 21732 740 "GET /monitor/api/violations/analytics/?range=30d HTTP/1.1" 500 133
INFO 2025-08-16 14:06:43,453 views 21732 44820 违规数据分析请求: range=30d, query_all=False
ERROR 2025-08-16 14:06:43,459 services 21732 44820 违规数据分析失败: (1054, "Unknown column 'violations_records.image_path' in 'field list'")
ERROR 2025-08-16 14:06:43,459 views 21732 44820 违规数据分析失败: (1054, "Unknown column 'violations_records.image_path' in 'field list'")
ERROR 2025-08-16 14:06:43,460 log 21732 44820 Internal Server Error: /monitor/api/violations/analytics/
ERROR 2025-08-16 14:06:43,460 basehttp 21732 44820 "GET /monitor/api/violations/analytics/?range=30d HTTP/1.1" 500 133
INFO 2025-08-16 14:07:43,457 views 21732 40688 违规数据分析请求: range=30d, query_all=False
ERROR 2025-08-16 14:07:43,466 services 21732 40688 违规数据分析失败: (1054, "Unknown column 'violations_records.image_path' in 'field list'")
ERROR 2025-08-16 14:07:43,466 views 21732 40688 违规数据分析失败: (1054, "Unknown column 'violations_records.image_path' in 'field list'")
ERROR 2025-08-16 14:07:43,466 log 21732 40688 Internal Server Error: /monitor/api/violations/analytics/
ERROR 2025-08-16 14:07:43,467 basehttp 21732 40688 "GET /monitor/api/violations/analytics/?range=30d HTTP/1.1" 500 133
INFO 2025-08-16 14:08:43,458 views 21732 8864 违规数据分析请求: range=30d, query_all=False
ERROR 2025-08-16 14:08:43,465 services 21732 8864 违规数据分析失败: (1054, "Unknown column 'violations_records.image_path' in 'field list'")
ERROR 2025-08-16 14:08:43,466 views 21732 8864 违规数据分析失败: (1054, "Unknown column 'violations_records.image_path' in 'field list'")
ERROR 2025-08-16 14:08:43,467 log 21732 8864 Internal Server Error: /monitor/api/violations/analytics/
ERROR 2025-08-16 14:08:43,467 basehttp 21732 8864 "GET /monitor/api/violations/analytics/?range=30d HTTP/1.1" 500 133
INFO 2025-08-16 14:09:43,444 views 21732 34764 违规数据分析请求: range=30d, query_all=False
ERROR 2025-08-16 14:09:43,450 services 21732 34764 违规数据分析失败: (1054, "Unknown column 'violations_records.image_path' in 'field list'")
ERROR 2025-08-16 14:09:43,450 views 21732 34764 违规数据分析失败: (1054, "Unknown column 'violations_records.image_path' in 'field list'")
ERROR 2025-08-16 14:09:43,450 log 21732 34764 Internal Server Error: /monitor/api/violations/analytics/
ERROR 2025-08-16 14:09:43,451 basehttp 21732 34764 "GET /monitor/api/violations/analytics/?range=30d HTTP/1.1" 500 133
INFO 2025-08-16 14:10:43,444 views 21732 18912 违规数据分析请求: range=30d, query_all=False
ERROR 2025-08-16 14:10:43,449 services 21732 18912 违规数据分析失败: (1054, "Unknown column 'violations_records.image_path' in 'field list'")
ERROR 2025-08-16 14:10:43,449 views 21732 18912 违规数据分析失败: (1054, "Unknown column 'violations_records.image_path' in 'field list'")
ERROR 2025-08-16 14:10:43,450 log 21732 18912 Internal Server Error: /monitor/api/violations/analytics/
ERROR 2025-08-16 14:10:43,451 basehttp 21732 18912 "GET /monitor/api/violations/analytics/?range=30d HTTP/1.1" 500 133
INFO 2025-08-16 14:11:43,453 views 21732 39748 违规数据分析请求: range=30d, query_all=False
ERROR 2025-08-16 14:11:43,460 services 21732 39748 违规数据分析失败: (1054, "Unknown column 'violations_records.image_path' in 'field list'")
ERROR 2025-08-16 14:11:43,460 views 21732 39748 违规数据分析失败: (1054, "Unknown column 'violations_records.image_path' in 'field list'")
ERROR 2025-08-16 14:11:43,461 log 21732 39748 Internal Server Error: /monitor/api/violations/analytics/
ERROR 2025-08-16 14:11:43,461 basehttp 21732 39748 "GET /monitor/api/violations/analytics/?range=30d HTTP/1.1" 500 133
INFO 2025-08-16 14:12:01,368 views 21732 35016 违规数据分析请求: range=30d, query_all=False
ERROR 2025-08-16 14:12:01,374 services 21732 35016 违规数据分析失败: (1054, "Unknown column 'violations_records.image_path' in 'field list'")
ERROR 2025-08-16 14:12:01,374 views 21732 35016 违规数据分析失败: (1054, "Unknown column 'violations_records.image_path' in 'field list'")
ERROR 2025-08-16 14:12:01,374 log 21732 35016 Internal Server Error: /monitor/api/violations/analytics/
ERROR 2025-08-16 14:12:01,375 basehttp 21732 35016 "GET /monitor/api/violations/analytics/?range=30d HTTP/1.1" 500 133
INFO 2025-08-16 14:33:58,092 views 21732 26044 违规数据分析请求: range=24h, query_all=False
ERROR 2025-08-16 14:33:58,101 services 21732 26044 违规数据分析失败: (1054, "Unknown column 'violations_records.image_path' in 'field list'")
ERROR 2025-08-16 14:33:58,101 views 21732 26044 违规数据分析失败: (1054, "Unknown column 'violations_records.image_path' in 'field list'")
ERROR 2025-08-16 14:33:58,102 log 21732 26044 Internal Server Error: /monitor/api/violations/analytics/
ERROR 2025-08-16 14:33:58,102 basehttp 21732 26044 "GET /monitor/api/violations/analytics/?range=24h HTTP/1.1" 500 133
INFO 2025-08-16 14:34:03,679 views 21732 26044 违规数据分析请求: range=24h, query_all=False
ERROR 2025-08-16 14:34:03,684 services 21732 26044 违规数据分析失败: (1054, "Unknown column 'violations_records.image_path' in 'field list'")
ERROR 2025-08-16 14:34:03,685 views 21732 26044 违规数据分析失败: (1054, "Unknown column 'violations_records.image_path' in 'field list'")
ERROR 2025-08-16 14:34:03,685 log 21732 26044 Internal Server Error: /monitor/api/violations/analytics/
ERROR 2025-08-16 14:34:03,685 basehttp 21732 26044 "GET /monitor/api/violations/analytics/?range=24h HTTP/1.1" 500 133
INFO 2025-08-16 14:34:19,798 views 21732 26044 违规数据分析请求: range=24h, query_all=False
ERROR 2025-08-16 14:34:19,802 services 21732 26044 违规数据分析失败: (1054, "Unknown column 'violations_records.image_path' in 'field list'")
ERROR 2025-08-16 14:34:19,802 views 21732 26044 违规数据分析失败: (1054, "Unknown column 'violations_records.image_path' in 'field list'")
ERROR 2025-08-16 14:34:19,803 log 21732 26044 Internal Server Error: /monitor/api/violations/analytics/
ERROR 2025-08-16 14:34:19,803 basehttp 21732 26044 "GET /monitor/api/violations/analytics/?range=24h HTTP/1.1" 500 133
INFO 2025-08-16 14:35:20,109 views 21732 34436 违规数据分析请求: range=24h, query_all=False
ERROR 2025-08-16 14:35:20,118 services 21732 34436 违规数据分析失败: (1054, "Unknown column 'violations_records.image_path' in 'field list'")
ERROR 2025-08-16 14:35:20,118 views 21732 34436 违规数据分析失败: (1054, "Unknown column 'violations_records.image_path' in 'field list'")
ERROR 2025-08-16 14:35:20,119 log 21732 34436 Internal Server Error: /monitor/api/violations/analytics/
ERROR 2025-08-16 14:35:20,119 basehttp 21732 34436 "GET /monitor/api/violations/analytics/?range=24h HTTP/1.1" 500 133
INFO 2025-08-16 14:36:20,107 views 21732 22016 违规数据分析请求: range=24h, query_all=False
ERROR 2025-08-16 14:36:20,113 services 21732 22016 违规数据分析失败: (1054, "Unknown column 'violations_records.image_path' in 'field list'")
ERROR 2025-08-16 14:36:20,113 views 21732 22016 违规数据分析失败: (1054, "Unknown column 'violations_records.image_path' in 'field list'")
ERROR 2025-08-16 14:36:20,114 log 21732 22016 Internal Server Error: /monitor/api/violations/analytics/
ERROR 2025-08-16 14:36:20,114 basehttp 21732 22016 "GET /monitor/api/violations/analytics/?range=24h HTTP/1.1" 500 133
INFO 2025-08-16 14:37:20,752 views 21732 44096 违规数据分析请求: range=24h, query_all=False
ERROR 2025-08-16 14:37:20,758 services 21732 44096 违规数据分析失败: (1054, "Unknown column 'violations_records.image_path' in 'field list'")
ERROR 2025-08-16 14:37:20,759 views 21732 44096 违规数据分析失败: (1054, "Unknown column 'violations_records.image_path' in 'field list'")
ERROR 2025-08-16 14:37:20,760 log 21732 44096 Internal Server Error: /monitor/api/violations/analytics/
ERROR 2025-08-16 14:37:20,761 basehttp 21732 44096 "GET /monitor/api/violations/analytics/?range=24h HTTP/1.1" 500 133
INFO 2025-08-16 14:38:20,761 views 21732 36672 违规数据分析请求: range=24h, query_all=False
ERROR 2025-08-16 14:38:20,767 services 21732 36672 违规数据分析失败: (1054, "Unknown column 'violations_records.image_path' in 'field list'")
ERROR 2025-08-16 14:38:20,767 views 21732 36672 违规数据分析失败: (1054, "Unknown column 'violations_records.image_path' in 'field list'")
ERROR 2025-08-16 14:38:20,769 log 21732 36672 Internal Server Error: /monitor/api/violations/analytics/
ERROR 2025-08-16 14:38:20,769 basehttp 21732 36672 "GET /monitor/api/violations/analytics/?range=24h HTTP/1.1" 500 133
WARNING 2025-08-16 14:39:56,534 log 21732 15816 Method Not Allowed (OPTIONS): /monitor/api/violations/analytics/
WARNING 2025-08-16 14:39:56,538 basehttp 21732 15816 "OPTIONS /monitor/api/violations/analytics/?range=24h HTTP/1.1" 405 0
WARNING 2025-08-16 14:40:17,674 log 21732 15816 Method Not Allowed (OPTIONS): /monitor/api/violations/analytics/
WARNING 2025-08-16 14:40:17,675 basehttp 21732 15816 "OPTIONS /monitor/api/violations/analytics/?range=24h HTTP/1.1" 405 0
WARNING 2025-08-16 14:41:12,478 log 21732 15816 Method Not Allowed (OPTIONS): /monitor/api/violations/analytics/
WARNING 2025-08-16 14:41:12,479 basehttp 21732 15816 "OPTIONS /monitor/api/violations/analytics/?range=24h HTTP/1.1" 405 0
WARNING 2025-08-16 14:42:13,760 log 21732 17060 Method Not Allowed (OPTIONS): /monitor/api/violations/analytics/
WARNING 2025-08-16 14:42:13,761 basehttp 21732 17060 "OPTIONS /monitor/api/violations/analytics/?range=24h HTTP/1.1" 405 0
WARNING 2025-08-16 14:43:13,445 log 21732 17060 Method Not Allowed (OPTIONS): /monitor/api/violations/analytics/
WARNING 2025-08-16 14:43:13,445 basehttp 21732 17060 "OPTIONS /monitor/api/violations/analytics/?range=24h HTTP/1.1" 405 0
WARNING 2025-08-16 14:44:13,457 log 21732 17060 Method Not Allowed (OPTIONS): /monitor/api/violations/analytics/
WARNING 2025-08-16 14:44:13,457 basehttp 21732 17060 "OPTIONS /monitor/api/violations/analytics/?range=24h HTTP/1.1" 405 0
WARNING 2025-08-16 14:45:13,455 log 21732 17060 Method Not Allowed (OPTIONS): /monitor/api/violations/analytics/
WARNING 2025-08-16 14:45:13,456 basehttp 21732 17060 "OPTIONS /monitor/api/violations/analytics/?range=24h HTTP/1.1" 405 0
WARNING 2025-08-16 14:46:12,725 log 21732 17060 Method Not Allowed (OPTIONS): /monitor/api/violations/analytics/
WARNING 2025-08-16 14:46:12,725 basehttp 21732 17060 "OPTIONS /monitor/api/violations/analytics/?range=24h HTTP/1.1" 405 0
WARNING 2025-08-16 14:47:04,095 log 21732 17060 Method Not Allowed (OPTIONS): /monitor/api/violations/analytics/
WARNING 2025-08-16 14:47:04,096 basehttp 21732 17060 "OPTIONS /monitor/api/violations/analytics/?range=24h HTTP/1.1" 405 0
WARNING 2025-08-16 14:48:04,113 log 21732 17060 Method Not Allowed (OPTIONS): /monitor/api/violations/analytics/
WARNING 2025-08-16 14:48:04,114 basehttp 21732 17060 "OPTIONS /monitor/api/violations/analytics/?range=24h HTTP/1.1" 405 0
WARNING 2025-08-16 14:48:54,048 log 21732 17060 Method Not Allowed (OPTIONS): /monitor/api/violations/analytics/
WARNING 2025-08-16 14:48:54,049 basehttp 21732 17060 "OPTIONS /monitor/api/violations/analytics/?range=24h HTTP/1.1" 405 0
WARNING 2025-08-16 14:49:54,055 log 21732 17060 Method Not Allowed (OPTIONS): /monitor/api/violations/analytics/
WARNING 2025-08-16 14:49:54,056 basehttp 21732 17060 "OPTIONS /monitor/api/violations/analytics/?range=24h HTTP/1.1" 405 0
WARNING 2025-08-16 14:50:04,309 log 21732 17060 Method Not Allowed (OPTIONS): /monitor/api/violations/analytics/
WARNING 2025-08-16 14:50:04,309 basehttp 21732 17060 "OPTIONS /monitor/api/violations/analytics/?range=30d HTTP/1.1" 405 0
WARNING 2025-08-16 14:50:07,378 log 21732 17060 Method Not Allowed (OPTIONS): /monitor/api/violations/analytics/
WARNING 2025-08-16 14:50:07,378 basehttp 21732 17060 "OPTIONS /monitor/api/violations/analytics/?range=30d HTTP/1.1" 405 0
WARNING 2025-08-16 14:50:54,447 log 21732 17060 Method Not Allowed (OPTIONS): /monitor/api/violations/analytics/
WARNING 2025-08-16 14:50:54,448 basehttp 21732 17060 "OPTIONS /monitor/api/violations/analytics/?range=30d HTTP/1.1" 405 0
WARNING 2025-08-16 14:51:54,364 log 21732 39520 Method Not Allowed (OPTIONS): /monitor/api/violations/analytics/
WARNING 2025-08-16 14:51:54,365 basehttp 21732 39520 "OPTIONS /monitor/api/violations/analytics/?range=30d HTTP/1.1" 405 0
WARNING 2025-08-16 14:52:54,063 log 21732 39520 Method Not Allowed (OPTIONS): /monitor/api/violations/analytics/
WARNING 2025-08-16 14:52:54,064 basehttp 21732 39520 "OPTIONS /monitor/api/violations/analytics/?range=30d HTTP/1.1" 405 0
WARNING 2025-08-16 14:53:54,051 log 21732 39520 Method Not Allowed (OPTIONS): /monitor/api/violations/analytics/
WARNING 2025-08-16 14:53:54,052 basehttp 21732 39520 "OPTIONS /monitor/api/violations/analytics/?range=30d HTTP/1.1" 405 0
WARNING 2025-08-16 14:54:54,773 log 21732 42736 Method Not Allowed (OPTIONS): /monitor/api/violations/analytics/
WARNING 2025-08-16 14:54:54,774 basehttp 21732 42736 "OPTIONS /monitor/api/violations/analytics/?range=30d HTTP/1.1" 405 0
WARNING 2025-08-16 14:56:23,745 log 21732 2776 Method Not Allowed (OPTIONS): /monitor/api/violations/analytics/
WARNING 2025-08-16 14:56:23,745 basehttp 21732 2776 "OPTIONS /monitor/api/violations/analytics/?range=30d HTTP/1.1" 405 0
WARNING 2025-08-16 14:57:24,443 log 21732 2776 Method Not Allowed (OPTIONS): /monitor/api/violations/analytics/
WARNING 2025-08-16 14:57:24,444 basehttp 21732 2776 "OPTIONS /monitor/api/violations/analytics/?range=30d HTTP/1.1" 405 0
WARNING 2025-08-16 14:58:25,444 log 21732 2776 Method Not Allowed (OPTIONS): /monitor/api/violations/analytics/
WARNING 2025-08-16 14:58:25,445 basehttp 21732 2776 "OPTIONS /monitor/api/violations/analytics/?range=30d HTTP/1.1" 405 0
WARNING 2025-08-16 14:59:26,443 log 21732 2776 Method Not Allowed (OPTIONS): /monitor/api/violations/analytics/
WARNING 2025-08-16 14:59:26,443 basehttp 21732 2776 "OPTIONS /monitor/api/violations/analytics/?range=30d HTTP/1.1" 405 0
WARNING 2025-08-16 15:00:27,449 log 21732 2776 Method Not Allowed (OPTIONS): /monitor/api/violations/analytics/
WARNING 2025-08-16 15:00:27,449 basehttp 21732 2776 "OPTIONS /monitor/api/violations/analytics/?range=30d HTTP/1.1" 405 0
WARNING 2025-08-16 15:01:28,442 log 21732 2776 Method Not Allowed (OPTIONS): /monitor/api/violations/analytics/
WARNING 2025-08-16 15:01:28,442 basehttp 21732 2776 "OPTIONS /monitor/api/violations/analytics/?range=30d HTTP/1.1" 405 0
WARNING 2025-08-16 15:02:29,442 log 21732 2776 Method Not Allowed (OPTIONS): /monitor/api/violations/analytics/
WARNING 2025-08-16 15:02:29,443 basehttp 21732 2776 "OPTIONS /monitor/api/violations/analytics/?range=30d HTTP/1.1" 405 0
WARNING 2025-08-16 15:03:30,745 log 21732 40424 Method Not Allowed (OPTIONS): /monitor/api/violations/analytics/
WARNING 2025-08-16 15:03:30,746 basehttp 21732 40424 "OPTIONS /monitor/api/violations/analytics/?range=30d HTTP/1.1" 405 0
INFO 2025-08-16 15:04:15,149 autoreload 21732 40840 C:\Users\15006\Desktop\catering-environment-behavior-detection-main\backend\apps\monitor\views.py changed, reloading.
INFO 2025-08-16 15:04:16,888 autoreload 41588 36084 Watching for file changes with StatReloader
INFO 2025-08-16 15:05:24,374 autoreload 41588 36084 C:\Users\15006\Desktop\catering-environment-behavior-detection-main\backend\apps\monitor\views.py changed, reloading.
INFO 2025-08-16 15:05:25,410 autoreload 24884 35016 Watching for file changes with StatReloader
WARNING 2025-08-16 15:07:00,658 log 24884 44108 Method Not Allowed (OPTIONS): /monitor/api/violations/analytics/
WARNING 2025-08-16 15:07:00,659 basehttp 24884 44108 "OPTIONS /monitor/api/violations/analytics/?range=24h HTTP/1.1" 405 0
INFO 2025-08-16 16:47:24,877 autoreload 28540 11400 Watching for file changes with StatReloader
WARNING 2025-08-16 16:47:41,368 log 28540 24076 Method Not Allowed (OPTIONS): /monitor/api/violations/analytics/
WARNING 2025-08-16 16:47:41,369 basehttp 28540 24076 "OPTIONS /monitor/api/violations/analytics/?range=24h HTTP/1.1" 405 0
INFO 2025-08-16 16:47:44,838 views 28540 34652 违规数据分析请求: range=24h, query_all=False
INFO 2025-08-16 16:47:44,850 services 28540 34652 违规数据分析完成: 0条记录, 0次违规
INFO 2025-08-16 16:47:44,851 views 28540 34652 违规数据分析完成: 0条记录
INFO 2025-08-16 16:47:44,852 basehttp 28540 34652 "GET /monitor/api/violations/analytics/?range=24h HTTP/1.1" 200 481
INFO 2025-08-16 16:47:46,482 views 28540 40800 违规数据分析请求: range=all, query_all=True
INFO 2025-08-16 16:47:46,496 services 28540 40800 违规数据分析完成: 70条记录, 970次违规
INFO 2025-08-16 16:47:46,497 views 28540 40800 违规数据分析完成: 70条记录
INFO 2025-08-16 16:47:46,498 basehttp 28540 40800 "GET /monitor/api/violations/analytics/?range=all&all=true HTTP/1.1" 200 2406
INFO 2025-08-16 16:48:45,451 views 28540 15932 违规数据分析请求: range=all, query_all=True
INFO 2025-08-16 16:48:45,461 services 28540 15932 违规数据分析完成: 70条记录, 970次违规
INFO 2025-08-16 16:48:45,462 views 28540 15932 违规数据分析完成: 70条记录
INFO 2025-08-16 16:48:45,463 basehttp 28540 15932 "GET /monitor/api/violations/analytics/?range=all&all=true HTTP/1.1" 200 2406
INFO 2025-08-16 16:49:45,449 views 28540 23320 违规数据分析请求: range=all, query_all=True
INFO 2025-08-16 16:49:45,463 services 28540 23320 违规数据分析完成: 70条记录, 970次违规
INFO 2025-08-16 16:49:45,463 views 28540 23320 违规数据分析完成: 70条记录
INFO 2025-08-16 16:49:45,465 basehttp 28540 23320 "GET /monitor/api/violations/analytics/?range=all&all=true HTTP/1.1" 200 2406
INFO 2025-08-16 16:50:45,461 views 28540 42336 违规数据分析请求: range=all, query_all=True
INFO 2025-08-16 16:50:45,471 services 28540 42336 违规数据分析完成: 70条记录, 970次违规
INFO 2025-08-16 16:50:45,472 views 28540 42336 违规数据分析完成: 70条记录
INFO 2025-08-16 16:50:45,473 basehttp 28540 42336 "GET /monitor/api/violations/analytics/?range=all&all=true HTTP/1.1" 200 2406
INFO 2025-08-16 16:51:45,451 views 28540 23352 违规数据分析请求: range=all, query_all=True
INFO 2025-08-16 16:51:45,466 services 28540 23352 违规数据分析完成: 70条记录, 970次违规
INFO 2025-08-16 16:51:45,467 views 28540 23352 违规数据分析完成: 70条记录
INFO 2025-08-16 16:51:45,467 basehttp 28540 23352 "GET /monitor/api/violations/analytics/?range=all&all=true HTTP/1.1" 200 2406
INFO 2025-08-16 16:52:45,459 views 28540 44968 违规数据分析请求: range=all, query_all=True
INFO 2025-08-16 16:52:45,469 services 28540 44968 违规数据分析完成: 70条记录, 970次违规
INFO 2025-08-16 16:52:45,470 views 28540 44968 违规数据分析完成: 70条记录
INFO 2025-08-16 16:52:45,470 basehttp 28540 44968 "GET /monitor/api/violations/analytics/?range=all&all=true HTTP/1.1" 200 2406
INFO 2025-08-16 16:53:44,846 views 28540 40856 违规数据分析请求: range=all, query_all=True
INFO 2025-08-16 16:53:44,862 services 28540 40856 违规数据分析完成: 70条记录, 970次违规
INFO 2025-08-16 16:53:44,864 views 28540 40856 违规数据分析完成: 70条记录
INFO 2025-08-16 16:53:44,865 basehttp 28540 40856 "GET /monitor/api/violations/analytics/?range=all&all=true HTTP/1.1" 200 2406
INFO 2025-08-16 16:54:44,854 views 28540 2416 违规数据分析请求: range=all, query_all=True
INFO 2025-08-16 16:54:44,867 services 28540 2416 违规数据分析完成: 70条记录, 970次违规
INFO 2025-08-16 16:54:44,868 views 28540 2416 违规数据分析完成: 70条记录
INFO 2025-08-16 16:54:44,869 basehttp 28540 2416 "GET /monitor/api/violations/analytics/?range=all&all=true HTTP/1.1" 200 2406
INFO 2025-08-16 16:55:45,446 views 28540 44980 违规数据分析请求: range=all, query_all=True
INFO 2025-08-16 16:55:45,457 services 28540 44980 违规数据分析完成: 70条记录, 970次违规
INFO 2025-08-16 16:55:45,458 views 28540 44980 违规数据分析完成: 70条记录
INFO 2025-08-16 16:55:45,459 basehttp 28540 44980 "GET /monitor/api/violations/analytics/?range=all&all=true HTTP/1.1" 200 2406
INFO 2025-08-16 16:57:43,454 views 28540 40352 违规数据分析请求: range=all, query_all=True
INFO 2025-08-16 16:57:43,466 services 28540 40352 违规数据分析完成: 70条记录, 970次违规
INFO 2025-08-16 16:57:43,467 views 28540 40352 违规数据分析完成: 70条记录
INFO 2025-08-16 16:57:43,469 basehttp 28540 40352 "GET /monitor/api/violations/analytics/?range=all&all=true HTTP/1.1" 200 2406
WARNING 2025-08-16 16:58:43,969 log 28540 16976 Method Not Allowed (OPTIONS): /monitor/api/violations/analytics/
WARNING 2025-08-16 16:58:43,971 basehttp 28540 16976 "OPTIONS /monitor/api/violations/analytics/?range=24h HTTP/1.1" 405 0
INFO 2025-08-16 16:58:45,563 views 28540 23716 违规数据分析请求: range=24h, query_all=False
INFO 2025-08-16 16:58:45,572 services 28540 23716 违规数据分析完成: 0条记录, 0次违规
INFO 2025-08-16 16:58:45,572 views 28540 23716 违规数据分析完成: 0条记录
INFO 2025-08-16 16:58:45,573 basehttp 28540 23716 "GET /monitor/api/violations/analytics/?range=24h HTTP/1.1" 200 481
INFO 2025-08-16 16:58:49,806 views 28540 43640 违规数据分析请求: range=all, query_all=True
INFO 2025-08-16 16:58:49,819 services 28540 43640 违规数据分析完成: 70条记录, 970次违规
INFO 2025-08-16 16:58:49,819 views 28540 43640 违规数据分析完成: 70条记录
INFO 2025-08-16 16:58:49,821 basehttp 28540 43640 "GET /monitor/api/violations/analytics/?range=all&all=true HTTP/1.1" 200 2406
INFO 2025-08-16 16:59:43,452 views 28540 37444 违规数据分析请求: range=all, query_all=True
INFO 2025-08-16 16:59:43,460 services 28540 37444 违规数据分析完成: 70条记录, 970次违规
INFO 2025-08-16 16:59:43,461 views 28540 37444 违规数据分析完成: 70条记录
INFO 2025-08-16 16:59:43,462 basehttp 28540 37444 "GET /monitor/api/violations/analytics/?range=all&all=true HTTP/1.1" 200 2406
INFO 2025-08-16 16:59:46,458 views 28540 38100 违规数据分析请求: range=all, query_all=True
INFO 2025-08-16 16:59:46,467 services 28540 38100 违规数据分析完成: 70条记录, 970次违规
INFO 2025-08-16 16:59:46,468 views 28540 38100 违规数据分析完成: 70条记录
INFO 2025-08-16 16:59:46,469 basehttp 28540 38100 "GET /monitor/api/violations/analytics/?range=all&all=true HTTP/1.1" 200 2406
INFO 2025-08-16 17:00:46,452 views 28540 30972 违规数据分析请求: range=all, query_all=True
INFO 2025-08-16 17:00:46,461 services 28540 30972 违规数据分析完成: 70条记录, 970次违规
INFO 2025-08-16 17:00:46,461 views 28540 30972 违规数据分析完成: 70条记录
INFO 2025-08-16 17:00:46,462 basehttp 28540 30972 "GET /monitor/api/violations/analytics/?range=all&all=true HTTP/1.1" 200 2406
INFO 2025-08-16 17:01:43,448 views 28540 35136 违规数据分析请求: range=all, query_all=True
INFO 2025-08-16 17:01:43,457 services 28540 35136 违规数据分析完成: 70条记录, 970次违规
INFO 2025-08-16 17:01:43,457 views 28540 35136 违规数据分析完成: 70条记录
INFO 2025-08-16 17:01:43,459 basehttp 28540 35136 "GET /monitor/api/violations/analytics/?range=all&all=true HTTP/1.1" 200 2406
INFO 2025-08-16 17:01:46,449 views 28540 40032 违规数据分析请求: range=all, query_all=True
INFO 2025-08-16 17:01:46,458 services 28540 40032 违规数据分析完成: 70条记录, 970次违规
INFO 2025-08-16 17:01:46,458 views 28540 40032 违规数据分析完成: 70条记录
INFO 2025-08-16 17:01:46,459 basehttp 28540 40032 "GET /monitor/api/violations/analytics/?range=all&all=true HTTP/1.1" 200 2406
WARNING 2025-08-16 17:03:03,281 log 28540 20552 Method Not Allowed (OPTIONS): /monitor/api/violations/analytics/
WARNING 2025-08-16 17:03:03,281 basehttp 28540 20552 "OPTIONS /monitor/api/violations/analytics/?range=24h HTTP/1.1" 405 0
WARNING 2025-08-16 17:03:35,645 log 28540 20552 Not Found: /api/violations/analytics
WARNING 2025-08-16 17:03:35,646 basehttp 28540 20552 "GET /api/violations/analytics?range=24h HTTP/1.1" 404 3427
WARNING 2025-08-16 17:03:41,147 log 28540 20552 Not Found: /api/violations/analytics
WARNING 2025-08-16 17:03:41,147 basehttp 28540 20552 "GET /api/violations/analytics?range=24h HTTP/1.1" 404 3427
INFO 2025-08-16 17:03:43,448 views 28540 35472 违规数据分析请求: range=all, query_all=True
INFO 2025-08-16 17:03:43,456 services 28540 35472 违规数据分析完成: 70条记录, 970次违规
INFO 2025-08-16 17:03:43,457 views 28540 35472 违规数据分析完成: 70条记录
INFO 2025-08-16 17:03:43,458 basehttp 28540 35472 "GET /monitor/api/violations/analytics/?range=all&all=true HTTP/1.1" 200 2406
WARNING 2025-08-16 17:04:09,747 log 28540 15728 Not Found: /violations/analytics
WARNING 2025-08-16 17:04:09,748 basehttp 28540 15728 "GET /violations/analytics?range=24h HTTP/1.1" 404 3415
WARNING 2025-08-16 17:04:15,242 log 28540 34652 Not Found: /violations/analytics
WARNING 2025-08-16 17:04:15,242 basehttp 28540 34652 "GET /violations/analytics?range=24h HTTP/1.1" 404 3415
WARNING 2025-08-16 17:04:18,748 log 28540 34652 Not Found: /violations/analytics
WARNING 2025-08-16 17:04:18,748 basehttp 28540 34652 "GET /violations/analytics?range=24h HTTP/1.1" 404 3415
WARNING 2025-08-16 17:05:04,906 log 28540 34652 Not Found: /violations/analytics
WARNING 2025-08-16 17:05:04,906 basehttp 28540 34652 "GET /violations/analytics?range=30d HTTP/1.1" 404 3415
WARNING 2025-08-16 17:05:09,197 log 28540 34652 Not Found: /violations/analytics
WARNING 2025-08-16 17:05:09,198 basehttp 28540 34652 "GET /violations/analytics?range=30d HTTP/1.1" 404 3415
WARNING 2025-08-16 17:05:18,485 log 28540 42716 Not Found: /violations/analytics
WARNING 2025-08-16 17:05:18,486 basehttp 28540 42716 "GET /violations/analytics?range=30d HTTP/1.1" 404 3415
WARNING 2025-08-16 17:05:18,497 log 28540 42716 Not Found: /api/violations/analytics
WARNING 2025-08-16 17:05:18,498 basehttp 28540 42716 "GET /api/violations/analytics?range=24h HTTP/1.1" 404 3427
INFO 2025-08-16 17:05:43,467 views 28540 21664 违规数据分析请求: range=all, query_all=True
INFO 2025-08-16 17:05:43,481 services 28540 21664 违规数据分析完成: 70条记录, 970次违规
INFO 2025-08-16 17:05:43,482 views 28540 21664 违规数据分析完成: 70条记录
INFO 2025-08-16 17:05:43,483 basehttp 28540 21664 "GET /monitor/api/violations/analytics/?range=all&all=true HTTP/1.1" 200 2406
INFO 2025-08-16 17:05:52,351 views 28540 20176 违规数据分析请求: range=24h, query_all=False
INFO 2025-08-16 17:05:52,357 services 28540 20176 违规数据分析完成: 0条记录, 0次违规
INFO 2025-08-16 17:05:52,357 views 28540 20176 违规数据分析完成: 0条记录
INFO 2025-08-16 17:05:52,358 basehttp 28540 20176 "GET /monitor/api/violations/analytics/?range=24h HTTP/1.1" 200 481
INFO 2025-08-16 17:06:52,453 views 28540 39744 违规数据分析请求: range=24h, query_all=False
INFO 2025-08-16 17:06:52,460 services 28540 39744 违规数据分析完成: 0条记录, 0次违规
INFO 2025-08-16 17:06:52,460 views 28540 39744 违规数据分析完成: 0条记录
INFO 2025-08-16 17:06:52,461 basehttp 28540 39744 "GET /monitor/api/violations/analytics/?range=24h HTTP/1.1" 200 481
INFO 2025-08-16 17:07:43,454 views 28540 41956 违规数据分析请求: range=all, query_all=True
INFO 2025-08-16 17:07:43,466 services 28540 41956 违规数据分析完成: 70条记录, 970次违规
INFO 2025-08-16 17:07:43,467 views 28540 41956 违规数据分析完成: 70条记录
INFO 2025-08-16 17:07:43,469 basehttp 28540 41956 "GET /monitor/api/violations/analytics/?range=all&all=true HTTP/1.1" 200 2406
INFO 2025-08-16 17:07:52,452 views 28540 23984 违规数据分析请求: range=24h, query_all=False
INFO 2025-08-16 17:07:52,459 services 28540 23984 违规数据分析完成: 0条记录, 0次违规
INFO 2025-08-16 17:07:52,459 views 28540 23984 违规数据分析完成: 0条记录
INFO 2025-08-16 17:07:52,460 basehttp 28540 23984 "GET /monitor/api/violations/analytics/?range=24h HTTP/1.1" 200 481
INFO 2025-08-16 17:08:52,452 views 28540 40064 违规数据分析请求: range=24h, query_all=False
INFO 2025-08-16 17:08:52,460 services 28540 40064 违规数据分析完成: 0条记录, 0次违规
INFO 2025-08-16 17:08:52,461 views 28540 40064 违规数据分析完成: 0条记录
INFO 2025-08-16 17:08:52,462 basehttp 28540 40064 "GET /monitor/api/violations/analytics/?range=24h HTTP/1.1" 200 481
INFO 2025-08-16 17:09:43,451 views 28540 41048 违规数据分析请求: range=all, query_all=True
INFO 2025-08-16 17:09:43,460 services 28540 41048 违规数据分析完成: 70条记录, 970次违规
INFO 2025-08-16 17:09:43,461 views 28540 41048 违规数据分析完成: 70条记录
INFO 2025-08-16 17:09:43,462 basehttp 28540 41048 "GET /monitor/api/violations/analytics/?range=all&all=true HTTP/1.1" 200 2406
INFO 2025-08-16 17:09:52,447 views 28540 40640 违规数据分析请求: range=24h, query_all=False
INFO 2025-08-16 17:09:52,454 services 28540 40640 违规数据分析完成: 0条记录, 0次违规
INFO 2025-08-16 17:09:52,454 views 28540 40640 违规数据分析完成: 0条记录
INFO 2025-08-16 17:09:52,455 basehttp 28540 40640 "GET /monitor/api/violations/analytics/?range=24h HTTP/1.1" 200 481
INFO 2025-08-16 17:10:52,464 views 28540 28588 违规数据分析请求: range=24h, query_all=False
INFO 2025-08-16 17:10:52,474 services 28540 28588 违规数据分析完成: 0条记录, 0次违规
INFO 2025-08-16 17:10:52,475 views 28540 28588 违规数据分析完成: 0条记录
INFO 2025-08-16 17:10:52,476 basehttp 28540 28588 "GET /monitor/api/violations/analytics/?range=24h HTTP/1.1" 200 481
INFO 2025-08-16 17:11:43,449 views 28540 20552 违规数据分析请求: range=all, query_all=True
INFO 2025-08-16 17:11:43,458 services 28540 20552 违规数据分析完成: 70条记录, 970次违规
INFO 2025-08-16 17:11:43,459 views 28540 20552 违规数据分析完成: 70条记录
INFO 2025-08-16 17:11:43,460 basehttp 28540 20552 "GET /monitor/api/violations/analytics/?range=all&all=true HTTP/1.1" 200 2406
INFO 2025-08-16 17:11:52,443 views 28540 24300 违规数据分析请求: range=24h, query_all=False
INFO 2025-08-16 17:11:52,451 services 28540 24300 违规数据分析完成: 0条记录, 0次违规
INFO 2025-08-16 17:11:52,452 views 28540 24300 违规数据分析完成: 0条记录
INFO 2025-08-16 17:11:52,454 basehttp 28540 24300 "GET /monitor/api/violations/analytics/?range=24h HTTP/1.1" 200 481
INFO 2025-08-16 17:12:52,340 views 28540 34448 违规数据分析请求: range=24h, query_all=False
INFO 2025-08-16 17:12:52,348 services 28540 34448 违规数据分析完成: 0条记录, 0次违规
INFO 2025-08-16 17:12:52,349 views 28540 34448 违规数据分析完成: 0条记录
INFO 2025-08-16 17:12:52,349 basehttp 28540 34448 "GET /monitor/api/violations/analytics/?range=24h HTTP/1.1" 200 481
INFO 2025-08-16 17:13:43,461 views 28540 41460 违规数据分析请求: range=all, query_all=True
INFO 2025-08-16 17:13:43,469 services 28540 41460 违规数据分析完成: 70条记录, 970次违规
INFO 2025-08-16 17:13:43,469 views 28540 41460 违规数据分析完成: 70条记录
INFO 2025-08-16 17:13:43,471 basehttp 28540 41460 "GET /monitor/api/violations/analytics/?range=all&all=true HTTP/1.1" 200 2406
INFO 2025-08-16 17:13:52,335 views 28540 10828 违规数据分析请求: range=24h, query_all=False
INFO 2025-08-16 17:13:52,342 services 28540 10828 违规数据分析完成: 0条记录, 0次违规
INFO 2025-08-16 17:13:52,342 views 28540 10828 违规数据分析完成: 0条记录
INFO 2025-08-16 17:13:52,342 basehttp 28540 10828 "GET /monitor/api/violations/analytics/?range=24h HTTP/1.1" 200 481
INFO 2025-08-16 17:14:09,212 views 28540 42716 违规数据分析请求: range=30d, query_all=False
INFO 2025-08-16 17:14:09,222 services 28540 42716 违规数据分析完成: 69条记录, 966次违规
INFO 2025-08-16 17:14:09,222 views 28540 42716 违规数据分析完成: 69条记录
INFO 2025-08-16 17:14:09,227 basehttp 28540 42716 "GET /monitor/api/violations/analytics/?range=30d HTTP/1.1" 200 2323
INFO 2025-08-16 17:14:10,502 views 28540 44104 违规数据分析请求: range=30d, query_all=False
INFO 2025-08-16 17:14:10,512 services 28540 44104 违规数据分析完成: 69条记录, 966次违规
INFO 2025-08-16 17:14:10,512 views 28540 44104 违规数据分析完成: 69条记录
INFO 2025-08-16 17:14:10,513 basehttp 28540 44104 "GET /monitor/api/violations/analytics/?range=30d HTTP/1.1" 200 2323
INFO 2025-08-16 17:14:52,445 views 28540 42480 违规数据分析请求: range=30d, query_all=False
INFO 2025-08-16 17:14:52,460 services 28540 42480 违规数据分析完成: 69条记录, 966次违规
INFO 2025-08-16 17:14:52,461 views 28540 42480 违规数据分析完成: 69条记录
INFO 2025-08-16 17:14:52,463 basehttp 28540 42480 "GET /monitor/api/violations/analytics/?range=30d HTTP/1.1" 200 2323
INFO 2025-08-16 17:15:43,445 views 28540 30464 违规数据分析请求: range=all, query_all=True
INFO 2025-08-16 17:15:43,458 services 28540 30464 违规数据分析完成: 70条记录, 970次违规
INFO 2025-08-16 17:15:43,459 views 28540 30464 违规数据分析完成: 70条记录
INFO 2025-08-16 17:15:43,461 basehttp 28540 30464 "GET /monitor/api/violations/analytics/?range=all&all=true HTTP/1.1" 200 2406
INFO 2025-08-16 17:16:43,455 views 28540 1460 违规数据分析请求: range=30d, query_all=False
INFO 2025-08-16 17:16:43,467 services 28540 1460 违规数据分析完成: 69条记录, 966次违规
INFO 2025-08-16 17:16:43,468 views 28540 1460 违规数据分析完成: 69条记录
INFO 2025-08-16 17:16:43,469 basehttp 28540 1460 "GET /monitor/api/violations/analytics/?range=30d HTTP/1.1" 200 2323
INFO 2025-08-16 17:17:14,802 views 28540 7540 违规数据分析请求: range=30d, query_all=False
INFO 2025-08-16 17:17:14,815 services 28540 7540 违规数据分析完成: 69条记录, 966次违规
INFO 2025-08-16 17:17:14,816 views 28540 7540 违规数据分析完成: 69条记录
INFO 2025-08-16 17:17:14,817 basehttp 28540 7540 "GET /monitor/api/violations/analytics/?range=30d HTTP/1.1" 200 2323
INFO 2025-08-16 17:17:43,460 views 28540 22044 违规数据分析请求: range=all, query_all=True
INFO 2025-08-16 17:17:43,475 services 28540 22044 违规数据分析完成: 70条记录, 970次违规
INFO 2025-08-16 17:17:43,476 views 28540 22044 违规数据分析完成: 70条记录
INFO 2025-08-16 17:17:43,477 basehttp 28540 22044 "GET /monitor/api/violations/analytics/?range=all&all=true HTTP/1.1" 200 2406
INFO 2025-08-16 17:17:52,341 views 28540 40404 违规数据分析请求: range=30d, query_all=False
INFO 2025-08-16 17:17:52,353 services 28540 40404 违规数据分析完成: 69条记录, 966次违规
INFO 2025-08-16 17:17:52,353 views 28540 40404 违规数据分析完成: 69条记录
INFO 2025-08-16 17:17:52,355 basehttp 28540 40404 "GET /monitor/api/violations/analytics/?range=30d HTTP/1.1" 200 2323
INFO 2025-08-16 17:18:52,344 views 28540 42396 违规数据分析请求: range=30d, query_all=False
INFO 2025-08-16 17:18:52,353 services 28540 42396 违规数据分析完成: 69条记录, 966次违规
INFO 2025-08-16 17:18:52,354 views 28540 42396 违规数据分析完成: 69条记录
INFO 2025-08-16 17:18:52,356 basehttp 28540 42396 "GET /monitor/api/violations/analytics/?range=30d HTTP/1.1" 200 2323
INFO 2025-08-16 17:19:00,987 views 28540 24600 违规数据分析请求: range=24h, query_all=False
INFO 2025-08-16 17:19:00,997 services 28540 24600 违规数据分析完成: 0条记录, 0次违规
INFO 2025-08-16 17:19:00,997 views 28540 24600 违规数据分析完成: 0条记录
INFO 2025-08-16 17:19:00,999 basehttp 28540 24600 "GET /monitor/api/violations/analytics/?range=24h HTTP/1.1" 200 481
INFO 2025-08-16 17:19:43,460 views 28540 37744 违规数据分析请求: range=all, query_all=True
INFO 2025-08-16 17:19:43,473 services 28540 37744 违规数据分析完成: 70条记录, 970次违规
INFO 2025-08-16 17:19:43,474 views 28540 37744 违规数据分析完成: 70条记录
INFO 2025-08-16 17:19:43,475 basehttp 28540 37744 "GET /monitor/api/violations/analytics/?range=all&all=true HTTP/1.1" 200 2406
INFO 2025-08-16 17:19:54,916 views 28540 38424 违规数据分析请求: range=24h, query_all=False
INFO 2025-08-16 17:19:54,922 services 28540 38424 违规数据分析完成: 0条记录, 0次违规
INFO 2025-08-16 17:19:54,923 views 28540 38424 违规数据分析完成: 0条记录
INFO 2025-08-16 17:19:54,923 basehttp 28540 38424 "GET /monitor/api/violations/analytics/?range=24h HTTP/1.1" 200 481
INFO 2025-08-16 17:20:00,584 views 28540 37900 违规数据分析请求: range=24h, query_all=False
INFO 2025-08-16 17:20:00,596 services 28540 37900 违规数据分析完成: 0条记录, 0次违规
INFO 2025-08-16 17:20:00,597 views 28540 37900 违规数据分析完成: 0条记录
INFO 2025-08-16 17:20:00,598 basehttp 28540 37900 "GET /monitor/api/violations/analytics/?range=24h HTTP/1.1" 200 481
INFO 2025-08-16 17:20:14,228 views 28540 40980 违规数据分析请求: range=30d, query_all=False
INFO 2025-08-16 17:20:14,242 services 28540 40980 违规数据分析完成: 69条记录, 966次违规
INFO 2025-08-16 17:20:14,243 views 28540 40980 违规数据分析完成: 69条记录
INFO 2025-08-16 17:20:14,245 basehttp 28540 40980 "GET /monitor/api/violations/analytics/?range=30d HTTP/1.1" 200 2323
INFO 2025-08-16 17:21:00,602 views 28540 24208 违规数据分析请求: range=30d, query_all=False
INFO 2025-08-16 17:21:00,614 services 28540 24208 违规数据分析完成: 69条记录, 966次违规
INFO 2025-08-16 17:21:00,615 views 28540 24208 违规数据分析完成: 69条记录
INFO 2025-08-16 17:21:00,617 basehttp 28540 24208 "GET /monitor/api/violations/analytics/?range=30d HTTP/1.1" 200 2323
INFO 2025-08-16 17:21:43,455 views 28540 22016 违规数据分析请求: range=all, query_all=True
INFO 2025-08-16 17:21:43,468 services 28540 22016 违规数据分析完成: 70条记录, 970次违规
INFO 2025-08-16 17:21:43,469 views 28540 22016 违规数据分析完成: 70条记录
INFO 2025-08-16 17:21:43,471 basehttp 28540 22016 "GET /monitor/api/violations/analytics/?range=all&all=true HTTP/1.1" 200 2406
INFO 2025-08-16 17:21:51,134 views 28540 43572 违规数据分析请求: range=24h, query_all=False
INFO 2025-08-16 17:21:51,142 services 28540 43572 违规数据分析完成: 0条记录, 0次违规
INFO 2025-08-16 17:21:51,142 views 28540 43572 违规数据分析完成: 0条记录
INFO 2025-08-16 17:21:51,143 basehttp 28540 43572 "GET /monitor/api/violations/analytics/?range=24h HTTP/1.1" 200 481
INFO 2025-08-16 17:22:09,885 views 28540 10216 违规数据分析请求: range=24h, query_all=False
INFO 2025-08-16 17:22:09,892 services 28540 10216 违规数据分析完成: 0条记录, 0次违规
INFO 2025-08-16 17:22:09,895 views 28540 10216 违规数据分析完成: 0条记录
INFO 2025-08-16 17:22:09,896 basehttp 28540 10216 "GET /monitor/api/violations/analytics/?range=24h HTTP/1.1" 200 481
INFO 2025-08-16 17:22:17,016 views 28540 25000 违规数据分析请求: range=all, query_all=True
INFO 2025-08-16 17:22:17,029 services 28540 25000 违规数据分析完成: 70条记录, 970次违规
INFO 2025-08-16 17:22:17,031 views 28540 25000 违规数据分析完成: 70条记录
INFO 2025-08-16 17:22:17,032 basehttp 28540 25000 "GET /monitor/api/violations/analytics/?range=all&all=true HTTP/1.1" 200 2406
INFO 2025-08-16 17:23:08,941 views 28540 38920 违规数据分析请求: range=24h, query_all=False
INFO 2025-08-16 17:23:08,947 services 28540 38920 违规数据分析完成: 0条记录, 0次违规
INFO 2025-08-16 17:23:08,948 views 28540 38920 违规数据分析完成: 0条记录
INFO 2025-08-16 17:23:08,949 basehttp 28540 38920 "GET /monitor/api/violations/analytics/?range=24h HTTP/1.1" 200 481
INFO 2025-08-16 17:23:43,460 views 28540 35016 违规数据分析请求: range=all, query_all=True
INFO 2025-08-16 17:23:43,485 services 28540 35016 违规数据分析完成: 70条记录, 970次违规
INFO 2025-08-16 17:23:43,486 views 28540 35016 违规数据分析完成: 70条记录
INFO 2025-08-16 17:23:43,487 basehttp 28540 35016 "GET /monitor/api/violations/analytics/?range=all&all=true HTTP/1.1" 200 2406
INFO 2025-08-16 17:24:08,954 views 28540 40396 违规数据分析请求: range=24h, query_all=False
INFO 2025-08-16 17:24:08,966 services 28540 40396 违规数据分析完成: 0条记录, 0次违规
INFO 2025-08-16 17:24:08,967 views 28540 40396 违规数据分析完成: 0条记录
INFO 2025-08-16 17:24:08,969 basehttp 28540 40396 "GET /monitor/api/violations/analytics/?range=24h HTTP/1.1" 200 481
INFO 2025-08-16 17:25:08,952 views 28540 43484 违规数据分析请求: range=24h, query_all=False
INFO 2025-08-16 17:25:08,961 services 28540 43484 违规数据分析完成: 0条记录, 0次违规
INFO 2025-08-16 17:25:08,961 views 28540 43484 违规数据分析完成: 0条记录
INFO 2025-08-16 17:25:08,962 basehttp 28540 43484 "GET /monitor/api/violations/analytics/?range=24h HTTP/1.1" 200 481
INFO 2025-08-16 17:25:43,449 views 28540 35016 违规数据分析请求: range=all, query_all=True
INFO 2025-08-16 17:25:43,463 services 28540 35016 违规数据分析完成: 70条记录, 970次违规
INFO 2025-08-16 17:25:43,464 views 28540 35016 违规数据分析完成: 70条记录
INFO 2025-08-16 17:25:43,466 basehttp 28540 35016 "GET /monitor/api/violations/analytics/?range=all&all=true HTTP/1.1" 200 2406
INFO 2025-08-16 17:26:04,181 views 28540 40520 违规数据分析请求: range=24h, query_all=False
INFO 2025-08-16 17:26:04,189 services 28540 40520 违规数据分析完成: 0条记录, 0次违规
INFO 2025-08-16 17:26:04,189 views 28540 40520 违规数据分析完成: 0条记录
INFO 2025-08-16 17:26:04,190 basehttp 28540 40520 "GET /monitor/api/violations/analytics/?range=24h HTTP/1.1" 200 481
INFO 2025-08-16 17:27:02,052 views 28540 43484 违规数据分析请求: range=24h, query_all=False
INFO 2025-08-16 17:27:02,060 services 28540 43484 违规数据分析完成: 0条记录, 0次违规
INFO 2025-08-16 17:27:02,060 views 28540 43484 违规数据分析完成: 0条记录
INFO 2025-08-16 17:27:02,062 basehttp 28540 43484 "GET /monitor/api/violations/analytics/?range=24h HTTP/1.1" 200 481
INFO 2025-08-16 17:27:43,450 views 28540 35952 违规数据分析请求: range=all, query_all=True
INFO 2025-08-16 17:27:43,462 services 28540 35952 违规数据分析完成: 70条记录, 970次违规
INFO 2025-08-16 17:27:43,463 views 28540 35952 违规数据分析完成: 70条记录
INFO 2025-08-16 17:27:43,464 basehttp 28540 35952 "GET /monitor/api/violations/analytics/?range=all&all=true HTTP/1.1" 200 2406
INFO 2025-08-16 17:27:54,337 views 28540 22020 违规数据分析请求: range=24h, query_all=False
INFO 2025-08-16 17:27:54,344 services 28540 22020 违规数据分析完成: 0条记录, 0次违规
INFO 2025-08-16 17:27:54,344 views 28540 22020 违规数据分析完成: 0条记录
INFO 2025-08-16 17:27:54,345 basehttp 28540 22020 "GET /monitor/api/violations/analytics/?range=24h HTTP/1.1" 200 481
INFO 2025-08-16 17:28:54,347 views 28540 41752 违规数据分析请求: range=24h, query_all=False
INFO 2025-08-16 17:28:54,356 services 28540 41752 违规数据分析完成: 0条记录, 0次违规
INFO 2025-08-16 17:28:54,360 views 28540 41752 违规数据分析完成: 0条记录
INFO 2025-08-16 17:28:54,362 basehttp 28540 41752 "GET /monitor/api/violations/analytics/?range=24h HTTP/1.1" 200 481
INFO 2025-08-16 17:29:43,456 views 28540 26064 违规数据分析请求: range=all, query_all=True
INFO 2025-08-16 17:29:43,470 services 28540 26064 违规数据分析完成: 70条记录, 970次违规
INFO 2025-08-16 17:29:43,470 views 28540 26064 违规数据分析完成: 70条记录
INFO 2025-08-16 17:29:43,472 basehttp 28540 26064 "GET /monitor/api/violations/analytics/?range=all&all=true HTTP/1.1" 200 2406
INFO 2025-08-16 17:29:54,452 views 28540 14548 违规数据分析请求: range=24h, query_all=False
INFO 2025-08-16 17:29:54,460 services 28540 14548 违规数据分析完成: 0条记录, 0次违规
INFO 2025-08-16 17:29:54,460 views 28540 14548 违规数据分析完成: 0条记录
INFO 2025-08-16 17:29:54,463 basehttp 28540 14548 "GET /monitor/api/violations/analytics/?range=24h HTTP/1.1" 200 481
INFO 2025-08-16 17:30:21,580 views 28540 21912 违规数据分析请求: range=24h, query_all=False
INFO 2025-08-16 17:30:21,592 services 28540 21912 违规数据分析完成: 0条记录, 0次违规
INFO 2025-08-16 17:30:21,593 views 28540 21912 违规数据分析完成: 0条记录
INFO 2025-08-16 17:30:21,595 basehttp 28540 21912 "GET /monitor/api/violations/analytics/?range=24h HTTP/1.1" 200 481
INFO 2025-08-16 17:30:41,858 views 28540 43336 违规数据分析请求: range=24h, query_all=False
INFO 2025-08-16 17:30:41,867 services 28540 43336 违规数据分析完成: 0条记录, 0次违规
INFO 2025-08-16 17:30:41,867 views 28540 43336 违规数据分析完成: 0条记录
INFO 2025-08-16 17:30:41,868 basehttp 28540 43336 "GET /monitor/api/violations/analytics/?range=24h HTTP/1.1" 200 481
INFO 2025-08-16 17:31:23,358 views 28540 42164 违规数据分析请求: range=24h, query_all=False
INFO 2025-08-16 17:31:23,367 services 28540 42164 违规数据分析完成: 0条记录, 0次违规
INFO 2025-08-16 17:31:23,367 views 28540 42164 违规数据分析完成: 0条记录
INFO 2025-08-16 17:31:23,368 basehttp 28540 42164 "GET /monitor/api/violations/analytics/?range=24h HTTP/1.1" 200 481
INFO 2025-08-16 17:31:43,447 views 28540 11444 违规数据分析请求: range=all, query_all=True
INFO 2025-08-16 17:31:43,464 services 28540 11444 违规数据分析完成: 70条记录, 970次违规
INFO 2025-08-16 17:31:43,466 views 28540 11444 违规数据分析完成: 70条记录
INFO 2025-08-16 17:31:43,468 basehttp 28540 11444 "GET /monitor/api/violations/analytics/?range=all&all=true HTTP/1.1" 200 2406
INFO 2025-08-16 17:31:47,193 views 28540 44180 违规数据分析请求: range=all, query_all=True
INFO 2025-08-16 17:31:47,203 services 28540 44180 违规数据分析完成: 70条记录, 970次违规
INFO 2025-08-16 17:31:47,203 views 28540 44180 违规数据分析完成: 70条记录
INFO 2025-08-16 17:31:47,206 basehttp 28540 44180 "GET /monitor/api/violations/analytics/?range=all&all=true HTTP/1.1" 200 2406
INFO 2025-08-16 17:32:23,370 views 28540 39616 违规数据分析请求: range=all, query_all=True
INFO 2025-08-16 17:32:23,382 services 28540 39616 违规数据分析完成: 70条记录, 970次违规
INFO 2025-08-16 17:32:23,382 views 28540 39616 违规数据分析完成: 70条记录
INFO 2025-08-16 17:32:23,384 basehttp 28540 39616 "GET /monitor/api/violations/analytics/?range=all&all=true HTTP/1.1" 200 2406
INFO 2025-08-16 17:33:23,458 views 28540 28076 违规数据分析请求: range=all, query_all=True
INFO 2025-08-16 17:33:23,471 services 28540 28076 违规数据分析完成: 70条记录, 970次违规
INFO 2025-08-16 17:33:23,472 views 28540 28076 违规数据分析完成: 70条记录
INFO 2025-08-16 17:33:23,472 basehttp 28540 28076 "GET /monitor/api/violations/analytics/?range=all&all=true HTTP/1.1" 200 2406
INFO 2025-08-16 17:33:23,943 views 28540 21996 违规数据分析请求: range=24h, query_all=False
INFO 2025-08-16 17:33:23,951 services 28540 21996 违规数据分析完成: 0条记录, 0次违规
INFO 2025-08-16 17:33:23,951 views 28540 21996 违规数据分析完成: 0条记录
INFO 2025-08-16 17:33:23,952 basehttp 28540 21996 "GET /monitor/api/violations/analytics/?range=24h HTTP/1.1" 200 481
INFO 2025-08-16 17:33:43,450 views 28540 34976 违规数据分析请求: range=all, query_all=True
INFO 2025-08-16 17:33:43,461 services 28540 34976 违规数据分析完成: 70条记录, 970次违规
INFO 2025-08-16 17:33:43,462 views 28540 34976 违规数据分析完成: 70条记录
INFO 2025-08-16 17:33:43,464 basehttp 28540 34976 "GET /monitor/api/violations/analytics/?range=all&all=true HTTP/1.1" 200 2406
INFO 2025-08-16 17:34:24,461 views 28540 14020 违规数据分析请求: range=24h, query_all=False
INFO 2025-08-16 17:34:24,469 services 28540 14020 违规数据分析完成: 0条记录, 0次违规
INFO 2025-08-16 17:34:24,470 views 28540 14020 违规数据分析完成: 0条记录
INFO 2025-08-16 17:34:24,471 basehttp 28540 14020 "GET /monitor/api/violations/analytics/?range=24h HTTP/1.1" 200 481
INFO 2025-08-16 17:35:04,837 views 28540 42460 违规数据分析请求: range=24h, query_all=False
INFO 2025-08-16 17:35:04,847 services 28540 42460 违规数据分析完成: 0条记录, 0次违规
INFO 2025-08-16 17:35:04,848 views 28540 42460 违规数据分析完成: 0条记录
INFO 2025-08-16 17:35:04,850 basehttp 28540 42460 "GET /monitor/api/violations/analytics/?range=24h HTTP/1.1" 200 481
INFO 2025-08-16 17:35:07,315 views 28540 4244 违规数据分析请求: range=all, query_all=True
INFO 2025-08-16 17:35:07,330 services 28540 4244 违规数据分析完成: 70条记录, 970次违规
INFO 2025-08-16 17:35:07,333 views 28540 4244 违规数据分析完成: 70条记录
INFO 2025-08-16 17:35:07,334 basehttp 28540 4244 "GET /monitor/api/violations/analytics/?range=all&all=true HTTP/1.1" 200 2406
INFO 2025-08-16 17:35:43,453 views 28540 35464 违规数据分析请求: range=all, query_all=True
INFO 2025-08-16 17:35:43,465 services 28540 35464 违规数据分析完成: 70条记录, 970次违规
INFO 2025-08-16 17:35:43,466 views 28540 35464 违规数据分析完成: 70条记录
INFO 2025-08-16 17:35:43,467 basehttp 28540 35464 "GET /monitor/api/violations/analytics/?range=all&all=true HTTP/1.1" 200 2406
INFO 2025-08-16 17:36:05,453 views 28540 39608 违规数据分析请求: range=all, query_all=True
INFO 2025-08-16 17:36:05,465 services 28540 39608 违规数据分析完成: 70条记录, 970次违规
INFO 2025-08-16 17:36:05,465 views 28540 39608 违规数据分析完成: 70条记录
INFO 2025-08-16 17:36:05,466 basehttp 28540 39608 "GET /monitor/api/violations/analytics/?range=all&all=true HTTP/1.1" 200 2406
INFO 2025-08-16 17:36:40,262 views 28540 35808 违规数据分析请求: range=24h, query_all=False
INFO 2025-08-16 17:36:40,271 services 28540 35808 违规数据分析完成: 0条记录, 0次违规
INFO 2025-08-16 17:36:40,272 views 28540 35808 违规数据分析完成: 0条记录
INFO 2025-08-16 17:36:40,273 basehttp 28540 35808 "GET /monitor/api/violations/analytics/?range=24h HTTP/1.1" 200 481
INFO 2025-08-16 17:36:49,601 views 28540 33972 违规数据分析请求: range=24h, query_all=False
INFO 2025-08-16 17:36:49,612 services 28540 33972 违规数据分析完成: 0条记录, 0次违规
INFO 2025-08-16 17:36:49,613 views 28540 33972 违规数据分析完成: 0条记录
INFO 2025-08-16 17:36:49,614 basehttp 28540 33972 "GET /monitor/api/violations/analytics/?range=24h HTTP/1.1" 200 481
INFO 2025-08-16 17:36:51,001 views 28540 38088 违规数据分析请求: range=all, query_all=True
INFO 2025-08-16 17:36:51,015 services 28540 38088 违规数据分析完成: 70条记录, 970次违规
INFO 2025-08-16 17:36:51,016 views 28540 38088 违规数据分析完成: 70条记录
INFO 2025-08-16 17:36:51,017 basehttp 28540 38088 "GET /monitor/api/violations/analytics/?range=all&all=true HTTP/1.1" 200 2406
INFO 2025-08-16 17:37:43,456 views 28540 31988 违规数据分析请求: range=all, query_all=True
INFO 2025-08-16 17:37:43,468 services 28540 31988 违规数据分析完成: 70条记录, 970次违规
INFO 2025-08-16 17:37:43,469 views 28540 31988 违规数据分析完成: 70条记录
INFO 2025-08-16 17:37:43,471 basehttp 28540 31988 "GET /monitor/api/violations/analytics/?range=all&all=true HTTP/1.1" 200 2406
INFO 2025-08-16 17:37:49,610 views 28540 35324 违规数据分析请求: range=all, query_all=True
INFO 2025-08-16 17:37:49,622 services 28540 35324 违规数据分析完成: 70条记录, 970次违规
INFO 2025-08-16 17:37:49,623 views 28540 35324 违规数据分析完成: 70条记录
INFO 2025-08-16 17:37:49,624 basehttp 28540 35324 "GET /monitor/api/violations/analytics/?range=all&all=true HTTP/1.1" 200 2406
INFO 2025-08-16 17:38:50,459 views 28540 21664 违规数据分析请求: range=all, query_all=True
INFO 2025-08-16 17:38:50,471 services 28540 21664 违规数据分析完成: 70条记录, 970次违规
INFO 2025-08-16 17:38:50,472 views 28540 21664 违规数据分析完成: 70条记录
INFO 2025-08-16 17:38:50,473 basehttp 28540 21664 "GET /monitor/api/violations/analytics/?range=all&all=true HTTP/1.1" 200 2406
INFO 2025-08-16 17:39:43,455 views 28540 38384 违规数据分析请求: range=all, query_all=True
INFO 2025-08-16 17:39:43,470 services 28540 38384 违规数据分析完成: 70条记录, 970次违规
INFO 2025-08-16 17:39:43,470 views 28540 38384 违规数据分析完成: 70条记录
INFO 2025-08-16 17:39:43,472 basehttp 28540 38384 "GET /monitor/api/violations/analytics/?range=all&all=true HTTP/1.1" 200 2406
INFO 2025-08-16 17:39:50,459 views 28540 9772 违规数据分析请求: range=all, query_all=True
INFO 2025-08-16 17:39:50,468 services 28540 9772 违规数据分析完成: 70条记录, 970次违规
INFO 2025-08-16 17:39:50,469 views 28540 9772 违规数据分析完成: 70条记录
INFO 2025-08-16 17:39:50,470 basehttp 28540 9772 "GET /monitor/api/violations/analytics/?range=all&all=true HTTP/1.1" 200 2406
INFO 2025-08-16 17:40:50,452 views 28540 41072 违规数据分析请求: range=all, query_all=True
INFO 2025-08-16 17:40:50,463 services 28540 41072 违规数据分析完成: 70条记录, 970次违规
INFO 2025-08-16 17:40:50,463 views 28540 41072 违规数据分析完成: 70条记录
INFO 2025-08-16 17:40:50,464 basehttp 28540 41072 "GET /monitor/api/violations/analytics/?range=all&all=true HTTP/1.1" 200 2406
INFO 2025-08-16 17:41:43,452 views 28540 36196 违规数据分析请求: range=all, query_all=True
INFO 2025-08-16 17:41:43,466 services 28540 36196 违规数据分析完成: 70条记录, 970次违规
INFO 2025-08-16 17:41:43,467 views 28540 36196 违规数据分析完成: 70条记录
INFO 2025-08-16 17:41:43,469 basehttp 28540 36196 "GET /monitor/api/violations/analytics/?range=all&all=true HTTP/1.1" 200 2406
INFO 2025-08-16 17:41:50,453 views 28540 39392 违规数据分析请求: range=all, query_all=True
INFO 2025-08-16 17:41:50,464 services 28540 39392 违规数据分析完成: 70条记录, 970次违规
INFO 2025-08-16 17:41:50,465 views 28540 39392 违规数据分析完成: 70条记录
INFO 2025-08-16 17:41:50,467 basehttp 28540 39392 "GET /monitor/api/violations/analytics/?range=all&all=true HTTP/1.1" 200 2406
INFO 2025-08-16 17:42:50,460 views 28540 42552 违规数据分析请求: range=all, query_all=True
INFO 2025-08-16 17:42:50,472 services 28540 42552 违规数据分析完成: 70条记录, 970次违规
INFO 2025-08-16 17:42:50,473 views 28540 42552 违规数据分析完成: 70条记录
INFO 2025-08-16 17:42:50,474 basehttp 28540 42552 "GET /monitor/api/violations/analytics/?range=all&all=true HTTP/1.1" 200 2406
INFO 2025-08-16 17:43:09,087 views 28540 700 违规数据分析请求: range=24h, query_all=False
INFO 2025-08-16 17:43:09,095 services 28540 700 违规数据分析完成: 0条记录, 0次违规
INFO 2025-08-16 17:43:09,096 views 28540 700 违规数据分析完成: 0条记录
INFO 2025-08-16 17:43:09,097 basehttp 28540 700 "GET /monitor/api/violations/analytics/?range=24h HTTP/1.1" 200 481
INFO 2025-08-16 17:43:22,311 views 28540 41544 违规数据分析请求: range=24h, query_all=False
INFO 2025-08-16 17:43:22,319 services 28540 41544 违规数据分析完成: 0条记录, 0次违规
INFO 2025-08-16 17:43:22,319 views 28540 41544 违规数据分析完成: 0条记录
INFO 2025-08-16 17:43:22,320 basehttp 28540 41544 "GET /monitor/api/violations/analytics/?range=24h HTTP/1.1" 200 481
INFO 2025-08-16 17:43:27,972 views 28540 10380 违规数据分析请求: range=24h, query_all=False
INFO 2025-08-16 17:43:27,980 services 28540 10380 违规数据分析完成: 0条记录, 0次违规
INFO 2025-08-16 17:43:27,980 views 28540 10380 违规数据分析完成: 0条记录
INFO 2025-08-16 17:43:27,982 basehttp 28540 10380 "GET /monitor/api/violations/analytics/?range=24h HTTP/1.1" 200 481
INFO 2025-08-16 17:43:43,451 views 28540 640 违规数据分析请求: range=all, query_all=True
INFO 2025-08-16 17:43:43,462 services 28540 640 违规数据分析完成: 70条记录, 970次违规
INFO 2025-08-16 17:43:43,462 views 28540 640 违规数据分析完成: 70条记录
INFO 2025-08-16 17:43:43,463 basehttp 28540 640 "GET /monitor/api/violations/analytics/?range=all&all=true HTTP/1.1" 200 2406
INFO 2025-08-16 17:44:28,451 views 28540 43340 违规数据分析请求: range=24h, query_all=False
INFO 2025-08-16 17:44:28,462 services 28540 43340 违规数据分析完成: 0条记录, 0次违规
INFO 2025-08-16 17:44:28,462 views 28540 43340 违规数据分析完成: 0条记录
INFO 2025-08-16 17:44:28,464 basehttp 28540 43340 "GET /monitor/api/violations/analytics/?range=24h HTTP/1.1" 200 481
INFO 2025-08-16 17:44:33,060 views 28540 42928 违规数据分析请求: range=24h, query_all=False
INFO 2025-08-16 17:44:33,068 services 28540 42928 违规数据分析完成: 0条记录, 0次违规
INFO 2025-08-16 17:44:33,068 views 28540 42928 违规数据分析完成: 0条记录
INFO 2025-08-16 17:44:33,070 basehttp 28540 42928 "GET /monitor/api/violations/analytics/?range=24h HTTP/1.1" 200 481
INFO 2025-08-16 17:45:33,450 views 28540 23488 违规数据分析请求: range=24h, query_all=False
INFO 2025-08-16 17:45:33,459 services 28540 23488 违规数据分析完成: 0条记录, 0次违规
INFO 2025-08-16 17:45:33,460 views 28540 23488 违规数据分析完成: 0条记录
INFO 2025-08-16 17:45:33,461 basehttp 28540 23488 "GET /monitor/api/violations/analytics/?range=24h HTTP/1.1" 200 481
INFO 2025-08-16 17:45:43,450 views 28540 15596 违规数据分析请求: range=all, query_all=True
INFO 2025-08-16 17:45:43,464 services 28540 15596 违规数据分析完成: 70条记录, 970次违规
INFO 2025-08-16 17:45:43,465 views 28540 15596 违规数据分析完成: 70条记录
INFO 2025-08-16 17:45:43,466 basehttp 28540 15596 "GET /monitor/api/violations/analytics/?range=all&all=true HTTP/1.1" 200 2406
INFO 2025-08-16 17:46:33,448 views 28540 640 违规数据分析请求: range=24h, query_all=False
INFO 2025-08-16 17:46:33,456 services 28540 640 违规数据分析完成: 0条记录, 0次违规
INFO 2025-08-16 17:46:33,456 views 28540 640 违规数据分析完成: 0条记录
INFO 2025-08-16 17:46:33,457 basehttp 28540 640 "GET /monitor/api/violations/analytics/?range=24h HTTP/1.1" 200 481
INFO 2025-08-16 17:47:33,454 views 28540 4748 违规数据分析请求: range=24h, query_all=False
INFO 2025-08-16 17:47:33,465 services 28540 4748 违规数据分析完成: 0条记录, 0次违规
INFO 2025-08-16 17:47:33,466 views 28540 4748 违规数据分析完成: 0条记录
INFO 2025-08-16 17:47:33,467 basehttp 28540 4748 "GET /monitor/api/violations/analytics/?range=24h HTTP/1.1" 200 481
INFO 2025-08-16 17:47:43,459 views 28540 34424 违规数据分析请求: range=all, query_all=True
INFO 2025-08-16 17:47:43,472 services 28540 34424 违规数据分析完成: 70条记录, 970次违规
INFO 2025-08-16 17:47:43,473 views 28540 34424 违规数据分析完成: 70条记录
INFO 2025-08-16 17:47:43,474 basehttp 28540 34424 "GET /monitor/api/violations/analytics/?range=all&all=true HTTP/1.1" 200 2406
INFO 2025-08-16 17:48:33,454 views 28540 44488 违规数据分析请求: range=24h, query_all=False
INFO 2025-08-16 17:48:33,464 services 28540 44488 违规数据分析完成: 0条记录, 0次违规
INFO 2025-08-16 17:48:33,464 views 28540 44488 违规数据分析完成: 0条记录
INFO 2025-08-16 17:48:33,465 basehttp 28540 44488 "GET /monitor/api/violations/analytics/?range=24h HTTP/1.1" 200 481
INFO 2025-08-16 17:49:33,460 views 28540 34520 违规数据分析请求: range=24h, query_all=False
INFO 2025-08-16 17:49:33,467 services 28540 34520 违规数据分析完成: 0条记录, 0次违规
INFO 2025-08-16 17:49:33,467 views 28540 34520 违规数据分析完成: 0条记录
INFO 2025-08-16 17:49:33,468 basehttp 28540 34520 "GET /monitor/api/violations/analytics/?range=24h HTTP/1.1" 200 481
INFO 2025-08-16 17:49:43,456 views 28540 28416 违规数据分析请求: range=all, query_all=True
INFO 2025-08-16 17:49:43,470 services 28540 28416 违规数据分析完成: 70条记录, 970次违规
INFO 2025-08-16 17:49:43,472 views 28540 28416 违规数据分析完成: 70条记录
INFO 2025-08-16 17:49:43,475 basehttp 28540 28416 "GET /monitor/api/violations/analytics/?range=all&all=true HTTP/1.1" 200 2406
INFO 2025-08-16 17:50:33,459 views 28540 1520 违规数据分析请求: range=24h, query_all=False
INFO 2025-08-16 17:50:33,468 services 28540 1520 违规数据分析完成: 0条记录, 0次违规
INFO 2025-08-16 17:50:33,469 views 28540 1520 违规数据分析完成: 0条记录
INFO 2025-08-16 17:50:33,471 basehttp 28540 1520 "GET /monitor/api/violations/analytics/?range=24h HTTP/1.1" 200 481
INFO 2025-08-16 17:51:43,455 views 28540 20240 违规数据分析请求: range=24h, query_all=False
INFO 2025-08-16 17:51:43,460 views 28540 32284 违规数据分析请求: range=all, query_all=True
INFO 2025-08-16 17:51:43,466 services 28540 20240 违规数据分析完成: 0条记录, 0次违规
INFO 2025-08-16 17:51:43,468 views 28540 20240 违规数据分析完成: 0条记录
INFO 2025-08-16 17:51:43,469 basehttp 28540 20240 "GET /monitor/api/violations/analytics/?range=24h HTTP/1.1" 200 481
INFO 2025-08-16 17:51:43,503 services 28540 32284 违规数据分析完成: 70条记录, 970次违规
INFO 2025-08-16 17:51:43,503 views 28540 32284 违规数据分析完成: 70条记录
INFO 2025-08-16 17:51:43,504 basehttp 28540 32284 "GET /monitor/api/violations/analytics/?range=all&all=true HTTP/1.1" 200 2406
INFO 2025-08-16 17:52:43,462 views 28540 12356 违规数据分析请求: range=24h, query_all=False
INFO 2025-08-16 17:52:43,473 services 28540 12356 违规数据分析完成: 0条记录, 0次违规
INFO 2025-08-16 17:52:43,473 views 28540 12356 违规数据分析完成: 0条记录
INFO 2025-08-16 17:52:43,475 basehttp 28540 12356 "GET /monitor/api/violations/analytics/?range=24h HTTP/1.1" 200 481
INFO 2025-08-16 17:53:43,459 views 28540 18184 违规数据分析请求: range=24h, query_all=False
INFO 2025-08-16 17:53:43,463 views 28540 6088 违规数据分析请求: range=all, query_all=True
INFO 2025-08-16 17:53:43,470 services 28540 18184 违规数据分析完成: 0条记录, 0次违规
INFO 2025-08-16 17:53:43,471 views 28540 18184 违规数据分析完成: 0条记录
INFO 2025-08-16 17:53:43,472 basehttp 28540 18184 "GET /monitor/api/violations/analytics/?range=24h HTTP/1.1" 200 481
INFO 2025-08-16 17:53:43,478 services 28540 6088 违规数据分析完成: 70条记录, 970次违规
INFO 2025-08-16 17:53:43,479 views 28540 6088 违规数据分析完成: 70条记录
INFO 2025-08-16 17:53:43,481 basehttp 28540 6088 "GET /monitor/api/violations/analytics/?range=all&all=true HTTP/1.1" 200 2406
INFO 2025-08-16 17:54:43,462 views 28540 40964 违规数据分析请求: range=24h, query_all=False
INFO 2025-08-16 17:54:43,472 services 28540 40964 违规数据分析完成: 0条记录, 0次违规
INFO 2025-08-16 17:54:43,473 views 28540 40964 违规数据分析完成: 0条记录
INFO 2025-08-16 17:54:43,474 basehttp 28540 40964 "GET /monitor/api/violations/analytics/?range=24h HTTP/1.1" 200 481
INFO 2025-08-16 17:55:43,461 views 28540 37164 违规数据分析请求: range=24h, query_all=False
INFO 2025-08-16 17:55:43,466 views 28540 37832 违规数据分析请求: range=all, query_all=True
INFO 2025-08-16 17:55:43,472 services 28540 37164 违规数据分析完成: 0条记录, 0次违规
INFO 2025-08-16 17:55:43,473 views 28540 37164 违规数据分析完成: 0条记录
INFO 2025-08-16 17:55:43,475 basehttp 28540 37164 "GET /monitor/api/violations/analytics/?range=24h HTTP/1.1" 200 481
INFO 2025-08-16 17:55:43,481 services 28540 37832 违规数据分析完成: 70条记录, 970次违规
INFO 2025-08-16 17:55:43,483 views 28540 37832 违规数据分析完成: 70条记录
INFO 2025-08-16 17:55:43,484 basehttp 28540 37832 "GET /monitor/api/violations/analytics/?range=all&all=true HTTP/1.1" 200 2406
INFO 2025-08-16 17:56:21,255 views 28540 37244 违规数据分析请求: range=24h, query_all=False
INFO 2025-08-16 17:56:21,264 services 28540 37244 违规数据分析完成: 0条记录, 0次违规
INFO 2025-08-16 17:56:21,264 views 28540 37244 违规数据分析完成: 0条记录
INFO 2025-08-16 17:56:21,266 basehttp 28540 37244 "GET /monitor/api/violations/analytics/?range=24h HTTP/1.1" 200 481
INFO 2025-08-16 17:56:29,401 views 28540 10448 违规数据分析请求: range=1h, query_all=False
INFO 2025-08-16 17:56:29,409 services 28540 10448 违规数据分析完成: 0条记录, 0次违规
INFO 2025-08-16 17:56:29,409 views 28540 10448 违规数据分析完成: 0条记录
INFO 2025-08-16 17:56:29,410 basehttp 28540 10448 "GET /monitor/api/violations/analytics/?range=1h HTTP/1.1" 200 478
INFO 2025-08-16 17:57:21,467 views 28540 42892 违规数据分析请求: range=1h, query_all=False
INFO 2025-08-16 17:57:21,475 services 28540 42892 违规数据分析完成: 0条记录, 0次违规
INFO 2025-08-16 17:57:21,476 views 28540 42892 违规数据分析完成: 0条记录
INFO 2025-08-16 17:57:21,476 basehttp 28540 42892 "GET /monitor/api/violations/analytics/?range=1h HTTP/1.1" 200 478
INFO 2025-08-16 17:57:43,456 views 28540 35688 违规数据分析请求: range=all, query_all=True
INFO 2025-08-16 17:57:43,471 services 28540 35688 违规数据分析完成: 70条记录, 970次违规
INFO 2025-08-16 17:57:43,471 views 28540 35688 违规数据分析完成: 70条记录
INFO 2025-08-16 17:57:43,473 basehttp 28540 35688 "GET /monitor/api/violations/analytics/?range=all&all=true HTTP/1.1" 200 2406
INFO 2025-08-16 17:58:21,260 views 28540 37508 违规数据分析请求: range=1h, query_all=False
INFO 2025-08-16 17:58:21,270 services 28540 37508 违规数据分析完成: 0条记录, 0次违规
INFO 2025-08-16 17:58:21,270 views 28540 37508 违规数据分析完成: 0条记录
INFO 2025-08-16 17:58:21,272 basehttp 28540 37508 "GET /monitor/api/violations/analytics/?range=1h HTTP/1.1" 200 478
INFO 2025-08-16 17:59:15,958 views 28540 1340 违规数据分析请求: range=24h, query_all=False
INFO 2025-08-16 17:59:15,967 services 28540 1340 违规数据分析完成: 0条记录, 0次违规
INFO 2025-08-16 17:59:15,968 views 28540 1340 违规数据分析完成: 0条记录
INFO 2025-08-16 17:59:15,969 basehttp 28540 1340 "GET /monitor/api/violations/analytics/?range=24h HTTP/1.1" 200 481
INFO 2025-08-16 17:59:29,652 views 28540 40032 违规数据分析请求: range=24h, query_all=False
INFO 2025-08-16 17:59:29,662 services 28540 40032 违规数据分析完成: 0条记录, 0次违规
INFO 2025-08-16 17:59:29,663 views 28540 40032 违规数据分析完成: 0条记录
INFO 2025-08-16 17:59:29,664 basehttp 28540 40032 "GET /monitor/api/violations/analytics/?range=24h HTTP/1.1" 200 481
WARNING 2025-08-16 17:59:32,615 log 28540 27016 Method Not Allowed (OPTIONS): /monitor/api/violations/analytics/
WARNING 2025-08-16 17:59:32,616 basehttp 28540 27016 "OPTIONS /monitor/api/violations/analytics/?range=24h HTTP/1.1" 405 0
WARNING 2025-08-16 17:59:37,985 log 28540 27016 Method Not Allowed (OPTIONS): /monitor/api/violations/analytics/
WARNING 2025-08-16 17:59:37,986 basehttp 28540 27016 "OPTIONS /monitor/api/violations/analytics/?range=24h HTTP/1.1" 405 0
INFO 2025-08-16 17:59:39,855 views 28540 42796 违规数据分析请求: range=24h, query_all=False
INFO 2025-08-16 17:59:39,862 services 28540 42796 违规数据分析完成: 0条记录, 0次违规
INFO 2025-08-16 17:59:39,863 views 28540 42796 违规数据分析完成: 0条记录
INFO 2025-08-16 17:59:39,864 basehttp 28540 42796 "GET /monitor/api/violations/analytics/?range=24h HTTP/1.1" 200 481
INFO 2025-08-16 17:59:43,449 views 28540 7724 违规数据分析请求: range=all, query_all=True
INFO 2025-08-16 17:59:43,461 services 28540 7724 违规数据分析完成: 70条记录, 970次违规
INFO 2025-08-16 17:59:43,462 views 28540 7724 违规数据分析完成: 70条记录
INFO 2025-08-16 17:59:43,463 basehttp 28540 7724 "GET /monitor/api/violations/analytics/?range=all&all=true HTTP/1.1" 200 2406
INFO 2025-08-16 18:00:21,326 views 28540 31500 违规数据分析请求: range=24h, query_all=False
INFO 2025-08-16 18:00:21,336 services 28540 31500 违规数据分析完成: 0条记录, 0次违规
INFO 2025-08-16 18:00:21,337 views 28540 31500 违规数据分析完成: 0条记录
INFO 2025-08-16 18:00:21,338 basehttp 28540 31500 "GET /monitor/api/violations/analytics/?range=24h HTTP/1.1" 200 481
INFO 2025-08-16 18:01:21,345 views 28540 43196 违规数据分析请求: range=24h, query_all=False
INFO 2025-08-16 18:01:21,358 services 28540 43196 违规数据分析完成: 0条记录, 0次违规
INFO 2025-08-16 18:01:21,359 views 28540 43196 违规数据分析完成: 0条记录
INFO 2025-08-16 18:01:21,360 basehttp 28540 43196 "GET /monitor/api/violations/analytics/?range=24h HTTP/1.1" 200 481
INFO 2025-08-16 18:01:43,463 views 28540 25008 违规数据分析请求: range=all, query_all=True
INFO 2025-08-16 18:01:43,476 services 28540 25008 违规数据分析完成: 70条记录, 970次违规
INFO 2025-08-16 18:01:43,477 views 28540 25008 违规数据分析完成: 70条记录
INFO 2025-08-16 18:01:43,479 basehttp 28540 25008 "GET /monitor/api/violations/analytics/?range=all&all=true HTTP/1.1" 200 2406
INFO 2025-08-16 18:02:21,332 views 28540 29700 违规数据分析请求: range=24h, query_all=False
INFO 2025-08-16 18:02:21,340 services 28540 29700 违规数据分析完成: 0条记录, 0次违规
INFO 2025-08-16 18:02:21,341 views 28540 29700 违规数据分析完成: 0条记录
INFO 2025-08-16 18:02:21,342 basehttp 28540 29700 "GET /monitor/api/violations/analytics/?range=24h HTTP/1.1" 200 481
INFO 2025-08-16 18:02:36,816 views 28540 41308 违规数据分析请求: range=24h, query_all=False
INFO 2025-08-16 18:02:36,825 services 28540 41308 违规数据分析完成: 0条记录, 0次违规
INFO 2025-08-16 18:02:36,826 views 28540 41308 违规数据分析完成: 0条记录
INFO 2025-08-16 18:02:36,828 basehttp 28540 41308 "GET /monitor/api/violations/analytics/?range=24h HTTP/1.1" 200 481
INFO 2025-08-16 18:02:43,548 views 28540 44932 违规数据分析请求: range=24h, query_all=False
INFO 2025-08-16 18:02:43,557 services 28540 44932 违规数据分析完成: 0条记录, 0次违规
INFO 2025-08-16 18:02:43,557 views 28540 44932 违规数据分析完成: 0条记录
INFO 2025-08-16 18:02:43,558 basehttp 28540 44932 "GET /monitor/api/violations/analytics/?range=24h HTTP/1.1" 200 481
INFO 2025-08-16 18:03:43,455 views 28540 31624 违规数据分析请求: range=all, query_all=True
INFO 2025-08-16 18:03:43,466 services 28540 31624 违规数据分析完成: 70条记录, 970次违规
INFO 2025-08-16 18:03:43,467 views 28540 31624 违规数据分析完成: 70条记录
INFO 2025-08-16 18:03:43,469 basehttp 28540 31624 "GET /monitor/api/violations/analytics/?range=all&all=true HTTP/1.1" 200 2406
INFO 2025-08-16 18:04:14,801 views 28540 31336 违规数据分析请求: range=24h, query_all=False
INFO 2025-08-16 18:04:14,811 services 28540 31336 违规数据分析完成: 0条记录, 0次违规
INFO 2025-08-16 18:04:14,812 views 28540 31336 违规数据分析完成: 0条记录
INFO 2025-08-16 18:04:14,817 basehttp 28540 31336 "GET /monitor/api/violations/analytics/?range=24h HTTP/1.1" 200 481
WARNING 2025-08-16 18:04:17,657 log 28540 27016 Method Not Allowed (OPTIONS): /monitor/api/violations/analytics/
WARNING 2025-08-16 18:04:17,657 basehttp 28540 27016 "OPTIONS /monitor/api/violations/analytics/?range=24h HTTP/1.1" 405 0
INFO 2025-08-16 18:05:41,780 views 28540 42220 违规数据分析请求: range=24h, query_all=False
INFO 2025-08-16 18:05:41,789 services 28540 42220 违规数据分析完成: 0条记录, 0次违规
INFO 2025-08-16 18:05:41,789 views 28540 42220 违规数据分析完成: 0条记录
INFO 2025-08-16 18:05:41,790 basehttp 28540 42220 "GET /monitor/api/violations/analytics/?range=24h HTTP/1.1" 200 481
INFO 2025-08-16 18:05:43,459 views 28540 30440 违规数据分析请求: range=all, query_all=True
INFO 2025-08-16 18:05:43,471 services 28540 30440 违规数据分析完成: 70条记录, 970次违规
INFO 2025-08-16 18:05:43,472 views 28540 30440 违规数据分析完成: 70条记录
INFO 2025-08-16 18:05:43,474 basehttp 28540 30440 "GET /monitor/api/violations/analytics/?range=all&all=true HTTP/1.1" 200 2406
INFO 2025-08-16 18:05:46,596 views 28540 460 违规数据分析请求: range=24h, query_all=False
INFO 2025-08-16 18:05:46,604 services 28540 460 违规数据分析完成: 0条记录, 0次违规
INFO 2025-08-16 18:05:46,605 views 28540 460 违规数据分析完成: 0条记录
INFO 2025-08-16 18:05:46,607 basehttp 28540 460 "GET /monitor/api/violations/analytics/?range=24h HTTP/1.1" 200 481
WARNING 2025-08-16 18:05:47,801 log 28540 34652 Method Not Allowed (OPTIONS): /monitor/api/violations/analytics/
WARNING 2025-08-16 18:05:47,802 basehttp 28540 34652 "OPTIONS /monitor/api/violations/analytics/?range=24h HTTP/1.1" 405 0
INFO 2025-08-16 18:05:56,440 views 28540 996 违规数据分析请求: range=24h, query_all=False
INFO 2025-08-16 18:05:56,449 services 28540 996 违规数据分析完成: 0条记录, 0次违规
INFO 2025-08-16 18:05:56,449 views 28540 996 违规数据分析完成: 0条记录
INFO 2025-08-16 18:05:56,450 basehttp 28540 996 "GET /monitor/api/violations/analytics/?range=24h HTTP/1.1" 200 481
WARNING 2025-08-16 18:05:57,842 log 28540 34652 Method Not Allowed (OPTIONS): /monitor/api/violations/analytics/
WARNING 2025-08-16 18:05:57,843 basehttp 28540 34652 "OPTIONS /monitor/api/violations/analytics/?range=24h HTTP/1.1" 405 0
WARNING 2025-08-16 18:06:01,310 log 28540 34652 Method Not Allowed (OPTIONS): /monitor/api/violations/analytics/
WARNING 2025-08-16 18:06:01,310 basehttp 28540 34652 "OPTIONS /monitor/api/violations/analytics/?range=24h HTTP/1.1" 405 0
INFO 2025-08-16 18:06:02,728 views 28540 34280 违规数据分析请求: range=24h, query_all=False
INFO 2025-08-16 18:06:02,736 services 28540 34280 违规数据分析完成: 0条记录, 0次违规
INFO 2025-08-16 18:06:02,736 views 28540 34280 违规数据分析完成: 0条记录
INFO 2025-08-16 18:06:02,737 basehttp 28540 34280 "GET /monitor/api/violations/analytics/?range=24h HTTP/1.1" 200 481
INFO 2025-08-16 18:06:24,068 views 28540 2324 违规数据分析请求: range=30d, query_all=False
INFO 2025-08-16 18:06:24,089 services 28540 2324 违规数据分析完成: 69条记录, 966次违规
INFO 2025-08-16 18:06:24,090 views 28540 2324 违规数据分析完成: 69条记录
INFO 2025-08-16 18:06:24,091 basehttp 28540 2324 "GET /monitor/api/violations/analytics/?range=30d HTTP/1.1" 200 2323
INFO 2025-08-16 18:06:25,968 views 28540 20988 违规数据分析请求: range=all, query_all=True
INFO 2025-08-16 18:06:25,978 services 28540 20988 违规数据分析完成: 70条记录, 970次违规
INFO 2025-08-16 18:06:25,978 views 28540 20988 违规数据分析完成: 70条记录
INFO 2025-08-16 18:06:25,980 basehttp 28540 20988 "GET /monitor/api/violations/analytics/?range=all&all=true HTTP/1.1" 200 2406
INFO 2025-08-16 18:06:27,191 views 28540 41472 违规数据分析请求: range=7d, query_all=False
INFO 2025-08-16 18:06:27,199 services 28540 41472 违规数据分析完成: 0条记录, 0次违规
INFO 2025-08-16 18:06:27,199 views 28540 41472 违规数据分析完成: 0条记录
INFO 2025-08-16 18:06:27,200 basehttp 28540 41472 "GET /monitor/api/violations/analytics/?range=7d HTTP/1.1" 200 466
INFO 2025-08-16 18:06:28,593 views 28540 2728 违规数据分析请求: range=1h, query_all=False
INFO 2025-08-16 18:06:28,601 services 28540 2728 违规数据分析完成: 0条记录, 0次违规
INFO 2025-08-16 18:06:28,602 views 28540 2728 违规数据分析完成: 0条记录
INFO 2025-08-16 18:06:28,603 basehttp 28540 2728 "GET /monitor/api/violations/analytics/?range=1h HTTP/1.1" 200 478
INFO 2025-08-16 18:06:29,777 views 28540 43796 违规数据分析请求: range=24h, query_all=False
INFO 2025-08-16 18:06:29,786 services 28540 43796 违规数据分析完成: 0条记录, 0次违规
INFO 2025-08-16 18:06:29,786 views 28540 43796 违规数据分析完成: 0条记录
INFO 2025-08-16 18:06:29,787 basehttp 28540 43796 "GET /monitor/api/violations/analytics/?range=24h HTTP/1.1" 200 481
INFO 2025-08-16 18:06:30,644 views 28540 7564 违规数据分析请求: range=30d, query_all=False
INFO 2025-08-16 18:06:30,657 services 28540 7564 违规数据分析完成: 69条记录, 966次违规
INFO 2025-08-16 18:06:30,658 views 28540 7564 违规数据分析完成: 69条记录
INFO 2025-08-16 18:06:30,660 basehttp 28540 7564 "GET /monitor/api/violations/analytics/?range=30d HTTP/1.1" 200 2323
INFO 2025-08-16 18:06:31,943 views 28540 12568 违规数据分析请求: range=all, query_all=True
INFO 2025-08-16 18:06:31,955 services 28540 12568 违规数据分析完成: 70条记录, 970次违规
INFO 2025-08-16 18:06:31,956 views 28540 12568 违规数据分析完成: 70条记录
INFO 2025-08-16 18:06:31,959 basehttp 28540 12568 "GET /monitor/api/violations/analytics/?range=all&all=true HTTP/1.1" 200 2406
INFO 2025-08-16 18:06:33,237 views 28540 38948 违规数据分析请求: range=30d, query_all=False
INFO 2025-08-16 18:06:33,247 services 28540 38948 违规数据分析完成: 69条记录, 966次违规
INFO 2025-08-16 18:06:33,248 views 28540 38948 违规数据分析完成: 69条记录
INFO 2025-08-16 18:06:33,249 basehttp 28540 38948 "GET /monitor/api/violations/analytics/?range=30d HTTP/1.1" 200 2323
INFO 2025-08-16 18:06:34,226 views 28540 24760 违规数据分析请求: range=1h, query_all=False
INFO 2025-08-16 18:06:34,237 services 28540 24760 违规数据分析完成: 0条记录, 0次违规
INFO 2025-08-16 18:06:34,237 views 28540 24760 违规数据分析完成: 0条记录
INFO 2025-08-16 18:06:34,238 basehttp 28540 24760 "GET /monitor/api/violations/analytics/?range=1h HTTP/1.1" 200 478
INFO 2025-08-16 18:06:35,875 views 28540 41992 违规数据分析请求: range=24h, query_all=False
INFO 2025-08-16 18:06:35,883 services 28540 41992 违规数据分析完成: 0条记录, 0次违规
INFO 2025-08-16 18:06:35,884 views 28540 41992 违规数据分析完成: 0条记录
INFO 2025-08-16 18:06:35,886 basehttp 28540 41992 "GET /monitor/api/violations/analytics/?range=24h HTTP/1.1" 200 481
INFO 2025-08-16 18:06:36,958 views 28540 44716 违规数据分析请求: range=30d, query_all=False
INFO 2025-08-16 18:06:36,972 services 28540 44716 违规数据分析完成: 69条记录, 966次违规
INFO 2025-08-16 18:06:36,973 views 28540 44716 违规数据分析完成: 69条记录
INFO 2025-08-16 18:06:36,975 basehttp 28540 44716 "GET /monitor/api/violations/analytics/?range=30d HTTP/1.1" 200 2323
INFO 2025-08-16 18:06:39,258 views 28540 26064 违规数据分析请求: range=all, query_all=True
INFO 2025-08-16 18:06:39,270 services 28540 26064 违规数据分析完成: 70条记录, 970次违规
INFO 2025-08-16 18:06:39,271 views 28540 26064 违规数据分析完成: 70条记录
INFO 2025-08-16 18:06:39,273 basehttp 28540 26064 "GET /monitor/api/violations/analytics/?range=all&all=true HTTP/1.1" 200 2406
INFO 2025-08-16 18:07:02,737 views 28540 16676 违规数据分析请求: range=all, query_all=True
INFO 2025-08-16 18:07:02,748 services 28540 16676 违规数据分析完成: 70条记录, 970次违规
INFO 2025-08-16 18:07:02,749 views 28540 16676 违规数据分析完成: 70条记录
INFO 2025-08-16 18:07:02,750 basehttp 28540 16676 "GET /monitor/api/violations/analytics/?range=all&all=true HTTP/1.1" 200 2406
INFO 2025-08-16 18:07:06,554 views 28540 42368 违规数据分析请求: range=24h, query_all=False
INFO 2025-08-16 18:07:06,563 services 28540 42368 违规数据分析完成: 0条记录, 0次违规
INFO 2025-08-16 18:07:06,563 views 28540 42368 违规数据分析完成: 0条记录
INFO 2025-08-16 18:07:06,565 basehttp 28540 42368 "GET /monitor/api/violations/analytics/?range=24h HTTP/1.1" 200 481
INFO 2025-08-16 18:07:27,810 views 28540 42812 违规数据分析请求: range=24h, query_all=False
INFO 2025-08-16 18:07:27,822 services 28540 42812 违规数据分析完成: 0条记录, 0次违规
INFO 2025-08-16 18:07:27,823 views 28540 42812 违规数据分析完成: 0条记录
INFO 2025-08-16 18:07:27,824 basehttp 28540 42812 "GET /monitor/api/violations/analytics/?range=24h HTTP/1.1" 200 481
INFO 2025-08-16 18:07:43,457 views 28540 24344 违规数据分析请求: range=all, query_all=True
INFO 2025-08-16 18:07:43,472 services 28540 24344 违规数据分析完成: 70条记录, 970次违规
INFO 2025-08-16 18:07:43,472 views 28540 24344 违规数据分析完成: 70条记录
INFO 2025-08-16 18:07:43,474 basehttp 28540 24344 "GET /monitor/api/violations/analytics/?range=all&all=true HTTP/1.1" 200 2406
INFO 2025-08-16 18:08:03,445 views 28540 31684 违规数据分析请求: range=all, query_all=True
INFO 2025-08-16 18:08:03,456 services 28540 31684 违规数据分析完成: 70条记录, 970次违规
INFO 2025-08-16 18:08:03,457 views 28540 31684 违规数据分析完成: 70条记录
INFO 2025-08-16 18:08:03,458 basehttp 28540 31684 "GET /monitor/api/violations/analytics/?range=all&all=true HTTP/1.1" 200 2406
INFO 2025-08-16 18:08:28,450 views 28540 20640 违规数据分析请求: range=24h, query_all=False
INFO 2025-08-16 18:08:28,460 services 28540 20640 违规数据分析完成: 0条记录, 0次违规
INFO 2025-08-16 18:08:28,460 views 28540 20640 违规数据分析完成: 0条记录
INFO 2025-08-16 18:08:28,461 basehttp 28540 20640 "GET /monitor/api/violations/analytics/?range=24h HTTP/1.1" 200 481
INFO 2025-08-16 18:09:03,463 views 28540 27764 违规数据分析请求: range=all, query_all=True
INFO 2025-08-16 18:09:03,474 services 28540 27764 违规数据分析完成: 70条记录, 970次违规
INFO 2025-08-16 18:09:03,475 views 28540 27764 违规数据分析完成: 70条记录
INFO 2025-08-16 18:09:03,476 basehttp 28540 27764 "GET /monitor/api/violations/analytics/?range=all&all=true HTTP/1.1" 200 2406
INFO 2025-08-16 18:09:28,452 views 28540 42812 违规数据分析请求: range=24h, query_all=False
INFO 2025-08-16 18:09:28,460 services 28540 42812 违规数据分析完成: 0条记录, 0次违规
INFO 2025-08-16 18:09:28,461 views 28540 42812 违规数据分析完成: 0条记录
INFO 2025-08-16 18:09:28,462 basehttp 28540 42812 "GET /monitor/api/violations/analytics/?range=24h HTTP/1.1" 200 481
INFO 2025-08-16 18:09:43,449 views 28540 34072 违规数据分析请求: range=all, query_all=True
INFO 2025-08-16 18:09:43,462 services 28540 34072 违规数据分析完成: 70条记录, 970次违规
INFO 2025-08-16 18:09:43,463 views 28540 34072 违规数据分析完成: 70条记录
INFO 2025-08-16 18:09:43,464 basehttp 28540 34072 "GET /monitor/api/violations/analytics/?range=all&all=true HTTP/1.1" 200 2406
INFO 2025-08-16 18:10:03,463 views 28540 33712 违规数据分析请求: range=all, query_all=True
INFO 2025-08-16 18:10:03,475 services 28540 33712 违规数据分析完成: 70条记录, 970次违规
INFO 2025-08-16 18:10:03,476 views 28540 33712 违规数据分析完成: 70条记录
INFO 2025-08-16 18:10:03,477 basehttp 28540 33712 "GET /monitor/api/violations/analytics/?range=all&all=true HTTP/1.1" 200 2406
INFO 2025-08-16 18:10:28,446 views 28540 20360 违规数据分析请求: range=24h, query_all=False
INFO 2025-08-16 18:10:28,455 services 28540 20360 违规数据分析完成: 0条记录, 0次违规
INFO 2025-08-16 18:10:28,456 views 28540 20360 违规数据分析完成: 0条记录
INFO 2025-08-16 18:10:28,457 basehttp 28540 20360 "GET /monitor/api/violations/analytics/?range=24h HTTP/1.1" 200 481
INFO 2025-08-16 18:11:03,461 views 28540 28592 违规数据分析请求: range=all, query_all=True
INFO 2025-08-16 18:11:03,471 services 28540 28592 违规数据分析完成: 70条记录, 970次违规
INFO 2025-08-16 18:11:03,471 views 28540 28592 违规数据分析完成: 70条记录
INFO 2025-08-16 18:11:03,473 basehttp 28540 28592 "GET /monitor/api/violations/analytics/?range=all&all=true HTTP/1.1" 200 2406
INFO 2025-08-16 18:11:28,457 views 28540 23752 违规数据分析请求: range=24h, query_all=False
INFO 2025-08-16 18:11:28,467 services 28540 23752 违规数据分析完成: 0条记录, 0次违规
INFO 2025-08-16 18:11:28,468 views 28540 23752 违规数据分析完成: 0条记录
INFO 2025-08-16 18:11:28,470 basehttp 28540 23752 "GET /monitor/api/violations/analytics/?range=24h HTTP/1.1" 200 481
INFO 2025-08-16 18:11:43,457 views 28540 41160 违规数据分析请求: range=all, query_all=True
INFO 2025-08-16 18:11:43,471 services 28540 41160 违规数据分析完成: 70条记录, 970次违规
INFO 2025-08-16 18:11:43,471 views 28540 41160 违规数据分析完成: 70条记录
INFO 2025-08-16 18:11:43,473 basehttp 28540 41160 "GET /monitor/api/violations/analytics/?range=all&all=true HTTP/1.1" 200 2406
INFO 2025-08-16 18:12:03,453 views 28540 37716 违规数据分析请求: range=all, query_all=True
INFO 2025-08-16 18:12:03,466 services 28540 37716 违规数据分析完成: 70条记录, 970次违规
INFO 2025-08-16 18:12:03,468 views 28540 37716 违规数据分析完成: 70条记录
INFO 2025-08-16 18:12:03,470 basehttp 28540 37716 "GET /monitor/api/violations/analytics/?range=all&all=true HTTP/1.1" 200 2406
INFO 2025-08-16 18:12:28,454 views 28540 44364 违规数据分析请求: range=24h, query_all=False
INFO 2025-08-16 18:12:28,464 services 28540 44364 违规数据分析完成: 0条记录, 0次违规
INFO 2025-08-16 18:12:28,464 views 28540 44364 违规数据分析完成: 0条记录
INFO 2025-08-16 18:12:28,465 basehttp 28540 44364 "GET /monitor/api/violations/analytics/?range=24h HTTP/1.1" 200 481
INFO 2025-08-16 18:13:28,458 views 28540 43512 违规数据分析请求: range=24h, query_all=False
INFO 2025-08-16 18:13:28,467 services 28540 43512 违规数据分析完成: 0条记录, 0次违规
INFO 2025-08-16 18:13:28,468 views 28540 43512 违规数据分析完成: 0条记录
INFO 2025-08-16 18:13:28,469 basehttp 28540 43512 "GET /monitor/api/violations/analytics/?range=24h HTTP/1.1" 200 481
INFO 2025-08-16 18:13:43,451 views 28540 22432 违规数据分析请求: range=all, query_all=True
INFO 2025-08-16 18:13:43,454 views 28540 38876 违规数据分析请求: range=all, query_all=True
INFO 2025-08-16 18:13:43,467 services 28540 22432 违规数据分析完成: 70条记录, 970次违规
INFO 2025-08-16 18:13:43,468 views 28540 22432 违规数据分析完成: 70条记录
INFO 2025-08-16 18:13:43,474 services 28540 38876 违规数据分析完成: 70条记录, 970次违规
INFO 2025-08-16 18:13:43,474 views 28540 38876 违规数据分析完成: 70条记录
INFO 2025-08-16 18:13:43,475 basehttp 28540 22432 "GET /monitor/api/violations/analytics/?range=all&all=true HTTP/1.1" 200 2406
INFO 2025-08-16 18:13:43,477 basehttp 28540 38876 "GET /monitor/api/violations/analytics/?range=all&all=true HTTP/1.1" 200 2406
INFO 2025-08-16 18:14:43,460 views 28540 6288 违规数据分析请求: range=24h, query_all=False
INFO 2025-08-16 18:14:43,466 views 28540 24564 违规数据分析请求: range=all, query_all=True
INFO 2025-08-16 18:14:43,472 services 28540 6288 违规数据分析完成: 0条记录, 0次违规
INFO 2025-08-16 18:14:43,473 views 28540 6288 违规数据分析完成: 0条记录
INFO 2025-08-16 18:14:43,474 basehttp 28540 6288 "GET /monitor/api/violations/analytics/?range=24h HTTP/1.1" 200 481
INFO 2025-08-16 18:14:43,480 services 28540 24564 违规数据分析完成: 70条记录, 970次违规
INFO 2025-08-16 18:14:43,480 views 28540 24564 违规数据分析完成: 70条记录
INFO 2025-08-16 18:14:43,482 basehttp 28540 24564 "GET /monitor/api/violations/analytics/?range=all&all=true HTTP/1.1" 200 2406
INFO 2025-08-16 18:15:43,459 views 28540 10164 违规数据分析请求: range=all, query_all=True
INFO 2025-08-16 18:15:43,464 views 28540 37428 违规数据分析请求: range=24h, query_all=False
INFO 2025-08-16 18:15:43,467 views 28540 43032 违规数据分析请求: range=all, query_all=True
INFO 2025-08-16 18:15:43,481 services 28540 10164 违规数据分析完成: 70条记录, 970次违规
INFO 2025-08-16 18:15:43,482 views 28540 10164 违规数据分析完成: 70条记录
INFO 2025-08-16 18:15:43,483 services 28540 37428 违规数据分析完成: 0条记录, 0次违规
INFO 2025-08-16 18:15:43,484 views 28540 37428 违规数据分析完成: 0条记录
INFO 2025-08-16 18:15:43,485 basehttp 28540 10164 "GET /monitor/api/violations/analytics/?range=all&all=true HTTP/1.1" 200 2406
INFO 2025-08-16 18:15:43,488 basehttp 28540 37428 "GET /monitor/api/violations/analytics/?range=24h HTTP/1.1" 200 481
INFO 2025-08-16 18:15:43,493 services 28540 43032 违规数据分析完成: 70条记录, 970次违规
INFO 2025-08-16 18:15:43,494 views 28540 43032 违规数据分析完成: 70条记录
INFO 2025-08-16 18:15:43,496 basehttp 28540 43032 "GET /monitor/api/violations/analytics/?range=all&all=true HTTP/1.1" 200 2406
INFO 2025-08-16 18:16:43,453 views 28540 43012 违规数据分析请求: range=24h, query_all=False
INFO 2025-08-16 18:16:43,458 views 28540 19572 违规数据分析请求: range=all, query_all=True
INFO 2025-08-16 18:16:43,462 services 28540 43012 违规数据分析完成: 0条记录, 0次违规
INFO 2025-08-16 18:16:43,464 views 28540 43012 违规数据分析完成: 0条记录
INFO 2025-08-16 18:16:43,465 basehttp 28540 43012 "GET /monitor/api/violations/analytics/?range=24h HTTP/1.1" 200 481
INFO 2025-08-16 18:16:43,471 services 28540 19572 违规数据分析完成: 70条记录, 970次违规
INFO 2025-08-16 18:16:43,472 views 28540 19572 违规数据分析完成: 70条记录
INFO 2025-08-16 18:16:43,474 basehttp 28540 19572 "GET /monitor/api/violations/analytics/?range=all&all=true HTTP/1.1" 200 2406
INFO 2025-08-16 18:17:43,459 views 28540 44728 违规数据分析请求: range=all, query_all=True
INFO 2025-08-16 18:17:43,463 views 28540 25976 违规数据分析请求: range=24h, query_all=False
INFO 2025-08-16 18:17:43,467 views 28540 24808 违规数据分析请求: range=all, query_all=True
INFO 2025-08-16 18:17:43,478 services 28540 44728 违规数据分析完成: 70条记录, 970次违规
INFO 2025-08-16 18:17:43,479 services 28540 25976 违规数据分析完成: 0条记录, 0次违规
INFO 2025-08-16 18:17:43,479 views 28540 44728 违规数据分析完成: 70条记录
INFO 2025-08-16 18:17:43,480 views 28540 25976 违规数据分析完成: 0条记录
INFO 2025-08-16 18:17:43,483 basehttp 28540 44728 "GET /monitor/api/violations/analytics/?range=all&all=true HTTP/1.1" 200 2406
INFO 2025-08-16 18:17:43,483 basehttp 28540 25976 "GET /monitor/api/violations/analytics/?range=24h HTTP/1.1" 200 481
INFO 2025-08-16 18:17:43,491 services 28540 24808 违规数据分析完成: 70条记录, 970次违规
INFO 2025-08-16 18:17:43,492 views 28540 24808 违规数据分析完成: 70条记录
INFO 2025-08-16 18:17:43,493 basehttp 28540 24808 "GET /monitor/api/violations/analytics/?range=all&all=true HTTP/1.1" 200 2406
INFO 2025-08-16 18:18:43,456 views 28540 11720 违规数据分析请求: range=24h, query_all=False
INFO 2025-08-16 18:18:43,462 views 28540 34452 违规数据分析请求: range=all, query_all=True
INFO 2025-08-16 18:18:43,467 services 28540 11720 违规数据分析完成: 0条记录, 0次违规
INFO 2025-08-16 18:18:43,468 views 28540 11720 违规数据分析完成: 0条记录
INFO 2025-08-16 18:18:43,469 basehttp 28540 11720 "GET /monitor/api/violations/analytics/?range=24h HTTP/1.1" 200 481
INFO 2025-08-16 18:18:43,477 services 28540 34452 违规数据分析完成: 70条记录, 970次违规
INFO 2025-08-16 18:18:43,477 views 28540 34452 违规数据分析完成: 70条记录
INFO 2025-08-16 18:18:43,478 basehttp 28540 34452 "GET /monitor/api/violations/analytics/?range=all&all=true HTTP/1.1" 200 2406
INFO 2025-08-16 18:19:43,455 views 28540 19996 违规数据分析请求: range=24h, query_all=False
INFO 2025-08-16 18:19:43,458 views 28540 37488 违规数据分析请求: range=all, query_all=True
INFO 2025-08-16 18:19:43,463 views 28540 29700 违规数据分析请求: range=all, query_all=True
INFO 2025-08-16 18:19:43,468 services 28540 19996 违规数据分析完成: 0条记录, 0次违规
INFO 2025-08-16 18:19:43,469 views 28540 19996 违规数据分析完成: 0条记录
INFO 2025-08-16 18:19:43,476 services 28540 37488 违规数据分析完成: 70条记录, 970次违规
INFO 2025-08-16 18:19:43,477 basehttp 28540 19996 "GET /monitor/api/violations/analytics/?range=24h HTTP/1.1" 200 481
INFO 2025-08-16 18:19:43,478 views 28540 37488 违规数据分析完成: 70条记录
INFO 2025-08-16 18:19:43,485 services 28540 29700 违规数据分析完成: 70条记录, 970次违规
INFO 2025-08-16 18:19:43,486 views 28540 29700 违规数据分析完成: 70条记录
INFO 2025-08-16 18:19:43,487 basehttp 28540 37488 "GET /monitor/api/violations/analytics/?range=all&all=true HTTP/1.1" 200 2406
INFO 2025-08-16 18:19:43,489 basehttp 28540 29700 "GET /monitor/api/violations/analytics/?range=all&all=true HTTP/1.1" 200 2406
INFO 2025-08-16 18:20:43,460 views 28540 32984 违规数据分析请求: range=24h, query_all=False
INFO 2025-08-16 18:20:43,465 views 28540 42896 违规数据分析请求: range=all, query_all=True
INFO 2025-08-16 18:20:43,471 services 28540 32984 违规数据分析完成: 0条记录, 0次违规
INFO 2025-08-16 18:20:43,472 views 28540 32984 违规数据分析完成: 0条记录
INFO 2025-08-16 18:20:43,474 basehttp 28540 32984 "GET /monitor/api/violations/analytics/?range=24h HTTP/1.1" 200 481
INFO 2025-08-16 18:20:43,479 services 28540 42896 违规数据分析完成: 70条记录, 970次违规
INFO 2025-08-16 18:20:43,481 views 28540 42896 违规数据分析完成: 70条记录
INFO 2025-08-16 18:20:43,482 basehttp 28540 42896 "GET /monitor/api/violations/analytics/?range=all&all=true HTTP/1.1" 200 2406
INFO 2025-08-16 18:21:43,457 views 28540 31368 违规数据分析请求: range=24h, query_all=False
INFO 2025-08-16 18:21:43,462 views 28540 21848 违规数据分析请求: range=all, query_all=True
INFO 2025-08-16 18:21:43,465 views 28540 30992 违规数据分析请求: range=all, query_all=True
INFO 2025-08-16 18:21:43,471 services 28540 31368 违规数据分析完成: 0条记录, 0次违规
INFO 2025-08-16 18:21:43,478 services 28540 21848 违规数据分析完成: 70条记录, 970次违规
INFO 2025-08-16 18:21:43,478 views 28540 31368 违规数据分析完成: 0条记录
INFO 2025-08-16 18:21:43,479 views 28540 21848 违规数据分析完成: 70条记录
INFO 2025-08-16 18:21:43,483 basehttp 28540 31368 "GET /monitor/api/violations/analytics/?range=24h HTTP/1.1" 200 481
INFO 2025-08-16 18:21:43,484 basehttp 28540 21848 "GET /monitor/api/violations/analytics/?range=all&all=true HTTP/1.1" 200 2406
INFO 2025-08-16 18:21:43,490 services 28540 30992 违规数据分析完成: 70条记录, 970次违规
INFO 2025-08-16 18:21:43,491 views 28540 30992 违规数据分析完成: 70条记录
INFO 2025-08-16 18:21:43,492 basehttp 28540 30992 "GET /monitor/api/violations/analytics/?range=all&all=true HTTP/1.1" 200 2406
INFO 2025-08-16 18:22:43,452 views 28540 43748 违规数据分析请求: range=24h, query_all=False
INFO 2025-08-16 18:22:43,456 views 28540 43788 违规数据分析请求: range=all, query_all=True
INFO 2025-08-16 18:22:43,464 services 28540 43748 违规数据分析完成: 0条记录, 0次违规
INFO 2025-08-16 18:22:43,465 views 28540 43748 违规数据分析完成: 0条记录
INFO 2025-08-16 18:22:43,469 services 28540 43788 违规数据分析完成: 70条记录, 970次违规
INFO 2025-08-16 18:22:43,471 views 28540 43788 违规数据分析完成: 70条记录
INFO 2025-08-16 18:22:43,471 basehttp 28540 43748 "GET /monitor/api/violations/analytics/?range=24h HTTP/1.1" 200 481
INFO 2025-08-16 18:22:43,473 basehttp 28540 43788 "GET /monitor/api/violations/analytics/?range=all&all=true HTTP/1.1" 200 2406
INFO 2025-08-16 18:23:43,457 views 28540 9112 违规数据分析请求: range=all, query_all=True
INFO 2025-08-16 18:23:43,461 views 28540 42232 违规数据分析请求: range=24h, query_all=False
INFO 2025-08-16 18:23:43,466 views 28540 5820 违规数据分析请求: range=all, query_all=True
INFO 2025-08-16 18:23:43,475 services 28540 9112 违规数据分析完成: 70条记录, 970次违规
INFO 2025-08-16 18:23:43,476 views 28540 9112 违规数据分析完成: 70条记录
INFO 2025-08-16 18:23:43,478 services 28540 42232 违规数据分析完成: 0条记录, 0次违规
INFO 2025-08-16 18:23:43,479 views 28540 42232 违规数据分析完成: 0条记录
INFO 2025-08-16 18:23:43,479 basehttp 28540 9112 "GET /monitor/api/violations/analytics/?range=all&all=true HTTP/1.1" 200 2406
INFO 2025-08-16 18:23:43,481 basehttp 28540 42232 "GET /monitor/api/violations/analytics/?range=24h HTTP/1.1" 200 481
INFO 2025-08-16 18:23:43,488 services 28540 5820 违规数据分析完成: 70条记录, 970次违规
INFO 2025-08-16 18:23:43,489 views 28540 5820 违规数据分析完成: 70条记录
INFO 2025-08-16 18:23:43,491 basehttp 28540 5820 "GET /monitor/api/violations/analytics/?range=all&all=true HTTP/1.1" 200 2406
INFO 2025-08-16 18:24:43,460 views 28540 19928 违规数据分析请求: range=24h, query_all=False
INFO 2025-08-16 18:24:43,465 views 28540 42260 违规数据分析请求: range=all, query_all=True
INFO 2025-08-16 18:24:43,472 services 28540 19928 违规数据分析完成: 0条记录, 0次违规
INFO 2025-08-16 18:24:43,473 views 28540 19928 违规数据分析完成: 0条记录
INFO 2025-08-16 18:24:43,474 basehttp 28540 19928 "GET /monitor/api/violations/analytics/?range=24h HTTP/1.1" 200 481
INFO 2025-08-16 18:24:43,480 services 28540 42260 违规数据分析完成: 70条记录, 970次违规
INFO 2025-08-16 18:24:43,481 views 28540 42260 违规数据分析完成: 70条记录
INFO 2025-08-16 18:24:43,482 basehttp 28540 42260 "GET /monitor/api/violations/analytics/?range=all&all=true HTTP/1.1" 200 2406
INFO 2025-08-16 18:25:43,465 views 28540 32632 违规数据分析请求: range=all, query_all=True
INFO 2025-08-16 18:25:43,470 views 28540 41752 违规数据分析请求: range=all, query_all=True
INFO 2025-08-16 18:25:43,474 views 28540 23140 违规数据分析请求: range=24h, query_all=False
INFO 2025-08-16 18:25:43,485 services 28540 32632 违规数据分析完成: 70条记录, 970次违规
INFO 2025-08-16 18:25:43,485 views 28540 32632 违规数据分析完成: 70条记录
INFO 2025-08-16 18:25:43,491 services 28540 41752 违规数据分析完成: 70条记录, 970次违规
INFO 2025-08-16 18:25:43,492 views 28540 41752 违规数据分析完成: 70条记录
INFO 2025-08-16 18:25:43,495 basehttp 28540 32632 "GET /monitor/api/violations/analytics/?range=all&all=true HTTP/1.1" 200 2406
INFO 2025-08-16 18:25:43,496 basehttp 28540 41752 "GET /monitor/api/violations/analytics/?range=all&all=true HTTP/1.1" 200 2406
INFO 2025-08-16 18:25:43,497 services 28540 23140 违规数据分析完成: 0条记录, 0次违规
INFO 2025-08-16 18:25:43,498 views 28540 23140 违规数据分析完成: 0条记录
INFO 2025-08-16 18:25:43,499 basehttp 28540 23140 "GET /monitor/api/violations/analytics/?range=24h HTTP/1.1" 200 481
INFO 2025-08-16 18:26:43,453 views 28540 38108 违规数据分析请求: range=24h, query_all=False
INFO 2025-08-16 18:26:43,458 views 28540 35416 违规数据分析请求: range=all, query_all=True
INFO 2025-08-16 18:26:43,464 services 28540 38108 违规数据分析完成: 0条记录, 0次违规
INFO 2025-08-16 18:26:43,464 views 28540 38108 违规数据分析完成: 0条记录
INFO 2025-08-16 18:26:43,467 basehttp 28540 38108 "GET /monitor/api/violations/analytics/?range=24h HTTP/1.1" 200 481
INFO 2025-08-16 18:26:43,472 services 28540 35416 违规数据分析完成: 70条记录, 970次违规
INFO 2025-08-16 18:26:43,473 views 28540 35416 违规数据分析完成: 70条记录
INFO 2025-08-16 18:26:43,475 basehttp 28540 35416 "GET /monitor/api/violations/analytics/?range=all&all=true HTTP/1.1" 200 2406
INFO 2025-08-16 18:27:43,448 views 28540 39668 违规数据分析请求: range=24h, query_all=False
INFO 2025-08-16 18:27:43,453 views 28540 39352 违规数据分析请求: range=all, query_all=True
INFO 2025-08-16 18:27:43,459 services 28540 39668 违规数据分析完成: 0条记录, 0次违规
INFO 2025-08-16 18:27:43,460 views 28540 39668 违规数据分析完成: 0条记录
INFO 2025-08-16 18:27:43,463 views 28540 28864 违规数据分析请求: range=all, query_all=True
INFO 2025-08-16 18:27:43,472 services 28540 39352 违规数据分析完成: 70条记录, 970次违规
INFO 2025-08-16 18:27:43,473 basehttp 28540 39668 "GET /monitor/api/violations/analytics/?range=24h HTTP/1.1" 200 481
INFO 2025-08-16 18:27:43,473 views 28540 39352 违规数据分析完成: 70条记录
INFO 2025-08-16 18:27:43,477 basehttp 28540 39352 "GET /monitor/api/violations/analytics/?range=all&all=true HTTP/1.1" 200 2406
INFO 2025-08-16 18:27:43,483 services 28540 28864 违规数据分析完成: 70条记录, 970次违规
INFO 2025-08-16 18:27:43,484 views 28540 28864 违规数据分析完成: 70条记录
INFO 2025-08-16 18:27:43,486 basehttp 28540 28864 "GET /monitor/api/violations/analytics/?range=all&all=true HTTP/1.1" 200 2406
INFO 2025-08-16 18:28:43,455 views 28540 4848 违规数据分析请求: range=24h, query_all=False
INFO 2025-08-16 18:28:43,460 views 28540 41740 违规数据分析请求: range=all, query_all=True
INFO 2025-08-16 18:28:43,465 services 28540 4848 违规数据分析完成: 0条记录, 0次违规
INFO 2025-08-16 18:28:43,466 views 28540 4848 违规数据分析完成: 0条记录
INFO 2025-08-16 18:28:43,468 basehttp 28540 4848 "GET /monitor/api/violations/analytics/?range=24h HTTP/1.1" 200 481
INFO 2025-08-16 18:28:43,473 services 28540 41740 违规数据分析完成: 70条记录, 970次违规
INFO 2025-08-16 18:28:43,474 views 28540 41740 违规数据分析完成: 70条记录
INFO 2025-08-16 18:28:43,476 basehttp 28540 41740 "GET /monitor/api/violations/analytics/?range=all&all=true HTTP/1.1" 200 2406
INFO 2025-08-16 18:29:43,462 views 28540 27972 违规数据分析请求: range=all, query_all=True
INFO 2025-08-16 18:29:43,466 views 28540 34520 违规数据分析请求: range=24h, query_all=False
INFO 2025-08-16 18:29:43,470 views 28540 27836 违规数据分析请求: range=all, query_all=True
INFO 2025-08-16 18:29:43,483 services 28540 27972 违规数据分析完成: 70条记录, 970次违规
INFO 2025-08-16 18:29:43,484 views 28540 27972 违规数据分析完成: 70条记录
INFO 2025-08-16 18:29:43,485 services 28540 34520 违规数据分析完成: 0条记录, 0次违规
INFO 2025-08-16 18:29:43,487 basehttp 28540 27972 "GET /monitor/api/violations/analytics/?range=all&all=true HTTP/1.1" 200 2406
INFO 2025-08-16 18:29:43,487 views 28540 34520 违规数据分析完成: 0条记录
INFO 2025-08-16 18:29:43,495 services 28540 27836 违规数据分析完成: 70条记录, 970次违规
INFO 2025-08-16 18:29:43,495 views 28540 27836 违规数据分析完成: 70条记录
INFO 2025-08-16 18:29:43,496 basehttp 28540 34520 "GET /monitor/api/violations/analytics/?range=24h HTTP/1.1" 200 481
INFO 2025-08-16 18:29:43,498 basehttp 28540 27836 "GET /monitor/api/violations/analytics/?range=all&all=true HTTP/1.1" 200 2406
INFO 2025-08-16 18:30:43,462 views 28540 32608 违规数据分析请求: range=24h, query_all=False
INFO 2025-08-16 18:30:43,466 views 28540 25276 违规数据分析请求: range=all, query_all=True
INFO 2025-08-16 18:30:43,473 services 28540 32608 违规数据分析完成: 0条记录, 0次违规
INFO 2025-08-16 18:30:43,473 views 28540 32608 违规数据分析完成: 0条记录
INFO 2025-08-16 18:30:43,475 basehttp 28540 32608 "GET /monitor/api/violations/analytics/?range=24h HTTP/1.1" 200 481
INFO 2025-08-16 18:30:43,481 services 28540 25276 违规数据分析完成: 70条记录, 970次违规
INFO 2025-08-16 18:30:43,481 views 28540 25276 违规数据分析完成: 70条记录
INFO 2025-08-16 18:30:43,483 basehttp 28540 25276 "GET /monitor/api/violations/analytics/?range=all&all=true HTTP/1.1" 200 2406
INFO 2025-08-16 18:31:43,447 views 28540 31500 违规数据分析请求: range=all, query_all=True
INFO 2025-08-16 18:31:43,451 views 28540 37928 违规数据分析请求: range=all, query_all=True
INFO 2025-08-16 18:31:43,460 services 28540 31500 违规数据分析完成: 70条记录, 970次违规
INFO 2025-08-16 18:31:43,462 views 28540 31500 违规数据分析完成: 70条记录
INFO 2025-08-16 18:31:43,464 views 28540 44480 违规数据分析请求: range=24h, query_all=False
INFO 2025-08-16 18:31:43,473 services 28540 37928 违规数据分析完成: 70条记录, 970次违规
INFO 2025-08-16 18:31:43,473 basehttp 28540 31500 "GET /monitor/api/violations/analytics/?range=all&all=true HTTP/1.1" 200 2406
INFO 2025-08-16 18:31:43,475 views 28540 37928 违规数据分析完成: 70条记录
INFO 2025-08-16 18:31:43,477 basehttp 28540 37928 "GET /monitor/api/violations/analytics/?range=all&all=true HTTP/1.1" 200 2406
INFO 2025-08-16 18:31:43,479 services 28540 44480 违规数据分析完成: 0条记录, 0次违规
INFO 2025-08-16 18:31:43,479 views 28540 44480 违规数据分析完成: 0条记录
INFO 2025-08-16 18:31:43,481 basehttp 28540 44480 "GET /monitor/api/violations/analytics/?range=24h HTTP/1.1" 200 481
INFO 2025-08-16 18:32:43,446 views 28540 23320 违规数据分析请求: range=24h, query_all=False
INFO 2025-08-16 18:32:43,450 views 28540 28324 违规数据分析请求: range=all, query_all=True
INFO 2025-08-16 18:32:43,454 services 28540 23320 违规数据分析完成: 0条记录, 0次违规
INFO 2025-08-16 18:32:43,455 views 28540 23320 违规数据分析完成: 0条记录
INFO 2025-08-16 18:32:43,456 basehttp 28540 23320 "GET /monitor/api/violations/analytics/?range=24h HTTP/1.1" 200 481
INFO 2025-08-16 18:32:43,462 services 28540 28324 违规数据分析完成: 70条记录, 970次违规
INFO 2025-08-16 18:32:43,462 views 28540 28324 违规数据分析完成: 70条记录
INFO 2025-08-16 18:32:43,464 basehttp 28540 28324 "GET /monitor/api/violations/analytics/?range=all&all=true HTTP/1.1" 200 2406
INFO 2025-08-16 18:33:43,457 views 28540 44864 违规数据分析请求: range=all, query_all=True
INFO 2025-08-16 18:33:43,460 views 28540 18268 违规数据分析请求: range=24h, query_all=False
INFO 2025-08-16 18:33:43,464 views 28540 37532 违规数据分析请求: range=all, query_all=True
INFO 2025-08-16 18:33:43,472 services 28540 44864 违规数据分析完成: 70条记录, 970次违规
INFO 2025-08-16 18:33:43,473 views 28540 44864 违规数据分析完成: 70条记录
INFO 2025-08-16 18:33:43,475 services 28540 18268 违规数据分析完成: 0条记录, 0次违规
INFO 2025-08-16 18:33:43,476 views 28540 18268 违规数据分析完成: 0条记录
INFO 2025-08-16 18:33:43,476 basehttp 28540 44864 "GET /monitor/api/violations/analytics/?range=all&all=true HTTP/1.1" 200 2406
INFO 2025-08-16 18:33:43,478 basehttp 28540 18268 "GET /monitor/api/violations/analytics/?range=24h HTTP/1.1" 200 481
INFO 2025-08-16 18:33:43,484 services 28540 37532 违规数据分析完成: 70条记录, 970次违规
INFO 2025-08-16 18:33:43,484 views 28540 37532 违规数据分析完成: 70条记录
INFO 2025-08-16 18:33:43,485 basehttp 28540 37532 "GET /monitor/api/violations/analytics/?range=all&all=true HTTP/1.1" 200 2406
INFO 2025-08-16 18:34:43,458 views 28540 38088 违规数据分析请求: range=24h, query_all=False
INFO 2025-08-16 18:34:43,464 views 28540 13004 违规数据分析请求: range=all, query_all=True
INFO 2025-08-16 18:34:43,468 services 28540 38088 违规数据分析完成: 0条记录, 0次违规
INFO 2025-08-16 18:34:43,469 views 28540 38088 违规数据分析完成: 0条记录
INFO 2025-08-16 18:34:43,470 basehttp 28540 38088 "GET /monitor/api/violations/analytics/?range=24h HTTP/1.1" 200 481
INFO 2025-08-16 18:34:43,477 services 28540 13004 违规数据分析完成: 70条记录, 970次违规
INFO 2025-08-16 18:34:43,478 views 28540 13004 违规数据分析完成: 70条记录
INFO 2025-08-16 18:34:43,479 basehttp 28540 13004 "GET /monitor/api/violations/analytics/?range=all&all=true HTTP/1.1" 200 2406
INFO 2025-08-16 18:35:43,451 views 28540 32372 违规数据分析请求: range=all, query_all=True
INFO 2025-08-16 18:35:43,455 views 28540 27444 违规数据分析请求: range=24h, query_all=False
INFO 2025-08-16 18:35:43,459 views 28540 37776 违规数据分析请求: range=all, query_all=True
INFO 2025-08-16 18:35:43,464 services 28540 32372 违规数据分析完成: 70条记录, 970次违规
INFO 2025-08-16 18:35:43,465 views 28540 32372 违规数据分析完成: 70条记录
INFO 2025-08-16 18:35:43,465 services 28540 27444 违规数据分析完成: 0条记录, 0次违规
INFO 2025-08-16 18:35:43,467 basehttp 28540 32372 "GET /monitor/api/violations/analytics/?range=all&all=true HTTP/1.1" 200 2406
INFO 2025-08-16 18:35:43,468 views 28540 27444 违规数据分析完成: 0条记录
INFO 2025-08-16 18:35:43,469 basehttp 28540 27444 "GET /monitor/api/violations/analytics/?range=24h HTTP/1.1" 200 481
INFO 2025-08-16 18:35:43,474 services 28540 37776 违规数据分析完成: 70条记录, 970次违规
INFO 2025-08-16 18:35:43,475 views 28540 37776 违规数据分析完成: 70条记录
INFO 2025-08-16 18:35:43,477 basehttp 28540 37776 "GET /monitor/api/violations/analytics/?range=all&all=true HTTP/1.1" 200 2406
INFO 2025-08-16 18:36:43,456 views 28540 42900 违规数据分析请求: range=all, query_all=True
INFO 2025-08-16 18:36:43,460 views 28540 40140 违规数据分析请求: range=24h, query_all=False
INFO 2025-08-16 18:36:43,468 services 28540 42900 违规数据分析完成: 70条记录, 970次违规
INFO 2025-08-16 18:36:43,468 views 28540 42900 违规数据分析完成: 70条记录
INFO 2025-08-16 18:36:43,469 basehttp 28540 42900 "GET /monitor/api/violations/analytics/?range=all&all=true HTTP/1.1" 200 2406
INFO 2025-08-16 18:36:43,472 services 28540 40140 违规数据分析完成: 0条记录, 0次违规
INFO 2025-08-16 18:36:43,472 views 28540 40140 违规数据分析完成: 0条记录
INFO 2025-08-16 18:36:43,473 basehttp 28540 40140 "GET /monitor/api/violations/analytics/?range=24h HTTP/1.1" 200 481
INFO 2025-08-16 18:37:43,454 views 28540 41856 违规数据分析请求: range=24h, query_all=False
INFO 2025-08-16 18:37:43,458 views 28540 36088 违规数据分析请求: range=all, query_all=True
INFO 2025-08-16 18:37:43,462 views 28540 12428 违规数据分析请求: range=all, query_all=True
INFO 2025-08-16 18:37:43,468 services 28540 41856 违规数据分析完成: 0条记录, 0次违规
INFO 2025-08-16 18:37:43,472 services 28540 36088 违规数据分析完成: 70条记录, 970次违规
INFO 2025-08-16 18:37:43,473 views 28540 41856 违规数据分析完成: 0条记录
INFO 2025-08-16 18:37:43,474 views 28540 36088 违规数据分析完成: 70条记录
INFO 2025-08-16 18:37:43,477 basehttp 28540 41856 "GET /monitor/api/violations/analytics/?range=24h HTTP/1.1" 200 481
INFO 2025-08-16 18:37:43,478 basehttp 28540 36088 "GET /monitor/api/violations/analytics/?range=all&all=true HTTP/1.1" 200 2406
INFO 2025-08-16 18:37:43,482 services 28540 12428 违规数据分析完成: 70条记录, 970次违规
INFO 2025-08-16 18:37:43,483 views 28540 12428 违规数据分析完成: 70条记录
INFO 2025-08-16 18:37:43,485 basehttp 28540 12428 "GET /monitor/api/violations/analytics/?range=all&all=true HTTP/1.1" 200 2406
INFO 2025-08-16 18:38:43,457 views 28540 40012 违规数据分析请求: range=24h, query_all=False
INFO 2025-08-16 18:38:43,462 views 28540 28416 违规数据分析请求: range=all, query_all=True
INFO 2025-08-16 18:38:43,466 services 28540 40012 违规数据分析完成: 0条记录, 0次违规
INFO 2025-08-16 18:38:43,467 views 28540 40012 违规数据分析完成: 0条记录
INFO 2025-08-16 18:38:43,468 basehttp 28540 40012 "GET /monitor/api/violations/analytics/?range=24h HTTP/1.1" 200 481
INFO 2025-08-16 18:38:43,474 services 28540 28416 违规数据分析完成: 70条记录, 970次违规
INFO 2025-08-16 18:38:43,474 views 28540 28416 违规数据分析完成: 70条记录
INFO 2025-08-16 18:38:43,476 basehttp 28540 28416 "GET /monitor/api/violations/analytics/?range=all&all=true HTTP/1.1" 200 2406
INFO 2025-08-16 18:39:43,460 views 28540 43888 违规数据分析请求: range=24h, query_all=False
INFO 2025-08-16 18:39:43,462 views 28540 23336 违规数据分析请求: range=all, query_all=True
INFO 2025-08-16 18:39:43,467 views 28540 29768 违规数据分析请求: range=all, query_all=True
INFO 2025-08-16 18:39:43,472 services 28540 43888 违规数据分析完成: 0条记录, 0次违规
INFO 2025-08-16 18:39:43,477 services 28540 23336 违规数据分析完成: 70条记录, 970次违规
INFO 2025-08-16 18:39:43,477 views 28540 43888 违规数据分析完成: 0条记录
INFO 2025-08-16 18:39:43,478 views 28540 23336 违规数据分析完成: 70条记录
INFO 2025-08-16 18:39:43,480 basehttp 28540 43888 "GET /monitor/api/violations/analytics/?range=24h HTTP/1.1" 200 481
INFO 2025-08-16 18:39:43,485 services 28540 29768 违规数据分析完成: 70条记录, 970次违规
INFO 2025-08-16 18:39:43,486 basehttp 28540 23336 "GET /monitor/api/violations/analytics/?range=all&all=true HTTP/1.1" 200 2406
INFO 2025-08-16 18:39:43,486 views 28540 29768 违规数据分析完成: 70条记录
INFO 2025-08-16 18:39:43,488 basehttp 28540 29768 "GET /monitor/api/violations/analytics/?range=all&all=true HTTP/1.1" 200 2406
INFO 2025-08-16 18:40:43,452 views 28540 35808 违规数据分析请求: range=24h, query_all=False
INFO 2025-08-16 18:40:43,456 views 28540 27756 违规数据分析请求: range=all, query_all=True
INFO 2025-08-16 18:40:43,462 services 28540 35808 违规数据分析完成: 0条记录, 0次违规
INFO 2025-08-16 18:40:43,463 views 28540 35808 违规数据分析完成: 0条记录
INFO 2025-08-16 18:40:43,464 basehttp 28540 35808 "GET /monitor/api/violations/analytics/?range=24h HTTP/1.1" 200 481
INFO 2025-08-16 18:40:43,468 services 28540 27756 违规数据分析完成: 70条记录, 970次违规
INFO 2025-08-16 18:40:43,469 views 28540 27756 违规数据分析完成: 70条记录
INFO 2025-08-16 18:40:43,470 basehttp 28540 27756 "GET /monitor/api/violations/analytics/?range=all&all=true HTTP/1.1" 200 2406
INFO 2025-08-16 18:41:43,451 views 28540 42368 违规数据分析请求: range=24h, query_all=False
INFO 2025-08-16 18:41:43,453 views 28540 43472 违规数据分析请求: range=all, query_all=True
INFO 2025-08-16 18:41:43,457 views 28540 43564 违规数据分析请求: range=all, query_all=True
INFO 2025-08-16 18:41:43,463 services 28540 42368 违规数据分析完成: 0条记录, 0次违规
INFO 2025-08-16 18:41:43,463 views 28540 42368 违规数据分析完成: 0条记录
INFO 2025-08-16 18:41:43,467 services 28540 43472 违规数据分析完成: 70条记录, 970次违规
INFO 2025-08-16 18:41:43,468 basehttp 28540 42368 "GET /monitor/api/violations/analytics/?range=24h HTTP/1.1" 200 481
INFO 2025-08-16 18:41:43,468 views 28540 43472 违规数据分析完成: 70条记录
INFO 2025-08-16 18:41:43,474 services 28540 43564 违规数据分析完成: 70条记录, 970次违规
INFO 2025-08-16 18:41:43,474 basehttp 28540 43472 "GET /monitor/api/violations/analytics/?range=all&all=true HTTP/1.1" 200 2406
INFO 2025-08-16 18:41:43,475 views 28540 43564 违规数据分析完成: 70条记录
INFO 2025-08-16 18:41:43,477 basehttp 28540 43564 "GET /monitor/api/violations/analytics/?range=all&all=true HTTP/1.1" 200 2406
INFO 2025-08-16 18:42:43,455 views 28540 29992 违规数据分析请求: range=24h, query_all=False
INFO 2025-08-16 18:42:43,460 views 28540 30252 违规数据分析请求: range=all, query_all=True
INFO 2025-08-16 18:42:43,464 services 28540 29992 违规数据分析完成: 0条记录, 0次违规
INFO 2025-08-16 18:42:43,465 views 28540 29992 违规数据分析完成: 0条记录
INFO 2025-08-16 18:42:43,466 basehttp 28540 29992 "GET /monitor/api/violations/analytics/?range=24h HTTP/1.1" 200 481
INFO 2025-08-16 18:42:43,471 services 28540 30252 违规数据分析完成: 70条记录, 970次违规
INFO 2025-08-16 18:42:43,471 views 28540 30252 违规数据分析完成: 70条记录
INFO 2025-08-16 18:42:43,472 basehttp 28540 30252 "GET /monitor/api/violations/analytics/?range=all&all=true HTTP/1.1" 200 2406
INFO 2025-08-16 18:43:43,456 views 28540 26984 违规数据分析请求: range=all, query_all=True
INFO 2025-08-16 18:43:43,460 views 28540 37868 违规数据分析请求: range=24h, query_all=False
INFO 2025-08-16 18:43:43,464 views 28540 33196 违规数据分析请求: range=all, query_all=True
INFO 2025-08-16 18:43:43,471 services 28540 26984 违规数据分析完成: 70条记录, 970次违规
INFO 2025-08-16 18:43:43,472 views 28540 26984 违规数据分析完成: 70条记录
INFO 2025-08-16 18:43:43,472 services 28540 37868 违规数据分析完成: 0条记录, 0次违规
INFO 2025-08-16 18:43:43,474 basehttp 28540 26984 "GET /monitor/api/violations/analytics/?range=all&all=true HTTP/1.1" 200 2406
INFO 2025-08-16 18:43:43,475 views 28540 37868 违规数据分析完成: 0条记录
INFO 2025-08-16 18:43:43,476 basehttp 28540 37868 "GET /monitor/api/violations/analytics/?range=24h HTTP/1.1" 200 481
INFO 2025-08-16 18:43:43,483 services 28540 33196 违规数据分析完成: 70条记录, 970次违规
INFO 2025-08-16 18:43:43,484 views 28540 33196 违规数据分析完成: 70条记录
INFO 2025-08-16 18:43:43,485 basehttp 28540 33196 "GET /monitor/api/violations/analytics/?range=all&all=true HTTP/1.1" 200 2406
INFO 2025-08-16 18:44:43,457 views 28540 21720 违规数据分析请求: range=24h, query_all=False
INFO 2025-08-16 18:44:43,462 views 28540 21400 违规数据分析请求: range=all, query_all=True
INFO 2025-08-16 18:44:43,467 services 28540 21720 违规数据分析完成: 0条记录, 0次违规
INFO 2025-08-16 18:44:43,467 views 28540 21720 违规数据分析完成: 0条记录
INFO 2025-08-16 18:44:43,469 basehttp 28540 21720 "GET /monitor/api/violations/analytics/?range=24h HTTP/1.1" 200 481
INFO 2025-08-16 18:44:43,473 services 28540 21400 违规数据分析完成: 70条记录, 970次违规
INFO 2025-08-16 18:44:43,473 views 28540 21400 违规数据分析完成: 70条记录
INFO 2025-08-16 18:44:43,474 basehttp 28540 21400 "GET /monitor/api/violations/analytics/?range=all&all=true HTTP/1.1" 200 2406
INFO 2025-08-16 18:45:43,446 views 28540 36340 违规数据分析请求: range=all, query_all=True
INFO 2025-08-16 18:45:43,449 views 28540 23856 违规数据分析请求: range=24h, query_all=False
INFO 2025-08-16 18:45:43,454 views 28540 39496 违规数据分析请求: range=all, query_all=True
INFO 2025-08-16 18:45:43,464 services 28540 36340 违规数据分析完成: 70条记录, 970次违规
INFO 2025-08-16 18:45:43,464 services 28540 23856 违规数据分析完成: 0条记录, 0次违规
INFO 2025-08-16 18:45:43,465 views 28540 36340 违规数据分析完成: 70条记录
INFO 2025-08-16 18:45:43,465 views 28540 23856 违规数据分析完成: 0条记录
INFO 2025-08-16 18:45:43,468 basehttp 28540 36340 "GET /monitor/api/violations/analytics/?range=all&all=true HTTP/1.1" 200 2406
INFO 2025-08-16 18:45:43,468 basehttp 28540 23856 "GET /monitor/api/violations/analytics/?range=24h HTTP/1.1" 200 481
INFO 2025-08-16 18:45:43,474 services 28540 39496 违规数据分析完成: 70条记录, 970次违规
INFO 2025-08-16 18:45:43,474 views 28540 39496 违规数据分析完成: 70条记录
INFO 2025-08-16 18:45:43,476 basehttp 28540 39496 "GET /monitor/api/violations/analytics/?range=all&all=true HTTP/1.1" 200 2406
INFO 2025-08-16 18:46:43,463 views 28540 27036 违规数据分析请求: range=all, query_all=True
INFO 2025-08-16 18:46:43,467 views 28540 15804 违规数据分析请求: range=24h, query_all=False
INFO 2025-08-16 18:46:43,476 services 28540 27036 违规数据分析完成: 70条记录, 970次违规
INFO 2025-08-16 18:46:43,476 views 28540 27036 违规数据分析完成: 70条记录
INFO 2025-08-16 18:46:43,478 services 28540 15804 违规数据分析完成: 0条记录, 0次违规
INFO 2025-08-16 18:46:43,478 basehttp 28540 27036 "GET /monitor/api/violations/analytics/?range=all&all=true HTTP/1.1" 200 2406
INFO 2025-08-16 18:46:43,479 views 28540 15804 违规数据分析完成: 0条记录
INFO 2025-08-16 18:46:43,480 basehttp 28540 15804 "GET /monitor/api/violations/analytics/?range=24h HTTP/1.1" 200 481
INFO 2025-08-16 18:47:43,457 views 28540 15984 违规数据分析请求: range=all, query_all=True
INFO 2025-08-16 18:47:43,460 views 28540 42396 违规数据分析请求: range=24h, query_all=False
INFO 2025-08-16 18:47:43,464 views 28540 44584 违规数据分析请求: range=all, query_all=True
INFO 2025-08-16 18:47:43,471 services 28540 15984 违规数据分析完成: 70条记录, 970次违规
INFO 2025-08-16 18:47:43,472 views 28540 15984 违规数据分析完成: 70条记录
INFO 2025-08-16 18:47:43,473 services 28540 42396 违规数据分析完成: 0条记录, 0次违规
INFO 2025-08-16 18:47:43,474 views 28540 42396 违规数据分析完成: 0条记录
INFO 2025-08-16 18:47:43,476 basehttp 28540 15984 "GET /monitor/api/violations/analytics/?range=all&all=true HTTP/1.1" 200 2406
INFO 2025-08-16 18:47:43,477 basehttp 28540 42396 "GET /monitor/api/violations/analytics/?range=24h HTTP/1.1" 200 481
INFO 2025-08-16 18:47:43,482 services 28540 44584 违规数据分析完成: 70条记录, 970次违规
INFO 2025-08-16 18:47:43,482 views 28540 44584 违规数据分析完成: 70条记录
INFO 2025-08-16 18:47:43,484 basehttp 28540 44584 "GET /monitor/api/violations/analytics/?range=all&all=true HTTP/1.1" 200 2406
INFO 2025-08-24 16:24:52,461 autoreload 32448 432 Watching for file changes with StatReloader
INFO 2025-08-24 16:24:56,015 basehttp 32448 1680 "GET / HTTP/1.1" 200 678
WARNING 2025-08-24 16:24:56,290 log 32448 18380 Not Found: /assets/utils-NIGUFBhG.js
WARNING 2025-08-24 16:24:56,290 log 32448 22264 Not Found: /assets/charts-OzhOYD-U.js
WARNING 2025-08-24 16:24:56,290 log 32448 18992 Not Found: /assets/index-CtmFsPwg.css
WARNING 2025-08-24 16:24:56,291 log 32448 32540 Not Found: /assets/vendor-CxyN4a4-.js
WARNING 2025-08-24 16:24:56,291 log 32448 1680 Not Found: /assets/index-DP5xXWh9.js
WARNING 2025-08-24 16:24:56,291 basehttp 32448 18380 "GET /assets/utils-NIGUFBhG.js HTTP/1.1" 404 3417
WARNING 2025-08-24 16:24:56,291 basehttp 32448 22264 "GET /assets/charts-OzhOYD-U.js HTTP/1.1" 404 3420
WARNING 2025-08-24 16:24:56,292 basehttp 32448 18992 "GET /assets/index-CtmFsPwg.css HTTP/1.1" 404 3420
WARNING 2025-08-24 16:24:56,292 basehttp 32448 32540 "GET /assets/vendor-CxyN4a4-.js HTTP/1.1" 404 3420
WARNING 2025-08-24 16:24:56,292 basehttp 32448 1680 "GET /assets/index-DP5xXWh9.js HTTP/1.1" 404 3417
WARNING 2025-08-24 16:24:56,308 log 32448 32540 Not Found: /favicon.ico
WARNING 2025-08-24 16:24:56,308 basehttp 32448 32540 "GET /favicon.ico HTTP/1.1" 404 3378
INFO 2025-08-24 16:28:05,737 basehttp 32448 32540 "GET / HTTP/1.1" 200 678
WARNING 2025-08-24 16:28:05,791 log 32448 32540 Not Found: /assets/index-DP5xXWh9.js
WARNING 2025-08-24 16:28:05,795 log 32448 18380 Not Found: /assets/index-CtmFsPwg.css
WARNING 2025-08-24 16:28:05,796 log 32448 1680 Not Found: /assets/vendor-CxyN4a4-.js
WARNING 2025-08-24 16:28:05,799 log 32448 18992 Not Found: /assets/charts-OzhOYD-U.js
WARNING 2025-08-24 16:28:05,801 log 32448 22264 Not Found: /assets/utils-NIGUFBhG.js
WARNING 2025-08-24 16:28:05,801 basehttp 32448 1680 "GET /assets/vendor-CxyN4a4-.js HTTP/1.1" 404 3420
INFO 2025-08-24 16:28:05,802 basehttp 32448 1680 - Broken pipe from ('127.0.0.1', 64292)
WARNING 2025-08-24 16:28:05,802 basehttp 32448 18380 "GET /assets/index-CtmFsPwg.css HTTP/1.1" 404 3420
WARNING 2025-08-24 16:28:05,803 basehttp 32448 18992 "GET /assets/charts-OzhOYD-U.js HTTP/1.1" 404 3420
WARNING 2025-08-24 16:28:05,803 basehttp 32448 32540 "GET /assets/index-DP5xXWh9.js HTTP/1.1" 404 3417
WARNING 2025-08-24 16:28:05,803 basehttp 32448 22264 "GET /assets/utils-NIGUFBhG.js HTTP/1.1" 404 3417
INFO 2025-08-24 16:28:05,803 basehttp 32448 18380 - Broken pipe from ('127.0.0.1', 64296)
INFO 2025-08-24 16:28:06,297 basehttp 32448 32540 "GET / HTTP/1.1" 200 678
WARNING 2025-08-24 16:28:06,351 log 32448 32540 Not Found: /assets/vendor-CxyN4a4-.js
WARNING 2025-08-24 16:28:06,353 log 32448 6628 Not Found: /assets/charts-OzhOYD-U.js
WARNING 2025-08-24 16:28:06,354 basehttp 32448 32540 "GET /assets/vendor-CxyN4a4-.js HTTP/1.1" 404 3420
INFO 2025-08-24 16:28:06,354 basehttp 32448 32540 - Broken pipe from ('127.0.0.1', 64293)
WARNING 2025-08-24 16:28:06,355 basehttp 32448 6628 "GET /assets/charts-OzhOYD-U.js HTTP/1.1" 404 3420
WARNING 2025-08-24 16:28:06,357 log 32448 22264 Not Found: /assets/index-DP5xXWh9.js
WARNING 2025-08-24 16:28:06,359 log 32448 18992 Not Found: /assets/index-CtmFsPwg.css
WARNING 2025-08-24 16:28:06,360 basehttp 32448 18992 "GET /assets/index-CtmFsPwg.css HTTP/1.1" 404 3420
WARNING 2025-08-24 16:28:06,360 basehttp 32448 22264 "GET /assets/index-DP5xXWh9.js HTTP/1.1" 404 3417
WARNING 2025-08-24 16:28:06,362 log 32448 8156 Not Found: /assets/utils-NIGUFBhG.js
WARNING 2025-08-24 16:28:06,362 basehttp 32448 8156 "GET /assets/utils-NIGUFBhG.js HTTP/1.1" 404 3417
INFO 2025-08-24 16:29:32,048 views 32448 5084 违规数据分析请求: range=24h, query_all=False
INFO 2025-08-24 16:29:32,066 services 32448 5084 违规数据分析完成: 0条记录, 0次违规
INFO 2025-08-24 16:29:32,066 views 32448 5084 违规数据分析完成: 0条记录
INFO 2025-08-24 16:29:32,067 basehttp 32448 5084 "GET /monitor/api/violations/analytics/?range=24h HTTP/1.1" 200 481
WARNING 2025-08-24 16:29:33,266 log 32448 16924 Method Not Allowed (OPTIONS): /monitor/api/violations/analytics/
WARNING 2025-08-24 16:29:33,267 basehttp 32448 16924 "OPTIONS /monitor/api/violations/analytics/?range=24h HTTP/1.1" 405 0
INFO 2025-08-24 16:29:35,203 views 32448 18216 违规数据分析请求: range=24h, query_all=False
INFO 2025-08-24 16:29:35,213 services 32448 18216 违规数据分析完成: 0条记录, 0次违规
INFO 2025-08-24 16:29:35,214 views 32448 18216 违规数据分析完成: 0条记录
INFO 2025-08-24 16:29:35,215 basehttp 32448 18216 "GET /monitor/api/violations/analytics/?range=24h HTTP/1.1" 200 481
WARNING 2025-08-24 16:29:36,483 log 32448 16924 Method Not Allowed (OPTIONS): /monitor/api/violations/analytics/
WARNING 2025-08-24 16:29:36,484 basehttp 32448 16924 "OPTIONS /monitor/api/violations/analytics/?range=24h HTTP/1.1" 405 0
WARNING 2025-08-24 16:30:37,087 log 32448 16924 Method Not Allowed (OPTIONS): /monitor/api/violations/analytics/
WARNING 2025-08-24 16:30:37,087 basehttp 32448 16924 "OPTIONS /monitor/api/violations/analytics/?range=24h HTTP/1.1" 405 0
WARNING 2025-08-24 16:31:37,088 log 32448 16924 Method Not Allowed (OPTIONS): /monitor/api/violations/analytics/
WARNING 2025-08-24 16:31:37,089 basehttp 32448 16924 "OPTIONS /monitor/api/violations/analytics/?range=24h HTTP/1.1" 405 0
INFO 2025-08-24 18:08:42,581 autoreload 16576 24516 Watching for file changes with StatReloader
INFO 2025-08-24 18:10:48,793 autoreload 16576 24516 C:\Users\15006\Desktop\catering-environment-behavior-detection-main\backend\apps\login\apps.py changed, reloading.
INFO 2025-08-24 18:10:49,630 autoreload 24324 21496 Watching for file changes with StatReloader
INFO 2025-08-24 18:11:03,979 autoreload 24324 21496 C:\Users\15006\Desktop\catering-environment-behavior-detection-main\backend\apps\login\apps.py changed, reloading.
INFO 2025-08-24 18:11:04,896 autoreload 9132 624 Watching for file changes with StatReloader
INFO 2025-08-24 18:11:44,419 autoreload 9132 624 C:\Users\15006\Desktop\catering-environment-behavior-detection-main\backend\apps\login\apps.py changed, reloading.
INFO 2025-08-24 18:11:48,618 autoreload 8868 17464 Watching for file changes with StatReloader
INFO 2025-08-24 18:13:47,958 autoreload 8868 17464 C:\Users\15006\Desktop\catering-environment-behavior-detection-main\backend\apps\login\apps.py changed, reloading.
INFO 2025-08-24 18:13:49,014 autoreload 22956 2632 Watching for file changes with StatReloader
INFO 2025-08-24 18:14:05,794 autoreload 22956 2632 C:\Users\15006\Desktop\catering-environment-behavior-detection-main\backend\core\settings.py changed, reloading.
INFO 2025-08-24 18:14:06,871 autoreload 3740 16500 Watching for file changes with StatReloader
INFO 2025-08-24 18:15:08,125 autoreload 3740 16500 C:\Users\15006\Desktop\catering-environment-behavior-detection-main\backend\apps\login\urls.py changed, reloading.
INFO 2025-08-24 18:15:09,138 autoreload 24556 11128 Watching for file changes with StatReloader
INFO 2025-08-24 18:19:34,901 autoreload 24556 11128 C:\Users\15006\Desktop\catering-environment-behavior-detection-main\backend\core\urls.py changed, reloading.
INFO 2025-08-24 18:19:36,033 autoreload 24248 6864 Watching for file changes with StatReloader
INFO 2025-08-24 18:19:51,029 autoreload 24248 6864 C:\Users\15006\Desktop\catering-environment-behavior-detection-main\backend\apps\monitor\urls.py changed, reloading.
INFO 2025-08-24 18:19:51,968 autoreload 17608 12608 Watching for file changes with StatReloader
INFO 2025-08-24 18:22:52,198 autoreload 17608 12608 C:\Users\15006\Desktop\catering-environment-behavior-detection-main\backend\core\urls.py changed, reloading.
INFO 2025-08-24 18:22:53,221 autoreload 2140 8352 Watching for file changes with StatReloader
INFO 2025-08-24 18:28:09,186 autoreload 22520 14324 Watching for file changes with StatReloader
INFO 2025-08-24 18:31:00,202 autoreload 22520 14324 C:\Users\15006\Desktop\catering-environment-behavior-detection-main\backend\core\urls.py changed, reloading.
INFO 2025-08-24 18:31:01,278 autoreload 14776 12548 Watching for file changes with StatReloader
INFO 2025-08-24 18:31:05,097 autoreload 14776 12548 C:\Users\15006\Desktop\catering-environment-behavior-detection-main\backend\core\urls.py changed, reloading.
INFO 2025-08-24 18:31:06,134 autoreload 2828 19268 Watching for file changes with StatReloader
INFO 2025-08-24 18:34:59,153 autoreload 13172 2004 Watching for file changes with StatReloader
INFO 2025-08-24 18:35:04,138 views 13172 12144 违规数据分析请求: range=24h, query_all=False
INFO 2025-08-24 18:35:04,177 services 13172 12144 违规数据分析完成: 0条记录, 0次违规
INFO 2025-08-24 18:35:04,177 views 13172 12144 违规数据分析完成: 0条记录
INFO 2025-08-24 18:35:04,179 basehttp 13172 12144 "GET /api/monitor/violations/analytics/?range=24h HTTP/1.1" 200 481
INFO 2025-08-24 18:35:05,993 views 13172 18824 违规数据分析请求: range=30d, query_all=False
INFO 2025-08-24 18:35:06,007 services 13172 18824 违规数据分析完成: 69条记录, 966次违规
INFO 2025-08-24 18:35:06,008 views 13172 18824 违规数据分析完成: 69条记录
INFO 2025-08-24 18:35:06,009 basehttp 13172 18824 "GET /api/monitor/violations/analytics/?range=30d HTTP/1.1" 200 2323
INFO 2025-08-24 18:36:04,126 views 13172 3416 违规数据分析请求: range=30d, query_all=False
INFO 2025-08-24 18:36:04,134 services 13172 3416 违规数据分析完成: 69条记录, 966次违规
INFO 2025-08-24 18:36:04,137 views 13172 3416 违规数据分析完成: 69条记录
INFO 2025-08-24 18:36:04,139 basehttp 13172 3416 "GET /api/monitor/violations/analytics/?range=30d HTTP/1.1" 200 2323
INFO 2025-08-24 18:36:15,833 views 13172 460 违规数据分析请求: range=24h, query_all=False
INFO 2025-08-24 18:36:15,842 services 13172 460 违规数据分析完成: 0条记录, 0次违规
INFO 2025-08-24 18:36:15,843 views 13172 460 违规数据分析完成: 0条记录
INFO 2025-08-24 18:36:15,844 basehttp 13172 460 "GET /api/monitor/violations/analytics/?range=24h HTTP/1.1" 200 481
INFO 2025-08-24 18:36:18,111 views 13172 7472 违规数据分析请求: range=30d, query_all=False
INFO 2025-08-24 18:36:18,123 services 13172 7472 违规数据分析完成: 69条记录, 966次违规
INFO 2025-08-24 18:36:18,124 views 13172 7472 违规数据分析完成: 69条记录
INFO 2025-08-24 18:36:18,125 basehttp 13172 7472 "GET /api/monitor/violations/analytics/?range=30d HTTP/1.1" 200 2323
INFO 2025-08-24 18:37:15,799 views 13172 9656 违规数据分析请求: range=30d, query_all=False
INFO 2025-08-24 18:37:15,810 services 13172 9656 违规数据分析完成: 69条记录, 966次违规
INFO 2025-08-24 18:37:15,811 views 13172 9656 违规数据分析完成: 69条记录
INFO 2025-08-24 18:37:15,812 basehttp 13172 9656 "GET /api/monitor/violations/analytics/?range=30d HTTP/1.1" 200 2323
INFO 2025-08-24 18:38:16,264 views 13172 6012 违规数据分析请求: range=30d, query_all=False
INFO 2025-08-24 18:38:16,270 services 13172 6012 违规数据分析完成: 69条记录, 966次违规
INFO 2025-08-24 18:38:16,270 views 13172 6012 违规数据分析完成: 69条记录
INFO 2025-08-24 18:38:16,272 basehttp 13172 6012 "GET /api/monitor/violations/analytics/?range=30d HTTP/1.1" 200 2323
INFO 2025-08-24 18:39:16,267 views 13172 18324 违规数据分析请求: range=30d, query_all=False
INFO 2025-08-24 18:39:16,277 services 13172 18324 违规数据分析完成: 69条记录, 966次违规
INFO 2025-08-24 18:39:16,277 views 13172 18324 违规数据分析完成: 69条记录
INFO 2025-08-24 18:39:16,278 basehttp 13172 18324 "GET /api/monitor/violations/analytics/?range=30d HTTP/1.1" 200 2323
INFO 2025-08-24 18:39:44,744 views 13172 23136 违规数据分析请求: range=24h, query_all=False
INFO 2025-08-24 18:39:44,751 services 13172 23136 违规数据分析完成: 0条记录, 0次违规
INFO 2025-08-24 18:39:44,752 views 13172 23136 违规数据分析完成: 0条记录
INFO 2025-08-24 18:39:44,753 basehttp 13172 23136 "GET /api/monitor/violations/analytics/?range=24h HTTP/1.1" 200 481
INFO 2025-08-24 18:39:45,573 views 13172 12072 违规数据分析请求: range=24h, query_all=False
INFO 2025-08-24 18:39:45,581 services 13172 12072 违规数据分析完成: 0条记录, 0次违规
INFO 2025-08-24 18:39:45,581 views 13172 12072 违规数据分析完成: 0条记录
INFO 2025-08-24 18:39:45,582 basehttp 13172 12072 "GET /api/monitor/violations/analytics/?range=24h HTTP/1.1" 200 481
INFO 2025-08-24 18:40:11,399 views 13172 9768 违规数据分析请求: range=all, query_all=True
INFO 2025-08-24 18:40:11,410 services 13172 9768 违规数据分析完成: 70条记录, 970次违规
INFO 2025-08-24 18:40:11,411 views 13172 9768 违规数据分析完成: 70条记录
INFO 2025-08-24 18:40:11,412 basehttp 13172 9768 "GET /api/monitor/violations/analytics/?range=all&all=true HTTP/1.1" 200 2406
INFO 2025-08-24 18:40:18,320 views 13172 3468 违规数据分析请求: range=24h, query_all=False
INFO 2025-08-24 18:40:18,330 services 13172 3468 违规数据分析完成: 0条记录, 0次违规
INFO 2025-08-24 18:40:18,330 views 13172 3468 违规数据分析完成: 0条记录
INFO 2025-08-24 18:40:18,331 basehttp 13172 3468 "GET /api/monitor/violations/analytics/?range=24h HTTP/1.1" 200 481
INFO 2025-08-24 18:41:19,257 views 13172 23872 违规数据分析请求: range=24h, query_all=False
INFO 2025-08-24 18:41:19,262 services 13172 23872 违规数据分析完成: 0条记录, 0次违规
INFO 2025-08-24 18:41:19,263 views 13172 23872 违规数据分析完成: 0条记录
INFO 2025-08-24 18:41:19,264 basehttp 13172 23872 "GET /api/monitor/violations/analytics/?range=24h HTTP/1.1" 200 481
INFO 2025-08-24 18:42:19,258 views 13172 8480 违规数据分析请求: range=24h, query_all=False
INFO 2025-08-24 18:42:19,263 services 13172 8480 违规数据分析完成: 0条记录, 0次违规
INFO 2025-08-24 18:42:19,264 views 13172 8480 违规数据分析完成: 0条记录
INFO 2025-08-24 18:42:19,265 basehttp 13172 8480 "GET /api/monitor/violations/analytics/?range=24h HTTP/1.1" 200 481
INFO 2025-08-24 18:43:19,262 views 13172 25212 违规数据分析请求: range=24h, query_all=False
INFO 2025-08-24 18:43:19,267 services 13172 25212 违规数据分析完成: 0条记录, 0次违规
INFO 2025-08-24 18:43:19,268 views 13172 25212 违规数据分析完成: 0条记录
INFO 2025-08-24 18:43:19,268 basehttp 13172 25212 "GET /api/monitor/violations/analytics/?range=24h HTTP/1.1" 200 481
INFO 2025-08-24 18:44:19,265 views 13172 25564 违规数据分析请求: range=24h, query_all=False
INFO 2025-08-24 18:44:19,273 services 13172 25564 违规数据分析完成: 0条记录, 0次违规
INFO 2025-08-24 18:44:19,274 views 13172 25564 违规数据分析完成: 0条记录
INFO 2025-08-24 18:44:19,275 basehttp 13172 25564 "GET /api/monitor/violations/analytics/?range=24h HTTP/1.1" 200 481
INFO 2025-08-24 18:45:19,255 views 13172 2512 违规数据分析请求: range=24h, query_all=False
INFO 2025-08-24 18:45:19,262 services 13172 2512 违规数据分析完成: 0条记录, 0次违规
INFO 2025-08-24 18:45:19,262 views 13172 2512 违规数据分析完成: 0条记录
INFO 2025-08-24 18:45:19,263 basehttp 13172 2512 "GET /api/monitor/violations/analytics/?range=24h HTTP/1.1" 200 481
INFO 2025-08-24 18:46:19,258 views 13172 12084 违规数据分析请求: range=24h, query_all=False
INFO 2025-08-24 18:46:19,264 services 13172 12084 违规数据分析完成: 0条记录, 0次违规
INFO 2025-08-24 18:46:19,264 views 13172 12084 违规数据分析完成: 0条记录
INFO 2025-08-24 18:46:19,265 basehttp 13172 12084 "GET /api/monitor/violations/analytics/?range=24h HTTP/1.1" 200 481
INFO 2025-08-24 18:48:17,254 views 13172 10524 违规数据分析请求: range=24h, query_all=False
INFO 2025-08-24 18:48:17,261 services 13172 10524 违规数据分析完成: 0条记录, 0次违规
INFO 2025-08-24 18:48:17,261 views 13172 10524 违规数据分析完成: 0条记录
INFO 2025-08-24 18:48:17,262 basehttp 13172 10524 "GET /api/monitor/violations/analytics/?range=24h HTTP/1.1" 200 481
INFO 2025-08-24 18:50:17,252 views 13172 25512 违规数据分析请求: range=24h, query_all=False
INFO 2025-08-24 18:50:17,258 services 13172 25512 违规数据分析完成: 0条记录, 0次违规
INFO 2025-08-24 18:50:17,258 views 13172 25512 违规数据分析完成: 0条记录
INFO 2025-08-24 18:50:17,259 basehttp 13172 25512 "GET /api/monitor/violations/analytics/?range=24h HTTP/1.1" 200 481
INFO 2025-08-24 18:52:17,260 views 13172 5456 违规数据分析请求: range=24h, query_all=False
INFO 2025-08-24 18:52:17,265 services 13172 5456 违规数据分析完成: 0条记录, 0次违规
INFO 2025-08-24 18:52:17,265 views 13172 5456 违规数据分析完成: 0条记录
INFO 2025-08-24 18:52:17,265 basehttp 13172 5456 "GET /api/monitor/violations/analytics/?range=24h HTTP/1.1" 200 481
INFO 2025-08-24 18:54:17,246 views 13172 2848 违规数据分析请求: range=24h, query_all=False
INFO 2025-08-24 18:54:17,253 services 13172 2848 违规数据分析完成: 0条记录, 0次违规
INFO 2025-08-24 18:54:17,253 views 13172 2848 违规数据分析完成: 0条记录
INFO 2025-08-24 18:54:17,255 basehttp 13172 2848 "GET /api/monitor/violations/analytics/?range=24h HTTP/1.1" 200 481
INFO 2025-08-24 18:56:17,261 views 13172 18424 违规数据分析请求: range=24h, query_all=False
INFO 2025-08-24 18:56:17,266 services 13172 18424 违规数据分析完成: 0条记录, 0次违规
INFO 2025-08-24 18:56:17,266 views 13172 18424 违规数据分析完成: 0条记录
INFO 2025-08-24 18:56:17,267 basehttp 13172 18424 "GET /api/monitor/violations/analytics/?range=24h HTTP/1.1" 200 481
INFO 2025-08-24 18:57:49,349 views 13172 21400 违规数据分析请求: range=24h, query_all=False
INFO 2025-08-24 18:57:49,356 services 13172 21400 违规数据分析完成: 0条记录, 0次违规
INFO 2025-08-24 18:57:49,356 views 13172 21400 违规数据分析完成: 0条记录
INFO 2025-08-24 18:57:49,356 basehttp 13172 21400 "GET /api/monitor/violations/analytics/?range=24h HTTP/1.1" 200 481
INFO 2025-08-24 18:58:19,255 views 13172 6228 违规数据分析请求: range=24h, query_all=False
INFO 2025-08-24 18:58:19,259 services 13172 6228 违规数据分析完成: 0条记录, 0次违规
INFO 2025-08-24 18:58:19,260 views 13172 6228 违规数据分析完成: 0条记录
INFO 2025-08-24 18:58:19,260 basehttp 13172 6228 "GET /api/monitor/violations/analytics/?range=24h HTTP/1.1" 200 481
INFO 2025-08-24 18:59:19,254 views 13172 10868 违规数据分析请求: range=24h, query_all=False
INFO 2025-08-24 18:59:19,258 services 13172 10868 违规数据分析完成: 0条记录, 0次违规
INFO 2025-08-24 18:59:19,258 views 13172 10868 违规数据分析完成: 0条记录
INFO 2025-08-24 18:59:19,259 basehttp 13172 10868 "GET /api/monitor/violations/analytics/?range=24h HTTP/1.1" 200 481
INFO 2025-08-24 19:01:17,260 views 13172 9360 违规数据分析请求: range=24h, query_all=False
INFO 2025-08-24 19:01:17,267 services 13172 9360 违规数据分析完成: 0条记录, 0次违规
INFO 2025-08-24 19:01:17,268 views 13172 9360 违规数据分析完成: 0条记录
INFO 2025-08-24 19:01:17,269 basehttp 13172 9360 "GET /api/monitor/violations/analytics/?range=24h HTTP/1.1" 200 481
INFO 2025-08-24 19:02:01,639 autoreload 13172 2004 C:\Users\15006\Desktop\catering-environment-behavior-detection-main\backend\apps\monitor\urls.py changed, reloading.
INFO 2025-08-24 19:02:03,529 autoreload 21016 3136 Watching for file changes with StatReloader
INFO 2025-08-24 19:02:47,845 autoreload 21016 3136 C:\Users\15006\Desktop\catering-environment-behavior-detection-main\backend\apps\monitor\views.py changed, reloading.
INFO 2025-08-24 19:02:48,762 autoreload 23852 23084 Watching for file changes with StatReloader
INFO 2025-08-24 19:03:17,269 views 23852 18808 违规数据分析请求: range=24h, query_all=False
INFO 2025-08-24 19:03:17,274 services 23852 18808 违规数据分析完成: 0条记录, 0次违规
INFO 2025-08-24 19:03:17,275 views 23852 18808 违规数据分析完成: 0条记录
INFO 2025-08-24 19:03:17,276 basehttp 23852 18808 "GET /api/monitor/violations/analytics/?range=24h HTTP/1.1" 200 481
INFO 2025-08-24 19:03:17,309 views 23852 22756 违规数据分析请求: range=24h, query_all=False
INFO 2025-08-24 19:03:17,315 services 23852 22756 违规数据分析完成: 0条记录, 0次违规
INFO 2025-08-24 19:03:17,315 views 23852 22756 违规数据分析完成: 0条记录
INFO 2025-08-24 19:03:17,315 basehttp 23852 22756 "GET /api/monitor/violations/analytics/?range=24h HTTP/1.1" 200 481
INFO 2025-08-24 19:04:18,246 views 23852 13364 违规数据分析请求: range=24h, query_all=False
INFO 2025-08-24 19:04:18,251 services 23852 13364 违规数据分析完成: 0条记录, 0次违规
INFO 2025-08-24 19:04:18,251 views 23852 13364 违规数据分析完成: 0条记录
INFO 2025-08-24 19:04:18,252 basehttp 23852 13364 "GET /api/monitor/violations/analytics/?range=24h HTTP/1.1" 200 481
INFO 2025-08-24 19:05:18,250 views 23852 20988 违规数据分析请求: range=24h, query_all=False
INFO 2025-08-24 19:05:18,256 services 23852 20988 违规数据分析完成: 0条记录, 0次违规
INFO 2025-08-24 19:05:18,256 views 23852 20988 违规数据分析完成: 0条记录
INFO 2025-08-24 19:05:18,257 basehttp 23852 20988 "GET /api/monitor/violations/analytics/?range=24h HTTP/1.1" 200 481
INFO 2025-08-24 19:06:18,249 views 23852 25472 违规数据分析请求: range=24h, query_all=False
INFO 2025-08-24 19:06:18,255 services 23852 25472 违规数据分析完成: 0条记录, 0次违规
INFO 2025-08-24 19:06:18,256 views 23852 25472 违规数据分析完成: 0条记录
INFO 2025-08-24 19:06:18,256 basehttp 23852 25472 "GET /api/monitor/violations/analytics/?range=24h HTTP/1.1" 200 481
INFO 2025-08-24 19:07:18,248 views 23852 6412 违规数据分析请求: range=24h, query_all=False
INFO 2025-08-24 19:07:18,252 services 23852 6412 违规数据分析完成: 0条记录, 0次违规
INFO 2025-08-24 19:07:18,252 views 23852 6412 违规数据分析完成: 0条记录
INFO 2025-08-24 19:07:18,253 basehttp 23852 6412 "GET /api/monitor/violations/analytics/?range=24h HTTP/1.1" 200 481
INFO 2025-08-24 19:07:56,538 views 23852 3624 违规数据分析请求: range=24h, query_all=False
INFO 2025-08-24 19:07:56,543 services 23852 3624 违规数据分析完成: 0条记录, 0次违规
INFO 2025-08-24 19:07:56,543 views 23852 3624 违规数据分析完成: 0条记录
INFO 2025-08-24 19:07:56,544 basehttp 23852 3624 "GET /api/monitor/violations/analytics/?range=24h HTTP/1.1" 200 481
INFO 2025-08-24 19:07:58,616 views 23852 16412 违规数据分析请求: range=30d, query_all=False
INFO 2025-08-24 19:07:58,623 services 23852 16412 违规数据分析完成: 69条记录, 966次违规
INFO 2025-08-24 19:07:58,623 views 23852 16412 违规数据分析完成: 69条记录
INFO 2025-08-24 19:07:58,624 basehttp 23852 16412 "GET /api/monitor/violations/analytics/?range=30d HTTP/1.1" 200 2323
WARNING 2025-08-24 19:08:03,034 log 23852 24316 Not Found: /api/monitor/violations/record/0.mrpvckzn4n/analyze/
WARNING 2025-08-24 19:08:03,034 basehttp 23852 24316 "GET /api/monitor/violations/record/0.mrpvckzn4n/analyze/ HTTP/1.1" 404 6238
WARNING 2025-08-24 19:08:11,618 log 23852 17344 Not Found: /api/monitor/violations/record/0.mrpvckzn4n/analyze/
WARNING 2025-08-24 19:08:11,620 basehttp 23852 17344 "GET /api/monitor/violations/record/0.mrpvckzn4n/analyze/ HTTP/1.1" 404 6238
INFO 2025-08-24 19:08:21,512 views 23852 21360 违规数据分析请求: range=24h, query_all=False
INFO 2025-08-24 19:08:21,518 services 23852 21360 违规数据分析完成: 0条记录, 0次违规
INFO 2025-08-24 19:08:21,518 views 23852 21360 违规数据分析完成: 0条记录
INFO 2025-08-24 19:08:21,519 basehttp 23852 21360 "GET /api/monitor/violations/analytics/?range=24h HTTP/1.1" 200 481
INFO 2025-08-24 19:08:23,729 views 23852 7712 违规数据分析请求: range=all, query_all=True
INFO 2025-08-24 19:08:23,741 services 23852 7712 违规数据分析完成: 70条记录, 970次违规
INFO 2025-08-24 19:08:23,742 views 23852 7712 违规数据分析完成: 70条记录
INFO 2025-08-24 19:08:23,743 basehttp 23852 7712 "GET /api/monitor/violations/analytics/?range=all&all=true HTTP/1.1" 200 2406
WARNING 2025-08-24 19:08:25,565 log 23852 8968 Not Found: /api/monitor/violations/record/0.t2awupaax7p/analyze/
WARNING 2025-08-24 19:08:25,565 basehttp 23852 8968 "GET /api/monitor/violations/record/0.t2awupaax7p/analyze/ HTTP/1.1" 404 6241
INFO 2025-08-24 19:09:22,256 views 23852 24336 违规数据分析请求: range=all, query_all=True
INFO 2025-08-24 19:09:22,273 services 23852 24336 违规数据分析完成: 70条记录, 970次违规
INFO 2025-08-24 19:09:22,278 views 23852 24336 违规数据分析完成: 70条记录
INFO 2025-08-24 19:09:22,281 basehttp 23852 24336 "GET /api/monitor/violations/analytics/?range=all&all=true HTTP/1.1" 200 2406
INFO 2025-08-24 19:10:22,255 views 23852 13848 违规数据分析请求: range=all, query_all=True
INFO 2025-08-24 19:10:22,263 services 23852 13848 违规数据分析完成: 70条记录, 970次违规
INFO 2025-08-24 19:10:22,265 views 23852 13848 违规数据分析完成: 70条记录
INFO 2025-08-24 19:10:22,265 basehttp 23852 13848 "GET /api/monitor/violations/analytics/?range=all&all=true HTTP/1.1" 200 2406
INFO 2025-08-24 19:11:22,263 views 23852 24360 违规数据分析请求: range=all, query_all=True
INFO 2025-08-24 19:11:22,272 services 23852 24360 违规数据分析完成: 70条记录, 970次违规
INFO 2025-08-24 19:11:22,272 views 23852 24360 违规数据分析完成: 70条记录
INFO 2025-08-24 19:11:22,273 basehttp 23852 24360 "GET /api/monitor/violations/analytics/?range=all&all=true HTTP/1.1" 200 2406
INFO 2025-08-24 19:12:22,253 views 23852 22640 违规数据分析请求: range=all, query_all=True
INFO 2025-08-24 19:12:22,261 services 23852 22640 违规数据分析完成: 70条记录, 970次违规
INFO 2025-08-24 19:12:22,262 views 23852 22640 违规数据分析完成: 70条记录
INFO 2025-08-24 19:12:22,263 basehttp 23852 22640 "GET /api/monitor/violations/analytics/?range=all&all=true HTTP/1.1" 200 2406
INFO 2025-08-24 19:13:22,261 views 23852 23696 违规数据分析请求: range=all, query_all=True
INFO 2025-08-24 19:13:22,271 services 23852 23696 违规数据分析完成: 70条记录, 970次违规
INFO 2025-08-24 19:13:22,272 views 23852 23696 违规数据分析完成: 70条记录
INFO 2025-08-24 19:13:22,273 basehttp 23852 23696 "GET /api/monitor/violations/analytics/?range=all&all=true HTTP/1.1" 200 2406
INFO 2025-08-24 19:14:22,254 views 23852 24748 违规数据分析请求: range=all, query_all=True
INFO 2025-08-24 19:14:22,261 services 23852 24748 违规数据分析完成: 70条记录, 970次违规
INFO 2025-08-24 19:14:22,261 views 23852 24748 违规数据分析完成: 70条记录
INFO 2025-08-24 19:14:22,263 basehttp 23852 24748 "GET /api/monitor/violations/analytics/?range=all&all=true HTTP/1.1" 200 2406
INFO 2025-08-24 19:15:55,248 views 23852 16404 违规数据分析请求: range=all, query_all=True
INFO 2025-08-24 19:15:55,256 services 23852 16404 违规数据分析完成: 70条记录, 970次违规
INFO 2025-08-24 19:15:55,256 views 23852 16404 违规数据分析完成: 70条记录
INFO 2025-08-24 19:15:55,257 basehttp 23852 16404 "GET /api/monitor/violations/analytics/?range=all&all=true HTTP/1.1" 200 2406
INFO 2025-08-24 19:16:56,257 views 23852 21124 违规数据分析请求: range=all, query_all=True
INFO 2025-08-24 19:16:56,262 services 23852 21124 违规数据分析完成: 70条记录, 970次违规
INFO 2025-08-24 19:16:56,263 views 23852 21124 违规数据分析完成: 70条记录
INFO 2025-08-24 19:16:56,263 basehttp 23852 21124 "GET /api/monitor/violations/analytics/?range=all&all=true HTTP/1.1" 200 2406
INFO 2025-08-24 19:17:57,259 views 23852 20832 违规数据分析请求: range=all, query_all=True
INFO 2025-08-24 19:17:57,267 services 23852 20832 违规数据分析完成: 70条记录, 970次违规
INFO 2025-08-24 19:17:57,267 views 23852 20832 违规数据分析完成: 70条记录
INFO 2025-08-24 19:17:57,268 basehttp 23852 20832 "GET /api/monitor/violations/analytics/?range=all&all=true HTTP/1.1" 200 2406
INFO 2025-08-24 19:18:58,262 views 23852 24120 违规数据分析请求: range=all, query_all=True
INFO 2025-08-24 19:18:58,272 services 23852 24120 违规数据分析完成: 70条记录, 970次违规
INFO 2025-08-24 19:18:58,272 views 23852 24120 违规数据分析完成: 70条记录
INFO 2025-08-24 19:18:58,273 basehttp 23852 24120 "GET /api/monitor/violations/analytics/?range=all&all=true HTTP/1.1" 200 2406
INFO 2025-08-24 19:19:59,254 views 23852 16648 违规数据分析请求: range=all, query_all=True
INFO 2025-08-24 19:19:59,260 services 23852 16648 违规数据分析完成: 70条记录, 970次违规
INFO 2025-08-24 19:19:59,260 views 23852 16648 违规数据分析完成: 70条记录
INFO 2025-08-24 19:19:59,261 basehttp 23852 16648 "GET /api/monitor/violations/analytics/?range=all&all=true HTTP/1.1" 200 2406
INFO 2025-08-24 19:21:00,275 views 23852 2576 违规数据分析请求: range=all, query_all=True
INFO 2025-08-24 19:21:00,283 services 23852 2576 违规数据分析完成: 70条记录, 970次违规
INFO 2025-08-24 19:21:00,284 views 23852 2576 违规数据分析完成: 70条记录
INFO 2025-08-24 19:21:00,285 basehttp 23852 2576 "GET /api/monitor/violations/analytics/?range=all&all=true HTTP/1.1" 200 2406
INFO 2025-08-24 19:22:01,255 views 23852 24076 违规数据分析请求: range=all, query_all=True
INFO 2025-08-24 19:22:01,264 services 23852 24076 违规数据分析完成: 70条记录, 970次违规
INFO 2025-08-24 19:22:01,265 views 23852 24076 违规数据分析完成: 70条记录
INFO 2025-08-24 19:22:01,266 basehttp 23852 24076 "GET /api/monitor/violations/analytics/?range=all&all=true HTTP/1.1" 200 2406
INFO 2025-08-24 19:23:02,280 views 23852 25156 违规数据分析请求: range=all, query_all=True
INFO 2025-08-24 19:23:02,287 services 23852 25156 违规数据分析完成: 70条记录, 970次违规
INFO 2025-08-24 19:23:02,287 views 23852 25156 违规数据分析完成: 70条记录
INFO 2025-08-24 19:23:02,288 basehttp 23852 25156 "GET /api/monitor/violations/analytics/?range=all&all=true HTTP/1.1" 200 2406
INFO 2025-08-24 19:24:03,310 views 23852 25280 违规数据分析请求: range=all, query_all=True
INFO 2025-08-24 19:24:03,319 services 23852 25280 违规数据分析完成: 70条记录, 970次违规
INFO 2025-08-24 19:24:03,319 views 23852 25280 违规数据分析完成: 70条记录
INFO 2025-08-24 19:24:03,320 basehttp 23852 25280 "GET /api/monitor/violations/analytics/?range=all&all=true HTTP/1.1" 200 2406
INFO 2025-08-24 19:25:04,257 views 23852 5528 违规数据分析请求: range=all, query_all=True
INFO 2025-08-24 19:25:04,265 services 23852 5528 违规数据分析完成: 70条记录, 970次违规
INFO 2025-08-24 19:25:04,265 views 23852 5528 违规数据分析完成: 70条记录
INFO 2025-08-24 19:25:04,266 basehttp 23852 5528 "GET /api/monitor/violations/analytics/?range=all&all=true HTTP/1.1" 200 2406
INFO 2025-08-24 19:26:05,269 views 23852 8148 违规数据分析请求: range=all, query_all=True
INFO 2025-08-24 19:26:05,275 services 23852 8148 违规数据分析完成: 70条记录, 970次违规
INFO 2025-08-24 19:26:05,276 views 23852 8148 违规数据分析完成: 70条记录
INFO 2025-08-24 19:26:05,277 basehttp 23852 8148 "GET /api/monitor/violations/analytics/?range=all&all=true HTTP/1.1" 200 2406
INFO 2025-08-24 19:26:35,393 autoreload 23852 23084 C:\Users\15006\Desktop\catering-environment-behavior-detection-main\backend\apps\monitor\urls.py changed, reloading.
INFO 2025-08-24 19:26:36,386 autoreload 20072 3532 Watching for file changes with StatReloader
INFO 2025-08-24 19:26:50,649 autoreload 20072 3532 C:\Users\15006\Desktop\catering-environment-behavior-detection-main\backend\apps\monitor\urls.py changed, reloading.
INFO 2025-08-24 19:26:51,691 autoreload 21736 20020 Watching for file changes with StatReloader
INFO 2025-08-24 19:27:06,267 views 21736 7376 违规数据分析请求: range=all, query_all=True
INFO 2025-08-24 19:27:06,275 services 21736 7376 违规数据分析完成: 70条记录, 970次违规
INFO 2025-08-24 19:27:06,275 views 21736 7376 违规数据分析完成: 70条记录
INFO 2025-08-24 19:27:06,276 basehttp 21736 7376 "GET /api/monitor/violations/analytics/?range=all&all=true HTTP/1.1" 200 2406
INFO 2025-08-24 19:27:32,072 autoreload 21736 20020 C:\Users\15006\Desktop\catering-environment-behavior-detection-main\backend\apps\monitor\views.py changed, reloading.
INFO 2025-08-24 19:27:33,076 autoreload 24488 16380 Watching for file changes with StatReloader
INFO 2025-08-24 19:27:39,209 views 24488 14000 违规数据分析请求: range=24h, query_all=False
INFO 2025-08-24 19:27:39,216 services 24488 14000 违规数据分析完成: 0条记录, 0次违规
INFO 2025-08-24 19:27:39,216 views 24488 14000 违规数据分析完成: 0条记录
INFO 2025-08-24 19:27:39,218 basehttp 24488 14000 "GET /api/monitor/violations/analytics/?range=24h HTTP/1.1" 200 481
INFO 2025-08-24 19:27:41,522 views 24488 12816 违规数据分析请求: range=all, query_all=True
INFO 2025-08-24 19:27:41,532 services 24488 12816 违规数据分析完成: 70条记录, 970次违规
INFO 2025-08-24 19:27:41,533 views 24488 12816 违规数据分析完成: 70条记录
INFO 2025-08-24 19:27:41,534 basehttp 24488 12816 "GET /api/monitor/violations/analytics/?range=all&all=true HTTP/1.1" 200 2406
WARNING 2025-08-24 19:27:46,709 log 24488 19252 Not Found: /api/monitor/violations/record/0.odctkeomyga/analyze/
WARNING 2025-08-24 19:27:46,709 basehttp 24488 19252 "GET /api/monitor/violations/record/0.odctkeomyga/analyze/ HTTP/1.1" 404 6241
INFO 2025-08-24 19:27:54,741 views 24488 16400 违规数据分析请求: range=24h, query_all=False
INFO 2025-08-24 19:27:54,748 services 24488 16400 违规数据分析完成: 0条记录, 0次违规
INFO 2025-08-24 19:27:54,749 views 24488 16400 违规数据分析完成: 0条记录
INFO 2025-08-24 19:27:54,749 basehttp 24488 16400 "GET /api/monitor/violations/analytics/?range=24h HTTP/1.1" 200 481
INFO 2025-08-24 19:27:55,215 views 24488 22100 违规数据分析请求: range=24h, query_all=False
INFO 2025-08-24 19:27:55,222 services 24488 22100 违规数据分析完成: 0条记录, 0次违规
INFO 2025-08-24 19:27:55,223 views 24488 22100 违规数据分析完成: 0条记录
INFO 2025-08-24 19:27:55,224 basehttp 24488 22100 "GET /api/monitor/violations/analytics/?range=24h HTTP/1.1" 200 481
INFO 2025-08-24 19:27:57,437 views 24488 17344 违规数据分析请求: range=all, query_all=True
INFO 2025-08-24 19:27:57,448 services 24488 17344 违规数据分析完成: 70条记录, 970次违规
INFO 2025-08-24 19:27:57,449 views 24488 17344 违规数据分析完成: 70条记录
INFO 2025-08-24 19:27:57,450 basehttp 24488 17344 "GET /api/monitor/violations/analytics/?range=all&all=true HTTP/1.1" 200 2406
WARNING 2025-08-24 19:28:07,154 log 24488 25564 Not Found: /api/monitor/violations/record/0.vwbmaz4qv7b/analyze/
WARNING 2025-08-24 19:28:07,154 basehttp 24488 25564 "GET /api/monitor/violations/record/0.vwbmaz4qv7b/analyze/ HTTP/1.1" 404 6241
INFO 2025-08-24 19:28:17,811 views 24488 16440 违规数据分析请求: range=24h, query_all=False
INFO 2025-08-24 19:28:17,820 services 24488 16440 违规数据分析完成: 0条记录, 0次违规
INFO 2025-08-24 19:28:17,821 views 24488 16440 违规数据分析完成: 0条记录
INFO 2025-08-24 19:28:17,822 basehttp 24488 16440 "GET /api/monitor/violations/analytics/?range=24h HTTP/1.1" 200 481
INFO 2025-08-24 19:28:20,169 views 24488 24696 违规数据分析请求: range=all, query_all=True
INFO 2025-08-24 19:28:20,178 services 24488 24696 违规数据分析完成: 70条记录, 970次违规
INFO 2025-08-24 19:28:20,179 views 24488 24696 违规数据分析完成: 70条记录
INFO 2025-08-24 19:28:20,180 basehttp 24488 24696 "GET /api/monitor/violations/analytics/?range=all&all=true HTTP/1.1" 200 2406
WARNING 2025-08-24 19:28:21,685 log 24488 2604 Not Found: /api/monitor/violations/record/0.yqd89s975qh/analyze/
WARNING 2025-08-24 19:28:21,685 basehttp 24488 2604 "GET /api/monitor/violations/record/0.yqd89s975qh/analyze/ HTTP/1.1" 404 6241
INFO 2025-08-24 19:29:18,273 views 24488 5168 违规数据分析请求: range=all, query_all=True
INFO 2025-08-24 19:29:18,283 services 24488 5168 违规数据分析完成: 70条记录, 970次违规
INFO 2025-08-24 19:29:18,283 views 24488 5168 违规数据分析完成: 70条记录
INFO 2025-08-24 19:29:18,287 basehttp 24488 5168 "GET /api/monitor/violations/analytics/?range=all&all=true HTTP/1.1" 200 2406
INFO 2025-08-24 19:30:18,272 views 24488 19436 违规数据分析请求: range=all, query_all=True
INFO 2025-08-24 19:30:18,281 services 24488 19436 违规数据分析完成: 70条记录, 970次违规
INFO 2025-08-24 19:30:18,282 views 24488 19436 违规数据分析完成: 70条记录
INFO 2025-08-24 19:30:18,283 basehttp 24488 19436 "GET /api/monitor/violations/analytics/?range=all&all=true HTTP/1.1" 200 2406
INFO 2025-08-24 19:31:18,260 views 24488 23972 违规数据分析请求: range=all, query_all=True
INFO 2025-08-24 19:31:18,267 services 24488 23972 违规数据分析完成: 70条记录, 970次违规
INFO 2025-08-24 19:31:18,267 views 24488 23972 违规数据分析完成: 70条记录
INFO 2025-08-24 19:31:18,268 basehttp 24488 23972 "GET /api/monitor/violations/analytics/?range=all&all=true HTTP/1.1" 200 2406
INFO 2025-08-24 19:32:18,260 views 24488 23820 违规数据分析请求: range=all, query_all=True
INFO 2025-08-24 19:32:18,268 services 24488 23820 违规数据分析完成: 70条记录, 970次违规
INFO 2025-08-24 19:32:18,269 views 24488 23820 违规数据分析完成: 70条记录
INFO 2025-08-24 19:32:18,269 basehttp 24488 23820 "GET /api/monitor/violations/analytics/?range=all&all=true HTTP/1.1" 200 2406
INFO 2025-08-24 19:33:18,257 views 24488 23132 违规数据分析请求: range=all, query_all=True
INFO 2025-08-24 19:33:18,263 services 24488 23132 违规数据分析完成: 70条记录, 970次违规
INFO 2025-08-24 19:33:18,263 views 24488 23132 违规数据分析完成: 70条记录
INFO 2025-08-24 19:33:18,264 basehttp 24488 23132 "GET /api/monitor/violations/analytics/?range=all&all=true HTTP/1.1" 200 2406
INFO 2025-08-24 19:34:18,260 views 24488 10848 违规数据分析请求: range=all, query_all=True
INFO 2025-08-24 19:34:18,266 services 24488 10848 违规数据分析完成: 70条记录, 970次违规
INFO 2025-08-24 19:34:18,266 views 24488 10848 违规数据分析完成: 70条记录
INFO 2025-08-24 19:34:18,266 basehttp 24488 10848 "GET /api/monitor/violations/analytics/?range=all&all=true HTTP/1.1" 200 2406
INFO 2025-08-24 19:34:54,855 autoreload 24488 16380 C:\Users\15006\Desktop\catering-environment-behavior-detection-main\backend\apps\monitor\views.py changed, reloading.
INFO 2025-08-24 19:34:55,790 autoreload 23772 25316 Watching for file changes with StatReloader
INFO 2025-08-24 19:35:04,670 autoreload 23772 25316 C:\Users\15006\Desktop\catering-environment-behavior-detection-main\backend\apps\monitor\views.py changed, reloading.
INFO 2025-08-24 19:35:05,621 autoreload 13068 23912 Watching for file changes with StatReloader
INFO 2025-08-24 19:35:08,751 views 13068 5440 违规数据分析请求: range=24h, query_all=False
INFO 2025-08-24 19:35:08,759 services 13068 5440 违规数据分析完成: 0条记录, 0次违规
INFO 2025-08-24 19:35:08,759 views 13068 5440 违规数据分析完成: 0条记录
INFO 2025-08-24 19:35:08,760 basehttp 13068 5440 "GET /api/monitor/violations/analytics/?range=24h HTTP/1.1" 200 481
INFO 2025-08-24 19:35:13,007 views 13068 696 违规数据分析请求: range=all, query_all=True
INFO 2025-08-24 19:35:13,015 services 13068 696 违规数据分析完成: 70条记录, 970次违规
INFO 2025-08-24 19:35:13,015 views 13068 696 违规数据分析完成: 70条记录
INFO 2025-08-24 19:35:13,015 basehttp 13068 696 "GET /api/monitor/violations/analytics/?range=all&all=true HTTP/1.1" 200 2406
WARNING 2025-08-24 19:35:15,597 log 13068 19212 Not Found: /api/monitor/violations/record/0.d5gpxsjtahf/analyze/
WARNING 2025-08-24 19:35:15,597 basehttp 13068 19212 "GET /api/monitor/violations/record/0.d5gpxsjtahf/analyze/ HTTP/1.1" 404 6241
INFO 2025-08-24 19:36:09,257 views 13068 18816 违规数据分析请求: range=all, query_all=True
INFO 2025-08-24 19:36:09,266 services 13068 18816 违规数据分析完成: 70条记录, 970次违规
INFO 2025-08-24 19:36:09,267 views 13068 18816 违规数据分析完成: 70条记录
INFO 2025-08-24 19:36:09,268 basehttp 13068 18816 "GET /api/monitor/violations/analytics/?range=all&all=true HTTP/1.1" 200 2406
INFO 2025-08-24 19:37:09,277 views 13068 23136 违规数据分析请求: range=all, query_all=True
INFO 2025-08-24 19:37:09,289 services 13068 23136 违规数据分析完成: 70条记录, 970次违规
INFO 2025-08-24 19:37:09,290 views 13068 23136 违规数据分析完成: 70条记录
INFO 2025-08-24 19:37:09,292 basehttp 13068 23136 "GET /api/monitor/violations/analytics/?range=all&all=true HTTP/1.1" 200 2406
INFO 2025-08-24 19:38:09,271 views 13068 14964 违规数据分析请求: range=all, query_all=True
INFO 2025-08-24 19:38:09,283 services 13068 14964 违规数据分析完成: 70条记录, 970次违规
INFO 2025-08-24 19:38:09,284 views 13068 14964 违规数据分析完成: 70条记录
INFO 2025-08-24 19:38:09,285 basehttp 13068 14964 "GET /api/monitor/violations/analytics/?range=all&all=true HTTP/1.1" 200 2406
INFO 2025-08-24 19:39:09,259 views 13068 1680 违规数据分析请求: range=all, query_all=True
INFO 2025-08-24 19:39:09,271 services 13068 1680 违规数据分析完成: 70条记录, 970次违规
INFO 2025-08-24 19:39:09,271 views 13068 1680 违规数据分析完成: 70条记录
INFO 2025-08-24 19:39:09,275 basehttp 13068 1680 "GET /api/monitor/violations/analytics/?range=all&all=true HTTP/1.1" 200 2406
INFO 2025-08-24 19:40:09,260 views 13068 16120 违规数据分析请求: range=all, query_all=True
INFO 2025-08-24 19:40:09,274 services 13068 16120 违规数据分析完成: 70条记录, 970次违规
INFO 2025-08-24 19:40:09,274 views 13068 16120 违规数据分析完成: 70条记录
INFO 2025-08-24 19:40:09,275 basehttp 13068 16120 "GET /api/monitor/violations/analytics/?range=all&all=true HTTP/1.1" 200 2406
INFO 2025-08-24 19:41:09,268 views 13068 23108 违规数据分析请求: range=all, query_all=True
INFO 2025-08-24 19:41:09,281 services 13068 23108 违规数据分析完成: 70条记录, 970次违规
INFO 2025-08-24 19:41:09,282 views 13068 23108 违规数据分析完成: 70条记录
INFO 2025-08-24 19:41:09,283 basehttp 13068 23108 "GET /api/monitor/violations/analytics/?range=all&all=true HTTP/1.1" 200 2406
INFO 2025-08-24 19:42:17,255 views 13068 8984 违规数据分析请求: range=all, query_all=True
INFO 2025-08-24 19:42:17,268 services 13068 8984 违规数据分析完成: 70条记录, 970次违规
INFO 2025-08-24 19:42:17,269 views 13068 8984 违规数据分析完成: 70条记录
INFO 2025-08-24 19:42:17,271 basehttp 13068 8984 "GET /api/monitor/violations/analytics/?range=all&all=true HTTP/1.1" 200 2406
INFO 2025-08-24 19:43:17,257 views 13068 6376 违规数据分析请求: range=all, query_all=True
INFO 2025-08-24 19:43:17,270 services 13068 6376 违规数据分析完成: 70条记录, 970次违规
INFO 2025-08-24 19:43:17,271 views 13068 6376 违规数据分析完成: 70条记录
INFO 2025-08-24 19:43:17,273 basehttp 13068 6376 "GET /api/monitor/violations/analytics/?range=all&all=true HTTP/1.1" 200 2406
INFO 2025-08-24 19:44:17,260 views 13068 24724 违规数据分析请求: range=all, query_all=True
INFO 2025-08-24 19:44:17,273 services 13068 24724 违规数据分析完成: 70条记录, 970次违规
INFO 2025-08-24 19:44:17,274 views 13068 24724 违规数据分析完成: 70条记录
INFO 2025-08-24 19:44:17,275 basehttp 13068 24724 "GET /api/monitor/violations/analytics/?range=all&all=true HTTP/1.1" 200 2406
INFO 2025-08-24 19:45:17,260 views 13068 11532 违规数据分析请求: range=all, query_all=True
INFO 2025-08-24 19:45:17,272 services 13068 11532 违规数据分析完成: 70条记录, 970次违规
INFO 2025-08-24 19:45:17,273 views 13068 11532 违规数据分析完成: 70条记录
INFO 2025-08-24 19:45:17,274 basehttp 13068 11532 "GET /api/monitor/violations/analytics/?range=all&all=true HTTP/1.1" 200 2406
INFO 2025-08-24 19:46:17,269 views 13068 19968 违规数据分析请求: range=all, query_all=True
INFO 2025-08-24 19:46:17,283 services 13068 19968 违规数据分析完成: 70条记录, 970次违规
INFO 2025-08-24 19:46:17,284 views 13068 19968 违规数据分析完成: 70条记录
INFO 2025-08-24 19:46:17,286 basehttp 13068 19968 "GET /api/monitor/violations/analytics/?range=all&all=true HTTP/1.1" 200 2406
INFO 2025-08-24 19:47:17,273 views 13068 25052 违规数据分析请求: range=all, query_all=True
INFO 2025-08-24 19:47:17,285 services 13068 25052 违规数据分析完成: 70条记录, 970次违规
INFO 2025-08-24 19:47:17,285 views 13068 25052 违规数据分析完成: 70条记录
INFO 2025-08-24 19:47:17,287 basehttp 13068 25052 "GET /api/monitor/violations/analytics/?range=all&all=true HTTP/1.1" 200 2406
INFO 2025-08-24 19:48:17,268 views 13068 18752 违规数据分析请求: range=all, query_all=True
INFO 2025-08-24 19:48:17,280 services 13068 18752 违规数据分析完成: 70条记录, 970次违规
INFO 2025-08-24 19:48:17,280 views 13068 18752 违规数据分析完成: 70条记录
INFO 2025-08-24 19:48:17,282 basehttp 13068 18752 "GET /api/monitor/violations/analytics/?range=all&all=true HTTP/1.1" 200 2406
INFO 2025-08-24 19:49:17,274 views 13068 15260 违规数据分析请求: range=all, query_all=True
INFO 2025-08-24 19:49:17,286 services 13068 15260 违规数据分析完成: 70条记录, 970次违规
INFO 2025-08-24 19:49:17,287 views 13068 15260 违规数据分析完成: 70条记录
INFO 2025-08-24 19:49:17,289 basehttp 13068 15260 "GET /api/monitor/violations/analytics/?range=all&all=true HTTP/1.1" 200 2406
INFO 2025-08-24 19:50:17,263 views 13068 22008 违规数据分析请求: range=all, query_all=True
INFO 2025-08-24 19:50:17,274 services 13068 22008 违规数据分析完成: 70条记录, 970次违规
INFO 2025-08-24 19:50:17,275 views 13068 22008 违规数据分析完成: 70条记录
INFO 2025-08-24 19:50:17,276 basehttp 13068 22008 "GET /api/monitor/violations/analytics/?range=all&all=true HTTP/1.1" 200 2406
INFO 2025-08-24 19:51:17,263 views 13068 2768 违规数据分析请求: range=all, query_all=True
INFO 2025-08-24 19:51:17,276 services 13068 2768 违规数据分析完成: 70条记录, 970次违规
INFO 2025-08-24 19:51:17,276 views 13068 2768 违规数据分析完成: 70条记录
INFO 2025-08-24 19:51:17,278 basehttp 13068 2768 "GET /api/monitor/violations/analytics/?range=all&all=true HTTP/1.1" 200 2406
INFO 2025-08-24 19:52:17,272 views 13068 14000 违规数据分析请求: range=all, query_all=True
INFO 2025-08-24 19:52:17,284 services 13068 14000 违规数据分析完成: 70条记录, 970次违规
INFO 2025-08-24 19:52:17,285 views 13068 14000 违规数据分析完成: 70条记录
INFO 2025-08-24 19:52:17,287 basehttp 13068 14000 "GET /api/monitor/violations/analytics/?range=all&all=true HTTP/1.1" 200 2406
INFO 2025-08-24 19:53:17,263 views 13068 23244 违规数据分析请求: range=all, query_all=True
INFO 2025-08-24 19:53:17,276 services 13068 23244 违规数据分析完成: 70条记录, 970次违规
INFO 2025-08-24 19:53:17,276 views 13068 23244 违规数据分析完成: 70条记录
INFO 2025-08-24 19:53:17,277 basehttp 13068 23244 "GET /api/monitor/violations/analytics/?range=all&all=true HTTP/1.1" 200 2406
INFO 2025-08-24 19:54:17,269 views 13068 17676 违规数据分析请求: range=all, query_all=True
INFO 2025-08-24 19:54:17,281 services 13068 17676 违规数据分析完成: 70条记录, 970次违规
INFO 2025-08-24 19:54:17,282 views 13068 17676 违规数据分析完成: 70条记录
INFO 2025-08-24 19:54:17,283 basehttp 13068 17676 "GET /api/monitor/violations/analytics/?range=all&all=true HTTP/1.1" 200 2406
INFO 2025-08-24 19:55:17,260 views 13068 16848 违规数据分析请求: range=all, query_all=True
INFO 2025-08-24 19:55:17,271 services 13068 16848 违规数据分析完成: 70条记录, 970次违规
INFO 2025-08-24 19:55:17,272 views 13068 16848 违规数据分析完成: 70条记录
INFO 2025-08-24 19:55:17,275 basehttp 13068 16848 "GET /api/monitor/violations/analytics/?range=all&all=true HTTP/1.1" 200 2406
INFO 2025-08-24 19:56:17,257 views 13068 21720 违规数据分析请求: range=all, query_all=True
INFO 2025-08-24 19:56:17,269 services 13068 21720 违规数据分析完成: 70条记录, 970次违规
INFO 2025-08-24 19:56:17,269 views 13068 21720 违规数据分析完成: 70条记录
INFO 2025-08-24 19:56:17,271 basehttp 13068 21720 "GET /api/monitor/violations/analytics/?range=all&all=true HTTP/1.1" 200 2406
INFO 2025-08-24 19:57:17,266 views 13068 24176 违规数据分析请求: range=all, query_all=True
INFO 2025-08-24 19:57:17,279 services 13068 24176 违规数据分析完成: 70条记录, 970次违规
INFO 2025-08-24 19:57:17,280 views 13068 24176 违规数据分析完成: 70条记录
INFO 2025-08-24 19:57:17,282 basehttp 13068 24176 "GET /api/monitor/violations/analytics/?range=all&all=true HTTP/1.1" 200 2406
INFO 2025-08-24 19:58:17,263 views 13068 19008 违规数据分析请求: range=all, query_all=True
INFO 2025-08-24 19:58:17,275 services 13068 19008 违规数据分析完成: 70条记录, 970次违规
INFO 2025-08-24 19:58:17,276 views 13068 19008 违规数据分析完成: 70条记录
INFO 2025-08-24 19:58:17,277 basehttp 13068 19008 "GET /api/monitor/violations/analytics/?range=all&all=true HTTP/1.1" 200 2406
INFO 2025-08-24 19:59:17,271 views 13068 16548 违规数据分析请求: range=all, query_all=True
INFO 2025-08-24 19:59:17,282 services 13068 16548 违规数据分析完成: 70条记录, 970次违规
INFO 2025-08-24 19:59:17,284 views 13068 16548 违规数据分析完成: 70条记录
INFO 2025-08-24 19:59:17,285 basehttp 13068 16548 "GET /api/monitor/violations/analytics/?range=all&all=true HTTP/1.1" 200 2406
INFO 2025-08-24 20:00:17,269 views 13068 24624 违规数据分析请求: range=all, query_all=True
INFO 2025-08-24 20:00:17,281 services 13068 24624 违规数据分析完成: 70条记录, 970次违规
INFO 2025-08-24 20:00:17,282 views 13068 24624 违规数据分析完成: 70条记录
INFO 2025-08-24 20:00:17,283 basehttp 13068 24624 "GET /api/monitor/violations/analytics/?range=all&all=true HTTP/1.1" 200 2406
INFO 2025-08-24 20:01:17,262 views 13068 20824 违规数据分析请求: range=all, query_all=True
INFO 2025-08-24 20:01:17,272 services 13068 20824 违规数据分析完成: 70条记录, 970次违规
INFO 2025-08-24 20:01:17,273 views 13068 20824 违规数据分析完成: 70条记录
INFO 2025-08-24 20:01:17,274 basehttp 13068 20824 "GET /api/monitor/violations/analytics/?range=all&all=true HTTP/1.1" 200 2406
INFO 2025-08-24 20:02:17,254 views 13068 12804 违规数据分析请求: range=all, query_all=True
INFO 2025-08-24 20:02:17,266 services 13068 12804 违规数据分析完成: 70条记录, 970次违规
INFO 2025-08-24 20:02:17,266 views 13068 12804 违规数据分析完成: 70条记录
INFO 2025-08-24 20:02:17,268 basehttp 13068 12804 "GET /api/monitor/violations/analytics/?range=all&all=true HTTP/1.1" 200 2406
INFO 2025-08-24 20:03:17,277 views 13068 18268 违规数据分析请求: range=all, query_all=True
INFO 2025-08-24 20:03:17,290 services 13068 18268 违规数据分析完成: 70条记录, 970次违规
INFO 2025-08-24 20:03:17,291 views 13068 18268 违规数据分析完成: 70条记录
INFO 2025-08-24 20:03:17,293 basehttp 13068 18268 "GET /api/monitor/violations/analytics/?range=all&all=true HTTP/1.1" 200 2406
INFO 2025-08-24 20:04:17,262 views 13068 25140 违规数据分析请求: range=all, query_all=True
INFO 2025-08-24 20:04:17,276 services 13068 25140 违规数据分析完成: 70条记录, 970次违规
INFO 2025-08-24 20:04:17,277 views 13068 25140 违规数据分析完成: 70条记录
INFO 2025-08-24 20:04:17,278 basehttp 13068 25140 "GET /api/monitor/violations/analytics/?range=all&all=true HTTP/1.1" 200 2406
INFO 2025-08-24 20:05:17,272 views 13068 21720 违规数据分析请求: range=all, query_all=True
INFO 2025-08-24 20:05:17,284 services 13068 21720 违规数据分析完成: 70条记录, 970次违规
INFO 2025-08-24 20:05:17,285 views 13068 21720 违规数据分析完成: 70条记录
INFO 2025-08-24 20:05:17,286 basehttp 13068 21720 "GET /api/monitor/violations/analytics/?range=all&all=true HTTP/1.1" 200 2406
INFO 2025-08-24 20:06:17,261 views 13068 17644 违规数据分析请求: range=all, query_all=True
INFO 2025-08-24 20:06:17,273 services 13068 17644 违规数据分析完成: 70条记录, 970次违规
INFO 2025-08-24 20:06:17,273 views 13068 17644 违规数据分析完成: 70条记录
INFO 2025-08-24 20:06:17,275 basehttp 13068 17644 "GET /api/monitor/violations/analytics/?range=all&all=true HTTP/1.1" 200 2406
INFO 2025-08-24 20:07:17,266 views 13068 25452 违规数据分析请求: range=all, query_all=True
INFO 2025-08-24 20:07:17,278 services 13068 25452 违规数据分析完成: 70条记录, 970次违规
INFO 2025-08-24 20:07:17,279 views 13068 25452 违规数据分析完成: 70条记录
INFO 2025-08-24 20:07:17,280 basehttp 13068 25452 "GET /api/monitor/violations/analytics/?range=all&all=true HTTP/1.1" 200 2406
INFO 2025-08-24 20:08:17,264 views 13068 22224 违规数据分析请求: range=all, query_all=True
INFO 2025-08-24 20:08:17,276 services 13068 22224 违规数据分析完成: 70条记录, 970次违规
INFO 2025-08-24 20:08:17,277 views 13068 22224 违规数据分析完成: 70条记录
INFO 2025-08-24 20:08:17,279 basehttp 13068 22224 "GET /api/monitor/violations/analytics/?range=all&all=true HTTP/1.1" 200 2406
INFO 2025-08-24 20:09:17,266 views 13068 22616 违规数据分析请求: range=all, query_all=True
INFO 2025-08-24 20:09:17,279 services 13068 22616 违规数据分析完成: 70条记录, 970次违规
INFO 2025-08-24 20:09:17,279 views 13068 22616 违规数据分析完成: 70条记录
INFO 2025-08-24 20:09:17,281 basehttp 13068 22616 "GET /api/monitor/violations/analytics/?range=all&all=true HTTP/1.1" 200 2406
INFO 2025-08-24 20:10:17,257 views 13068 13824 违规数据分析请求: range=all, query_all=True
INFO 2025-08-24 20:10:17,269 services 13068 13824 违规数据分析完成: 70条记录, 970次违规
INFO 2025-08-24 20:10:17,269 views 13068 13824 违规数据分析完成: 70条记录
INFO 2025-08-24 20:10:17,271 basehttp 13068 13824 "GET /api/monitor/violations/analytics/?range=all&all=true HTTP/1.1" 200 2406
INFO 2025-08-24 20:11:17,264 views 13068 22944 违规数据分析请求: range=all, query_all=True
INFO 2025-08-24 20:11:17,278 services 13068 22944 违规数据分析完成: 70条记录, 970次违规
INFO 2025-08-24 20:11:17,279 views 13068 22944 违规数据分析完成: 70条记录
INFO 2025-08-24 20:11:17,280 basehttp 13068 22944 "GET /api/monitor/violations/analytics/?range=all&all=true HTTP/1.1" 200 2406
INFO 2025-08-24 20:12:17,268 views 13068 22004 违规数据分析请求: range=all, query_all=True
INFO 2025-08-24 20:12:17,279 services 13068 22004 违规数据分析完成: 70条记录, 970次违规
INFO 2025-08-24 20:12:17,280 views 13068 22004 违规数据分析完成: 70条记录
INFO 2025-08-24 20:12:17,282 basehttp 13068 22004 "GET /api/monitor/violations/analytics/?range=all&all=true HTTP/1.1" 200 2406
INFO 2025-08-24 20:13:17,267 views 13068 13824 违规数据分析请求: range=all, query_all=True
INFO 2025-08-24 20:13:17,279 services 13068 13824 违规数据分析完成: 70条记录, 970次违规
INFO 2025-08-24 20:13:17,280 views 13068 13824 违规数据分析完成: 70条记录
INFO 2025-08-24 20:13:17,281 basehttp 13068 13824 "GET /api/monitor/violations/analytics/?range=all&all=true HTTP/1.1" 200 2406
INFO 2025-08-24 20:14:17,268 views 13068 8968 违规数据分析请求: range=all, query_all=True
INFO 2025-08-24 20:14:17,281 services 13068 8968 违规数据分析完成: 70条记录, 970次违规
INFO 2025-08-24 20:14:17,282 views 13068 8968 违规数据分析完成: 70条记录
INFO 2025-08-24 20:14:17,283 basehttp 13068 8968 "GET /api/monitor/violations/analytics/?range=all&all=true HTTP/1.1" 200 2406
INFO 2025-08-24 20:15:17,257 views 13068 17372 违规数据分析请求: range=all, query_all=True
INFO 2025-08-24 20:15:17,269 services 13068 17372 违规数据分析完成: 70条记录, 970次违规
INFO 2025-08-24 20:15:17,270 views 13068 17372 违规数据分析完成: 70条记录
INFO 2025-08-24 20:15:17,271 basehttp 13068 17372 "GET /api/monitor/violations/analytics/?range=all&all=true HTTP/1.1" 200 2406
INFO 2025-08-24 20:16:17,269 views 13068 25548 违规数据分析请求: range=all, query_all=True
INFO 2025-08-24 20:16:17,283 services 13068 25548 违规数据分析完成: 70条记录, 970次违规
INFO 2025-08-24 20:16:17,283 views 13068 25548 违规数据分析完成: 70条记录
INFO 2025-08-24 20:16:17,285 basehttp 13068 25548 "GET /api/monitor/violations/analytics/?range=all&all=true HTTP/1.1" 200 2406
INFO 2025-08-24 20:17:17,266 views 13068 24436 违规数据分析请求: range=all, query_all=True
INFO 2025-08-24 20:17:17,279 services 13068 24436 违规数据分析完成: 70条记录, 970次违规
INFO 2025-08-24 20:17:17,280 views 13068 24436 违规数据分析完成: 70条记录
INFO 2025-08-24 20:17:17,281 basehttp 13068 24436 "GET /api/monitor/violations/analytics/?range=all&all=true HTTP/1.1" 200 2406
INFO 2025-08-24 20:18:17,265 views 13068 3356 违规数据分析请求: range=all, query_all=True
INFO 2025-08-24 20:18:17,277 services 13068 3356 违规数据分析完成: 70条记录, 970次违规
INFO 2025-08-24 20:18:17,278 views 13068 3356 违规数据分析完成: 70条记录
INFO 2025-08-24 20:18:17,280 basehttp 13068 3356 "GET /api/monitor/violations/analytics/?range=all&all=true HTTP/1.1" 200 2406
INFO 2025-08-24 20:19:17,259 views 13068 23260 违规数据分析请求: range=all, query_all=True
INFO 2025-08-24 20:19:17,270 services 13068 23260 违规数据分析完成: 70条记录, 970次违规
INFO 2025-08-24 20:19:17,271 views 13068 23260 违规数据分析完成: 70条记录
INFO 2025-08-24 20:19:17,273 basehttp 13068 23260 "GET /api/monitor/violations/analytics/?range=all&all=true HTTP/1.1" 200 2406
INFO 2025-08-24 20:20:17,256 views 13068 19264 违规数据分析请求: range=all, query_all=True
INFO 2025-08-24 20:20:17,268 services 13068 19264 违规数据分析完成: 70条记录, 970次违规
INFO 2025-08-24 20:20:17,269 views 13068 19264 违规数据分析完成: 70条记录
INFO 2025-08-24 20:20:17,271 basehttp 13068 19264 "GET /api/monitor/violations/analytics/?range=all&all=true HTTP/1.1" 200 2406
INFO 2025-08-24 20:21:17,257 views 13068 20072 违规数据分析请求: range=all, query_all=True
INFO 2025-08-24 20:21:17,269 services 13068 20072 违规数据分析完成: 70条记录, 970次违规
INFO 2025-08-24 20:21:17,269 views 13068 20072 违规数据分析完成: 70条记录
INFO 2025-08-24 20:21:17,271 basehttp 13068 20072 "GET /api/monitor/violations/analytics/?range=all&all=true HTTP/1.1" 200 2406
INFO 2025-08-24 20:22:17,263 views 13068 7184 违规数据分析请求: range=all, query_all=True
INFO 2025-08-24 20:22:17,275 services 13068 7184 违规数据分析完成: 70条记录, 970次违规
INFO 2025-08-24 20:22:17,275 views 13068 7184 违规数据分析完成: 70条记录
INFO 2025-08-24 20:22:17,277 basehttp 13068 7184 "GET /api/monitor/violations/analytics/?range=all&all=true HTTP/1.1" 200 2406
INFO 2025-08-24 20:23:17,269 views 13068 24776 违规数据分析请求: range=all, query_all=True
INFO 2025-08-24 20:23:17,281 services 13068 24776 违规数据分析完成: 70条记录, 970次违规
INFO 2025-08-24 20:23:17,282 views 13068 24776 违规数据分析完成: 70条记录
INFO 2025-08-24 20:23:17,283 basehttp 13068 24776 "GET /api/monitor/violations/analytics/?range=all&all=true HTTP/1.1" 200 2406
INFO 2025-08-24 20:24:17,275 views 13068 20760 违规数据分析请求: range=all, query_all=True
INFO 2025-08-24 20:24:17,287 services 13068 20760 违规数据分析完成: 70条记录, 970次违规
INFO 2025-08-24 20:24:17,287 views 13068 20760 违规数据分析完成: 70条记录
INFO 2025-08-24 20:24:17,289 basehttp 13068 20760 "GET /api/monitor/violations/analytics/?range=all&all=true HTTP/1.1" 200 2406
INFO 2025-08-24 20:25:17,256 views 13068 25384 违规数据分析请求: range=all, query_all=True
INFO 2025-08-24 20:25:17,267 services 13068 25384 违规数据分析完成: 70条记录, 970次违规
INFO 2025-08-24 20:25:17,268 views 13068 25384 违规数据分析完成: 70条记录
INFO 2025-08-24 20:25:17,269 basehttp 13068 25384 "GET /api/monitor/violations/analytics/?range=all&all=true HTTP/1.1" 200 2406
INFO 2025-08-24 20:26:17,257 views 13068 24020 违规数据分析请求: range=all, query_all=True
INFO 2025-08-24 20:26:17,270 services 13068 24020 违规数据分析完成: 70条记录, 970次违规
INFO 2025-08-24 20:26:17,270 views 13068 24020 违规数据分析完成: 70条记录
INFO 2025-08-24 20:26:17,271 basehttp 13068 24020 "GET /api/monitor/violations/analytics/?range=all&all=true HTTP/1.1" 200 2406
INFO 2025-08-24 20:27:17,266 views 13068 13200 违规数据分析请求: range=all, query_all=True
INFO 2025-08-24 20:27:17,278 services 13068 13200 违规数据分析完成: 70条记录, 970次违规
INFO 2025-08-24 20:27:17,279 views 13068 13200 违规数据分析完成: 70条记录
INFO 2025-08-24 20:27:17,281 basehttp 13068 13200 "GET /api/monitor/violations/analytics/?range=all&all=true HTTP/1.1" 200 2406
INFO 2025-08-24 20:28:17,271 views 13068 24768 违规数据分析请求: range=all, query_all=True
INFO 2025-08-24 20:28:17,284 services 13068 24768 违规数据分析完成: 70条记录, 970次违规
INFO 2025-08-24 20:28:17,285 views 13068 24768 违规数据分析完成: 70条记录
INFO 2025-08-24 20:28:17,288 basehttp 13068 24768 "GET /api/monitor/violations/analytics/?range=all&all=true HTTP/1.1" 200 2406
INFO 2025-08-24 20:29:17,266 views 13068 24456 违规数据分析请求: range=all, query_all=True
INFO 2025-08-24 20:29:17,278 services 13068 24456 违规数据分析完成: 70条记录, 970次违规
INFO 2025-08-24 20:29:17,280 views 13068 24456 违规数据分析完成: 70条记录
INFO 2025-08-24 20:29:17,281 basehttp 13068 24456 "GET /api/monitor/violations/analytics/?range=all&all=true HTTP/1.1" 200 2406
INFO 2025-08-24 20:30:17,270 views 13068 20776 违规数据分析请求: range=all, query_all=True
INFO 2025-08-24 20:30:17,282 services 13068 20776 违规数据分析完成: 70条记录, 970次违规
INFO 2025-08-24 20:30:17,282 views 13068 20776 违规数据分析完成: 70条记录
INFO 2025-08-24 20:30:17,285 basehttp 13068 20776 "GET /api/monitor/violations/analytics/?range=all&all=true HTTP/1.1" 200 2406
INFO 2025-08-24 20:31:17,257 views 13068 20872 违规数据分析请求: range=all, query_all=True
INFO 2025-08-24 20:31:17,268 services 13068 20872 违规数据分析完成: 70条记录, 970次违规
INFO 2025-08-24 20:31:17,269 views 13068 20872 违规数据分析完成: 70条记录
INFO 2025-08-24 20:31:17,271 basehttp 13068 20872 "GET /api/monitor/violations/analytics/?range=all&all=true HTTP/1.1" 200 2406
INFO 2025-08-24 20:32:17,254 views 13068 22968 违规数据分析请求: range=all, query_all=True
INFO 2025-08-24 20:32:17,266 services 13068 22968 违规数据分析完成: 70条记录, 970次违规
INFO 2025-08-24 20:32:17,267 views 13068 22968 违规数据分析完成: 70条记录
INFO 2025-08-24 20:32:17,268 basehttp 13068 22968 "GET /api/monitor/violations/analytics/?range=all&all=true HTTP/1.1" 200 2406
INFO 2025-08-24 20:33:17,270 views 13068 14304 违规数据分析请求: range=all, query_all=True
INFO 2025-08-24 20:33:17,283 services 13068 14304 违规数据分析完成: 70条记录, 970次违规
INFO 2025-08-24 20:33:17,284 views 13068 14304 违规数据分析完成: 70条记录
INFO 2025-08-24 20:33:17,285 basehttp 13068 14304 "GET /api/monitor/violations/analytics/?range=all&all=true HTTP/1.1" 200 2406
INFO 2025-08-24 20:34:17,264 views 13068 22864 违规数据分析请求: range=all, query_all=True
INFO 2025-08-24 20:34:17,277 services 13068 22864 违规数据分析完成: 70条记录, 970次违规
INFO 2025-08-24 20:34:17,280 views 13068 22864 违规数据分析完成: 70条记录
INFO 2025-08-24 20:34:17,282 basehttp 13068 22864 "GET /api/monitor/violations/analytics/?range=all&all=true HTTP/1.1" 200 2406
INFO 2025-08-24 20:35:17,266 views 13068 15236 违规数据分析请求: range=all, query_all=True
INFO 2025-08-24 20:35:17,278 services 13068 15236 违规数据分析完成: 70条记录, 970次违规
INFO 2025-08-24 20:35:17,279 views 13068 15236 违规数据分析完成: 70条记录
INFO 2025-08-24 20:35:17,281 basehttp 13068 15236 "GET /api/monitor/violations/analytics/?range=all&all=true HTTP/1.1" 200 2406
INFO 2025-08-24 20:36:17,257 views 13068 22512 违规数据分析请求: range=all, query_all=True
INFO 2025-08-24 20:36:17,272 services 13068 22512 违规数据分析完成: 70条记录, 970次违规
INFO 2025-08-24 20:36:17,272 views 13068 22512 违规数据分析完成: 70条记录
INFO 2025-08-24 20:36:17,274 basehttp 13068 22512 "GET /api/monitor/violations/analytics/?range=all&all=true HTTP/1.1" 200 2406
INFO 2025-08-24 20:39:15,889 views 13068 17628 违规数据分析请求: range=all, query_all=True
INFO 2025-08-24 20:39:15,901 services 13068 17628 违规数据分析完成: 70条记录, 970次违规
INFO 2025-08-24 20:39:15,902 views 13068 17628 违规数据分析完成: 70条记录
INFO 2025-08-24 20:39:15,903 basehttp 13068 17628 "GET /api/monitor/violations/analytics/?range=all&all=true HTTP/1.1" 200 2406
INFO 2025-08-24 23:23:48,593 views 13068 24304 违规数据分析请求: range=all, query_all=True
INFO 2025-08-24 23:23:48,602 services 13068 24304 违规数据分析完成: 70条记录, 970次违规
INFO 2025-08-24 23:23:48,602 views 13068 24304 违规数据分析完成: 70条记录
INFO 2025-08-24 23:23:48,604 basehttp 13068 24304 "GET /api/monitor/violations/analytics/?range=all&all=true HTTP/1.1" 200 2406
INFO 2025-08-25 14:56:16,110 views 13068 28704 违规数据分析请求: range=all, query_all=True
INFO 2025-08-25 14:56:16,119 services 13068 28704 违规数据分析完成: 70条记录, 970次违规
INFO 2025-08-25 14:56:16,120 views 13068 28704 违规数据分析完成: 70条记录
INFO 2025-08-25 14:56:16,121 basehttp 13068 28704 "GET /api/monitor/violations/analytics/?range=all&all=true HTTP/1.1" 200 2406
INFO 2025-08-25 14:57:29,249 views 13068 25800 违规数据分析请求: range=24h, query_all=False
INFO 2025-08-25 14:57:29,257 services 13068 25800 违规数据分析完成: 0条记录, 0次违规
INFO 2025-08-25 14:57:29,258 views 13068 25800 违规数据分析完成: 0条记录
INFO 2025-08-25 14:57:29,258 basehttp 13068 25800 "GET /api/monitor/violations/analytics/?range=24h HTTP/1.1" 200 481
INFO 2025-08-25 14:57:31,370 views 13068 27348 违规数据分析请求: range=24h, query_all=False
INFO 2025-08-25 14:57:31,378 services 13068 27348 违规数据分析完成: 0条记录, 0次违规
INFO 2025-08-25 14:57:31,378 views 13068 27348 违规数据分析完成: 0条记录
INFO 2025-08-25 14:57:31,379 basehttp 13068 27348 "GET /api/monitor/violations/analytics/?range=24h HTTP/1.1" 200 481
INFO 2025-08-25 14:58:32,246 views 13068 26028 违规数据分析请求: range=24h, query_all=False
INFO 2025-08-25 14:58:32,253 services 13068 26028 违规数据分析完成: 0条记录, 0次违规
INFO 2025-08-25 14:58:32,254 views 13068 26028 违规数据分析完成: 0条记录
INFO 2025-08-25 14:58:32,255 basehttp 13068 26028 "GET /api/monitor/violations/analytics/?range=24h HTTP/1.1" 200 481
INFO 2025-08-25 14:59:32,246 views 13068 24148 违规数据分析请求: range=24h, query_all=False
INFO 2025-08-25 14:59:32,252 services 13068 24148 违规数据分析完成: 0条记录, 0次违规
INFO 2025-08-25 14:59:32,253 views 13068 24148 违规数据分析完成: 0条记录
INFO 2025-08-25 14:59:32,254 basehttp 13068 24148 "GET /api/monitor/violations/analytics/?range=24h HTTP/1.1" 200 481
INFO 2025-08-25 15:00:32,246 views 13068 2980 违规数据分析请求: range=24h, query_all=False
INFO 2025-08-25 15:00:32,253 services 13068 2980 违规数据分析完成: 0条记录, 0次违规
INFO 2025-08-25 15:00:32,253 views 13068 2980 违规数据分析完成: 0条记录
INFO 2025-08-25 15:00:32,254 basehttp 13068 2980 "GET /api/monitor/violations/analytics/?range=24h HTTP/1.1" 200 481
INFO 2025-08-25 15:01:32,242 views 13068 3888 违规数据分析请求: range=24h, query_all=False
INFO 2025-08-25 15:01:32,248 services 13068 3888 违规数据分析完成: 0条记录, 0次违规
INFO 2025-08-25 15:01:32,249 views 13068 3888 违规数据分析完成: 0条记录
INFO 2025-08-25 15:01:32,249 basehttp 13068 3888 "GET /api/monitor/violations/analytics/?range=24h HTTP/1.1" 200 481
INFO 2025-08-25 15:02:32,246 views 13068 31492 违规数据分析请求: range=24h, query_all=False
INFO 2025-08-25 15:02:32,253 services 13068 31492 违规数据分析完成: 0条记录, 0次违规
INFO 2025-08-25 15:02:32,253 views 13068 31492 违规数据分析完成: 0条记录
INFO 2025-08-25 15:02:32,254 basehttp 13068 31492 "GET /api/monitor/violations/analytics/?range=24h HTTP/1.1" 200 481
INFO 2025-08-25 15:03:32,253 views 13068 6184 违规数据分析请求: range=24h, query_all=False
INFO 2025-08-25 15:03:32,259 services 13068 6184 违规数据分析完成: 0条记录, 0次违规
INFO 2025-08-25 15:03:32,260 views 13068 6184 违规数据分析完成: 0条记录
INFO 2025-08-25 15:03:32,263 basehttp 13068 6184 "GET /api/monitor/violations/analytics/?range=24h HTTP/1.1" 200 481
INFO 2025-08-25 15:05:14,261 views 13068 31332 违规数据分析请求: range=24h, query_all=False
INFO 2025-08-25 15:05:14,267 services 13068 31332 违规数据分析完成: 0条记录, 0次违规
INFO 2025-08-25 15:05:14,267 views 13068 31332 违规数据分析完成: 0条记录
INFO 2025-08-25 15:05:14,268 basehttp 13068 31332 "GET /api/monitor/violations/analytics/?range=24h HTTP/1.1" 200 481
INFO 2025-08-25 15:06:14,251 views 13068 31512 违规数据分析请求: range=24h, query_all=False
INFO 2025-08-25 15:06:14,260 services 13068 31512 违规数据分析完成: 0条记录, 0次违规
INFO 2025-08-25 15:06:14,261 views 13068 31512 违规数据分析完成: 0条记录
INFO 2025-08-25 15:06:14,262 basehttp 13068 31512 "GET /api/monitor/violations/analytics/?range=24h HTTP/1.1" 200 481
INFO 2025-08-25 15:07:14,251 views 13068 16868 违规数据分析请求: range=24h, query_all=False
INFO 2025-08-25 15:07:14,259 services 13068 16868 违规数据分析完成: 0条记录, 0次违规
INFO 2025-08-25 15:07:14,261 views 13068 16868 违规数据分析完成: 0条记录
INFO 2025-08-25 15:07:14,262 basehttp 13068 16868 "GET /api/monitor/violations/analytics/?range=24h HTTP/1.1" 200 481
INFO 2025-08-25 15:08:14,250 views 13068 21500 违规数据分析请求: range=24h, query_all=False
INFO 2025-08-25 15:08:14,259 services 13068 21500 违规数据分析完成: 0条记录, 0次违规
INFO 2025-08-25 15:08:14,259 views 13068 21500 违规数据分析完成: 0条记录
INFO 2025-08-25 15:08:14,260 basehttp 13068 21500 "GET /api/monitor/violations/analytics/?range=24h HTTP/1.1" 200 481
INFO 2025-08-25 15:09:14,246 views 13068 26964 违规数据分析请求: range=24h, query_all=False
INFO 2025-08-25 15:09:14,253 services 13068 26964 违规数据分析完成: 0条记录, 0次违规
INFO 2025-08-25 15:09:14,253 views 13068 26964 违规数据分析完成: 0条记录
INFO 2025-08-25 15:09:14,253 basehttp 13068 26964 "GET /api/monitor/violations/analytics/?range=24h HTTP/1.1" 200 481
INFO 2025-08-25 15:10:14,258 views 13068 24692 违规数据分析请求: range=24h, query_all=False
INFO 2025-08-25 15:10:14,268 services 13068 24692 违规数据分析完成: 0条记录, 0次违规
INFO 2025-08-25 15:10:14,268 views 13068 24692 违规数据分析完成: 0条记录
INFO 2025-08-25 15:10:14,269 basehttp 13068 24692 "GET /api/monitor/violations/analytics/?range=24h HTTP/1.1" 200 481
INFO 2025-08-25 15:11:14,247 views 13068 9724 违规数据分析请求: range=24h, query_all=False
INFO 2025-08-25 15:11:14,257 services 13068 9724 违规数据分析完成: 0条记录, 0次违规
INFO 2025-08-25 15:11:14,257 views 13068 9724 违规数据分析完成: 0条记录
INFO 2025-08-25 15:11:14,258 basehttp 13068 9724 "GET /api/monitor/violations/analytics/?range=24h HTTP/1.1" 200 481
INFO 2025-08-25 15:12:14,250 views 13068 14388 违规数据分析请求: range=24h, query_all=False
INFO 2025-08-25 15:12:14,255 services 13068 14388 违规数据分析完成: 0条记录, 0次违规
INFO 2025-08-25 15:12:14,256 views 13068 14388 违规数据分析完成: 0条记录
INFO 2025-08-25 15:12:14,257 basehttp 13068 14388 "GET /api/monitor/violations/analytics/?range=24h HTTP/1.1" 200 481
INFO 2025-08-25 15:13:14,245 views 13068 28140 违规数据分析请求: range=24h, query_all=False
INFO 2025-08-25 15:13:14,253 services 13068 28140 违规数据分析完成: 0条记录, 0次违规
INFO 2025-08-25 15:13:14,253 views 13068 28140 违规数据分析完成: 0条记录
INFO 2025-08-25 15:13:14,254 basehttp 13068 28140 "GET /api/monitor/violations/analytics/?range=24h HTTP/1.1" 200 481
INFO 2025-08-25 15:14:14,243 views 13068 6240 违规数据分析请求: range=24h, query_all=False
INFO 2025-08-25 15:14:14,250 services 13068 6240 违规数据分析完成: 0条记录, 0次违规
INFO 2025-08-25 15:14:14,250 views 13068 6240 违规数据分析完成: 0条记录
INFO 2025-08-25 15:14:14,251 basehttp 13068 6240 "GET /api/monitor/violations/analytics/?range=24h HTTP/1.1" 200 481
INFO 2025-08-25 15:15:14,251 views 13068 27080 违规数据分析请求: range=24h, query_all=False
INFO 2025-08-25 15:15:14,260 services 13068 27080 违规数据分析完成: 0条记录, 0次违规
INFO 2025-08-25 15:15:14,260 views 13068 27080 违规数据分析完成: 0条记录
INFO 2025-08-25 15:15:14,261 basehttp 13068 27080 "GET /api/monitor/violations/analytics/?range=24h HTTP/1.1" 200 481
INFO 2025-08-25 15:16:14,258 views 13068 22636 违规数据分析请求: range=24h, query_all=False
INFO 2025-08-25 15:16:14,264 services 13068 22636 违规数据分析完成: 0条记录, 0次违规
INFO 2025-08-25 15:16:14,265 views 13068 22636 违规数据分析完成: 0条记录
INFO 2025-08-25 15:16:14,265 basehttp 13068 22636 "GET /api/monitor/violations/analytics/?range=24h HTTP/1.1" 200 481
INFO 2025-08-25 15:17:14,258 views 13068 31424 违规数据分析请求: range=24h, query_all=False
INFO 2025-08-25 15:17:14,263 services 13068 31424 违规数据分析完成: 0条记录, 0次违规
INFO 2025-08-25 15:17:14,264 views 13068 31424 违规数据分析完成: 0条记录
INFO 2025-08-25 15:17:14,265 basehttp 13068 31424 "GET /api/monitor/violations/analytics/?range=24h HTTP/1.1" 200 481
INFO 2025-08-25 15:18:14,252 views 13068 29144 违规数据分析请求: range=24h, query_all=False
INFO 2025-08-25 15:18:14,259 services 13068 29144 违规数据分析完成: 0条记录, 0次违规
INFO 2025-08-25 15:18:14,259 views 13068 29144 违规数据分析完成: 0条记录
INFO 2025-08-25 15:18:14,260 basehttp 13068 29144 "GET /api/monitor/violations/analytics/?range=24h HTTP/1.1" 200 481
INFO 2025-08-25 15:19:14,250 views 13068 28220 违规数据分析请求: range=24h, query_all=False
INFO 2025-08-25 15:19:14,256 services 13068 28220 违规数据分析完成: 0条记录, 0次违规
INFO 2025-08-25 15:19:14,257 views 13068 28220 违规数据分析完成: 0条记录
INFO 2025-08-25 15:19:14,258 basehttp 13068 28220 "GET /api/monitor/violations/analytics/?range=24h HTTP/1.1" 200 481
INFO 2025-08-25 15:20:14,248 views 13068 21304 违规数据分析请求: range=24h, query_all=False
INFO 2025-08-25 15:20:14,257 services 13068 21304 违规数据分析完成: 0条记录, 0次违规
INFO 2025-08-25 15:20:14,258 views 13068 21304 违规数据分析完成: 0条记录
INFO 2025-08-25 15:20:14,259 basehttp 13068 21304 "GET /api/monitor/violations/analytics/?range=24h HTTP/1.1" 200 481
INFO 2025-08-25 15:21:14,246 views 13068 14204 违规数据分析请求: range=24h, query_all=False
INFO 2025-08-25 15:21:14,254 services 13068 14204 违规数据分析完成: 0条记录, 0次违规
INFO 2025-08-25 15:21:14,255 views 13068 14204 违规数据分析完成: 0条记录
INFO 2025-08-25 15:21:14,256 basehttp 13068 14204 "GET /api/monitor/violations/analytics/?range=24h HTTP/1.1" 200 481
INFO 2025-08-25 15:22:14,256 views 13068 31152 违规数据分析请求: range=24h, query_all=False
INFO 2025-08-25 15:22:14,262 services 13068 31152 违规数据分析完成: 0条记录, 0次违规
INFO 2025-08-25 15:22:14,264 views 13068 31152 违规数据分析完成: 0条记录
INFO 2025-08-25 15:22:14,265 basehttp 13068 31152 "GET /api/monitor/violations/analytics/?range=24h HTTP/1.1" 200 481
INFO 2025-08-25 15:23:14,241 views 13068 20804 违规数据分析请求: range=24h, query_all=False
INFO 2025-08-25 15:23:14,247 services 13068 20804 违规数据分析完成: 0条记录, 0次违规
INFO 2025-08-25 15:23:14,247 views 13068 20804 违规数据分析完成: 0条记录
INFO 2025-08-25 15:23:14,248 basehttp 13068 20804 "GET /api/monitor/violations/analytics/?range=24h HTTP/1.1" 200 481
INFO 2025-08-25 15:24:14,259 views 13068 25632 违规数据分析请求: range=24h, query_all=False
INFO 2025-08-25 15:24:14,266 services 13068 25632 违规数据分析完成: 0条记录, 0次违规
INFO 2025-08-25 15:24:14,266 views 13068 25632 违规数据分析完成: 0条记录
INFO 2025-08-25 15:24:14,267 basehttp 13068 25632 "GET /api/monitor/violations/analytics/?range=24h HTTP/1.1" 200 481
INFO 2025-08-25 15:25:14,258 views 13068 13824 违规数据分析请求: range=24h, query_all=False
INFO 2025-08-25 15:25:14,266 services 13068 13824 违规数据分析完成: 0条记录, 0次违规
INFO 2025-08-25 15:25:14,266 views 13068 13824 违规数据分析完成: 0条记录
INFO 2025-08-25 15:25:14,267 basehttp 13068 13824 "GET /api/monitor/violations/analytics/?range=24h HTTP/1.1" 200 481
INFO 2025-08-25 15:26:14,252 views 13068 24796 违规数据分析请求: range=24h, query_all=False
INFO 2025-08-25 15:26:14,263 services 13068 24796 违规数据分析完成: 0条记录, 0次违规
INFO 2025-08-25 15:26:14,264 views 13068 24796 违规数据分析完成: 0条记录
INFO 2025-08-25 15:26:14,264 basehttp 13068 24796 "GET /api/monitor/violations/analytics/?range=24h HTTP/1.1" 200 481
INFO 2025-08-25 15:27:14,246 views 13068 30932 违规数据分析请求: range=24h, query_all=False
INFO 2025-08-25 15:27:14,254 services 13068 30932 违规数据分析完成: 0条记录, 0次违规
INFO 2025-08-25 15:27:14,254 views 13068 30932 违规数据分析完成: 0条记录
INFO 2025-08-25 15:27:14,255 basehttp 13068 30932 "GET /api/monitor/violations/analytics/?range=24h HTTP/1.1" 200 481
INFO 2025-08-25 15:28:14,253 views 13068 26812 违规数据分析请求: range=24h, query_all=False
INFO 2025-08-25 15:28:14,262 services 13068 26812 违规数据分析完成: 0条记录, 0次违规
INFO 2025-08-25 15:28:14,262 views 13068 26812 违规数据分析完成: 0条记录
INFO 2025-08-25 15:28:14,264 basehttp 13068 26812 "GET /api/monitor/violations/analytics/?range=24h HTTP/1.1" 200 481
INFO 2025-08-25 15:29:14,251 views 13068 31260 违规数据分析请求: range=24h, query_all=False
INFO 2025-08-25 15:29:14,259 services 13068 31260 违规数据分析完成: 0条记录, 0次违规
INFO 2025-08-25 15:29:14,260 views 13068 31260 违规数据分析完成: 0条记录
INFO 2025-08-25 15:29:14,261 basehttp 13068 31260 "GET /api/monitor/violations/analytics/?range=24h HTTP/1.1" 200 481
INFO 2025-08-25 15:30:14,257 views 13068 4576 违规数据分析请求: range=24h, query_all=False
INFO 2025-08-25 15:30:14,266 services 13068 4576 违规数据分析完成: 0条记录, 0次违规
INFO 2025-08-25 15:30:14,267 views 13068 4576 违规数据分析完成: 0条记录
INFO 2025-08-25 15:30:14,268 basehttp 13068 4576 "GET /api/monitor/violations/analytics/?range=24h HTTP/1.1" 200 481
INFO 2025-08-25 15:31:14,254 views 13068 1516 违规数据分析请求: range=24h, query_all=False
INFO 2025-08-25 15:31:14,262 services 13068 1516 违规数据分析完成: 0条记录, 0次违规
INFO 2025-08-25 15:31:14,263 views 13068 1516 违规数据分析完成: 0条记录
INFO 2025-08-25 15:31:14,264 basehttp 13068 1516 "GET /api/monitor/violations/analytics/?range=24h HTTP/1.1" 200 481
INFO 2025-08-25 15:32:14,245 views 13068 21876 违规数据分析请求: range=24h, query_all=False
INFO 2025-08-25 15:32:14,251 services 13068 21876 违规数据分析完成: 0条记录, 0次违规
INFO 2025-08-25 15:32:14,251 views 13068 21876 违规数据分析完成: 0条记录
INFO 2025-08-25 15:32:14,253 basehttp 13068 21876 "GET /api/monitor/violations/analytics/?range=24h HTTP/1.1" 200 481
INFO 2025-08-25 15:33:14,245 views 13068 31188 违规数据分析请求: range=24h, query_all=False
INFO 2025-08-25 15:33:14,253 services 13068 31188 违规数据分析完成: 0条记录, 0次违规
INFO 2025-08-25 15:33:14,253 views 13068 31188 违规数据分析完成: 0条记录
INFO 2025-08-25 15:33:14,255 basehttp 13068 31188 "GET /api/monitor/violations/analytics/?range=24h HTTP/1.1" 200 481
INFO 2025-08-25 15:34:14,259 views 13068 27136 违规数据分析请求: range=24h, query_all=False
INFO 2025-08-25 15:34:14,265 services 13068 27136 违规数据分析完成: 0条记录, 0次违规
INFO 2025-08-25 15:34:14,266 views 13068 27136 违规数据分析完成: 0条记录
INFO 2025-08-25 15:34:14,267 basehttp 13068 27136 "GET /api/monitor/violations/analytics/?range=24h HTTP/1.1" 200 481
INFO 2025-08-25 15:35:14,252 views 13068 6584 违规数据分析请求: range=24h, query_all=False
INFO 2025-08-25 15:35:14,261 services 13068 6584 违规数据分析完成: 0条记录, 0次违规
INFO 2025-08-25 15:35:14,261 views 13068 6584 违规数据分析完成: 0条记录
INFO 2025-08-25 15:35:14,263 basehttp 13068 6584 "GET /api/monitor/violations/analytics/?range=24h HTTP/1.1" 200 481
INFO 2025-08-25 15:36:14,250 views 13068 6008 违规数据分析请求: range=24h, query_all=False
INFO 2025-08-25 15:36:14,261 services 13068 6008 违规数据分析完成: 0条记录, 0次违规
INFO 2025-08-25 15:36:14,262 views 13068 6008 违规数据分析完成: 0条记录
INFO 2025-08-25 15:36:14,262 basehttp 13068 6008 "GET /api/monitor/violations/analytics/?range=24h HTTP/1.1" 200 481
INFO 2025-08-25 15:37:14,253 views 13068 29796 违规数据分析请求: range=24h, query_all=False
INFO 2025-08-25 15:37:14,259 services 13068 29796 违规数据分析完成: 0条记录, 0次违规
INFO 2025-08-25 15:37:14,260 views 13068 29796 违规数据分析完成: 0条记录
INFO 2025-08-25 15:37:14,262 basehttp 13068 29796 "GET /api/monitor/violations/analytics/?range=24h HTTP/1.1" 200 481
INFO 2025-08-25 15:38:14,246 views 13068 8444 违规数据分析请求: range=24h, query_all=False
INFO 2025-08-25 15:38:14,255 services 13068 8444 违规数据分析完成: 0条记录, 0次违规
INFO 2025-08-25 15:38:14,256 views 13068 8444 违规数据分析完成: 0条记录
INFO 2025-08-25 15:38:14,257 basehttp 13068 8444 "GET /api/monitor/violations/analytics/?range=24h HTTP/1.1" 200 481
INFO 2025-08-25 15:39:14,262 views 13068 24688 违规数据分析请求: range=24h, query_all=False
INFO 2025-08-25 15:39:14,269 services 13068 24688 违规数据分析完成: 0条记录, 0次违规
INFO 2025-08-25 15:39:14,270 views 13068 24688 违规数据分析完成: 0条记录
INFO 2025-08-25 15:39:14,270 basehttp 13068 24688 "GET /api/monitor/violations/analytics/?range=24h HTTP/1.1" 200 481
INFO 2025-08-25 15:40:14,248 views 13068 11176 违规数据分析请求: range=24h, query_all=False
INFO 2025-08-25 15:40:14,254 services 13068 11176 违规数据分析完成: 0条记录, 0次违规
INFO 2025-08-25 15:40:14,255 views 13068 11176 违规数据分析完成: 0条记录
INFO 2025-08-25 15:40:14,256 basehttp 13068 11176 "GET /api/monitor/violations/analytics/?range=24h HTTP/1.1" 200 481
INFO 2025-08-25 15:41:14,244 views 13068 14412 违规数据分析请求: range=24h, query_all=False
INFO 2025-08-25 15:41:14,256 services 13068 14412 违规数据分析完成: 0条记录, 0次违规
INFO 2025-08-25 15:41:14,256 views 13068 14412 违规数据分析完成: 0条记录
INFO 2025-08-25 15:41:14,258 basehttp 13068 14412 "GET /api/monitor/violations/analytics/?range=24h HTTP/1.1" 200 481
INFO 2025-08-25 15:42:14,248 views 13068 11664 违规数据分析请求: range=24h, query_all=False
INFO 2025-08-25 15:42:14,257 services 13068 11664 违规数据分析完成: 0条记录, 0次违规
INFO 2025-08-25 15:42:14,257 views 13068 11664 违规数据分析完成: 0条记录
INFO 2025-08-25 15:42:14,259 basehttp 13068 11664 "GET /api/monitor/violations/analytics/?range=24h HTTP/1.1" 200 481
INFO 2025-08-25 15:43:14,256 views 13068 7848 违规数据分析请求: range=24h, query_all=False
INFO 2025-08-25 15:43:14,264 services 13068 7848 违规数据分析完成: 0条记录, 0次违规
INFO 2025-08-25 15:43:14,264 views 13068 7848 违规数据分析完成: 0条记录
INFO 2025-08-25 15:43:14,266 basehttp 13068 7848 "GET /api/monitor/violations/analytics/?range=24h HTTP/1.1" 200 481
INFO 2025-08-25 15:44:14,256 views 13068 30816 违规数据分析请求: range=24h, query_all=False
INFO 2025-08-25 15:44:14,263 services 13068 30816 违规数据分析完成: 0条记录, 0次违规
INFO 2025-08-25 15:44:14,263 views 13068 30816 违规数据分析完成: 0条记录
INFO 2025-08-25 15:44:14,265 basehttp 13068 30816 "GET /api/monitor/violations/analytics/?range=24h HTTP/1.1" 200 481
INFO 2025-08-25 15:45:14,257 views 13068 29856 违规数据分析请求: range=24h, query_all=False
INFO 2025-08-25 15:45:14,268 services 13068 29856 违规数据分析完成: 0条记录, 0次违规
INFO 2025-08-25 15:45:14,269 views 13068 29856 违规数据分析完成: 0条记录
INFO 2025-08-25 15:45:14,271 basehttp 13068 29856 "GET /api/monitor/violations/analytics/?range=24h HTTP/1.1" 200 481
INFO 2025-08-25 15:46:14,245 views 13068 29076 违规数据分析请求: range=24h, query_all=False
INFO 2025-08-25 15:46:14,256 services 13068 29076 违规数据分析完成: 0条记录, 0次违规
INFO 2025-08-25 15:46:14,256 views 13068 29076 违规数据分析完成: 0条记录
INFO 2025-08-25 15:46:14,258 basehttp 13068 29076 "GET /api/monitor/violations/analytics/?range=24h HTTP/1.1" 200 481
INFO 2025-08-25 15:47:14,249 views 13068 26376 违规数据分析请求: range=24h, query_all=False
INFO 2025-08-25 15:47:14,259 services 13068 26376 违规数据分析完成: 0条记录, 0次违规
INFO 2025-08-25 15:47:14,259 views 13068 26376 违规数据分析完成: 0条记录
INFO 2025-08-25 15:47:14,260 basehttp 13068 26376 "GET /api/monitor/violations/analytics/?range=24h HTTP/1.1" 200 481
INFO 2025-08-25 15:48:14,249 views 13068 8444 违规数据分析请求: range=24h, query_all=False
INFO 2025-08-25 15:48:14,256 services 13068 8444 违规数据分析完成: 0条记录, 0次违规
INFO 2025-08-25 15:48:14,257 views 13068 8444 违规数据分析完成: 0条记录
INFO 2025-08-25 15:48:14,258 basehttp 13068 8444 "GET /api/monitor/violations/analytics/?range=24h HTTP/1.1" 200 481
INFO 2025-08-25 15:49:14,250 views 13068 3020 违规数据分析请求: range=24h, query_all=False
INFO 2025-08-25 15:49:14,259 services 13068 3020 违规数据分析完成: 0条记录, 0次违规
INFO 2025-08-25 15:49:14,260 views 13068 3020 违规数据分析完成: 0条记录
INFO 2025-08-25 15:49:14,261 basehttp 13068 3020 "GET /api/monitor/violations/analytics/?range=24h HTTP/1.1" 200 481
INFO 2025-08-25 15:50:14,244 views 13068 4812 违规数据分析请求: range=24h, query_all=False
INFO 2025-08-25 15:50:14,250 services 13068 4812 违规数据分析完成: 0条记录, 0次违规
INFO 2025-08-25 15:50:14,251 views 13068 4812 违规数据分析完成: 0条记录
INFO 2025-08-25 15:50:14,252 basehttp 13068 4812 "GET /api/monitor/violations/analytics/?range=24h HTTP/1.1" 200 481
INFO 2025-08-25 15:51:14,256 views 13068 15804 违规数据分析请求: range=24h, query_all=False
INFO 2025-08-25 15:51:14,262 services 13068 15804 违规数据分析完成: 0条记录, 0次违规
INFO 2025-08-25 15:51:14,263 views 13068 15804 违规数据分析完成: 0条记录
INFO 2025-08-25 15:51:14,265 basehttp 13068 15804 "GET /api/monitor/violations/analytics/?range=24h HTTP/1.1" 200 481
INFO 2025-08-25 15:52:14,248 views 13068 17404 违规数据分析请求: range=24h, query_all=False
INFO 2025-08-25 15:52:14,258 services 13068 17404 违规数据分析完成: 0条记录, 0次违规
INFO 2025-08-25 15:52:14,258 views 13068 17404 违规数据分析完成: 0条记录
INFO 2025-08-25 15:52:14,259 basehttp 13068 17404 "GET /api/monitor/violations/analytics/?range=24h HTTP/1.1" 200 481
INFO 2025-08-25 15:53:14,254 views 13068 2132 违规数据分析请求: range=24h, query_all=False
INFO 2025-08-25 15:53:14,261 services 13068 2132 违规数据分析完成: 0条记录, 0次违规
INFO 2025-08-25 15:53:14,262 views 13068 2132 违规数据分析完成: 0条记录
INFO 2025-08-25 15:53:14,263 basehttp 13068 2132 "GET /api/monitor/violations/analytics/?range=24h HTTP/1.1" 200 481
INFO 2025-08-25 15:54:14,246 views 13068 19728 违规数据分析请求: range=24h, query_all=False
INFO 2025-08-25 15:54:14,253 services 13068 19728 违规数据分析完成: 0条记录, 0次违规
INFO 2025-08-25 15:54:14,253 views 13068 19728 违规数据分析完成: 0条记录
INFO 2025-08-25 15:54:14,255 basehttp 13068 19728 "GET /api/monitor/violations/analytics/?range=24h HTTP/1.1" 200 481
INFO 2025-08-25 15:55:14,252 views 13068 28076 违规数据分析请求: range=24h, query_all=False
INFO 2025-08-25 15:55:14,263 services 13068 28076 违规数据分析完成: 0条记录, 0次违规
INFO 2025-08-25 15:55:14,263 views 13068 28076 违规数据分析完成: 0条记录
INFO 2025-08-25 15:55:14,264 basehttp 13068 28076 "GET /api/monitor/violations/analytics/?range=24h HTTP/1.1" 200 481
INFO 2025-08-25 15:56:14,246 views 13068 31680 违规数据分析请求: range=24h, query_all=False
INFO 2025-08-25 15:56:14,253 services 13068 31680 违规数据分析完成: 0条记录, 0次违规
INFO 2025-08-25 15:56:14,253 views 13068 31680 违规数据分析完成: 0条记录
INFO 2025-08-25 15:56:14,256 basehttp 13068 31680 "GET /api/monitor/violations/analytics/?range=24h HTTP/1.1" 200 481
INFO 2025-08-25 15:57:14,240 views 13068 2896 违规数据分析请求: range=24h, query_all=False
INFO 2025-08-25 15:57:14,251 services 13068 2896 违规数据分析完成: 0条记录, 0次违规
INFO 2025-08-25 15:57:14,251 views 13068 2896 违规数据分析完成: 0条记录
INFO 2025-08-25 15:57:14,254 basehttp 13068 2896 "GET /api/monitor/violations/analytics/?range=24h HTTP/1.1" 200 481
INFO 2025-08-25 15:58:14,256 views 13068 2484 违规数据分析请求: range=24h, query_all=False
INFO 2025-08-25 15:58:14,268 services 13068 2484 违规数据分析完成: 0条记录, 0次违规
INFO 2025-08-25 15:58:14,268 views 13068 2484 违规数据分析完成: 0条记录
INFO 2025-08-25 15:58:14,269 basehttp 13068 2484 "GET /api/monitor/violations/analytics/?range=24h HTTP/1.1" 200 481
INFO 2025-08-25 15:59:14,260 views 13068 25012 违规数据分析请求: range=24h, query_all=False
INFO 2025-08-25 15:59:14,267 services 13068 25012 违规数据分析完成: 0条记录, 0次违规
INFO 2025-08-25 15:59:14,268 views 13068 25012 违规数据分析完成: 0条记录
INFO 2025-08-25 15:59:14,269 basehttp 13068 25012 "GET /api/monitor/violations/analytics/?range=24h HTTP/1.1" 200 481
INFO 2025-08-25 16:00:14,243 views 13068 19992 违规数据分析请求: range=24h, query_all=False
INFO 2025-08-25 16:00:14,249 services 13068 19992 违规数据分析完成: 0条记录, 0次违规
INFO 2025-08-25 16:00:14,249 views 13068 19992 违规数据分析完成: 0条记录
INFO 2025-08-25 16:00:14,250 basehttp 13068 19992 "GET /api/monitor/violations/analytics/?range=24h HTTP/1.1" 200 481
INFO 2025-08-25 16:01:14,254 views 13068 30168 违规数据分析请求: range=24h, query_all=False
INFO 2025-08-25 16:01:14,262 services 13068 30168 违规数据分析完成: 0条记录, 0次违规
INFO 2025-08-25 16:01:14,263 views 13068 30168 违规数据分析完成: 0条记录
INFO 2025-08-25 16:01:14,264 basehttp 13068 30168 "GET /api/monitor/violations/analytics/?range=24h HTTP/1.1" 200 481
INFO 2025-08-25 16:02:14,258 views 13068 18688 违规数据分析请求: range=24h, query_all=False
INFO 2025-08-25 16:02:14,265 services 13068 18688 违规数据分析完成: 0条记录, 0次违规
INFO 2025-08-25 16:02:14,265 views 13068 18688 违规数据分析完成: 0条记录
INFO 2025-08-25 16:02:14,266 basehttp 13068 18688 "GET /api/monitor/violations/analytics/?range=24h HTTP/1.1" 200 481
INFO 2025-08-25 16:03:14,258 views 13068 13640 违规数据分析请求: range=24h, query_all=False
INFO 2025-08-25 16:03:14,263 services 13068 13640 违规数据分析完成: 0条记录, 0次违规
INFO 2025-08-25 16:03:14,265 views 13068 13640 违规数据分析完成: 0条记录
INFO 2025-08-25 16:03:14,266 basehttp 13068 13640 "GET /api/monitor/violations/analytics/?range=24h HTTP/1.1" 200 481
INFO 2025-08-25 16:04:14,249 views 13068 30736 违规数据分析请求: range=24h, query_all=False
INFO 2025-08-25 16:04:14,256 services 13068 30736 违规数据分析完成: 0条记录, 0次违规
INFO 2025-08-25 16:04:14,256 views 13068 30736 违规数据分析完成: 0条记录
INFO 2025-08-25 16:04:14,258 basehttp 13068 30736 "GET /api/monitor/violations/analytics/?range=24h HTTP/1.1" 200 481
INFO 2025-08-25 16:05:14,254 views 13068 20624 违规数据分析请求: range=24h, query_all=False
INFO 2025-08-25 16:05:14,262 services 13068 20624 违规数据分析完成: 0条记录, 0次违规
INFO 2025-08-25 16:05:14,262 views 13068 20624 违规数据分析完成: 0条记录
INFO 2025-08-25 16:05:14,264 basehttp 13068 20624 "GET /api/monitor/violations/analytics/?range=24h HTTP/1.1" 200 481
INFO 2025-08-25 16:06:14,252 views 13068 4052 违规数据分析请求: range=24h, query_all=False
INFO 2025-08-25 16:06:14,260 services 13068 4052 违规数据分析完成: 0条记录, 0次违规
INFO 2025-08-25 16:06:14,260 views 13068 4052 违规数据分析完成: 0条记录
INFO 2025-08-25 16:06:14,261 basehttp 13068 4052 "GET /api/monitor/violations/analytics/?range=24h HTTP/1.1" 200 481
INFO 2025-08-25 16:07:14,247 views 13068 30840 违规数据分析请求: range=24h, query_all=False
INFO 2025-08-25 16:07:14,253 services 13068 30840 违规数据分析完成: 0条记录, 0次违规
INFO 2025-08-25 16:07:14,253 views 13068 30840 违规数据分析完成: 0条记录
INFO 2025-08-25 16:07:14,254 basehttp 13068 30840 "GET /api/monitor/violations/analytics/?range=24h HTTP/1.1" 200 481
INFO 2025-08-25 16:08:14,256 views 13068 26736 违规数据分析请求: range=24h, query_all=False
INFO 2025-08-25 16:08:14,267 services 13068 26736 违规数据分析完成: 0条记录, 0次违规
INFO 2025-08-25 16:08:14,267 views 13068 26736 违规数据分析完成: 0条记录
INFO 2025-08-25 16:08:14,268 basehttp 13068 26736 "GET /api/monitor/violations/analytics/?range=24h HTTP/1.1" 200 481
INFO 2025-08-25 16:09:14,246 views 13068 26428 违规数据分析请求: range=24h, query_all=False
INFO 2025-08-25 16:09:14,254 services 13068 26428 违规数据分析完成: 0条记录, 0次违规
INFO 2025-08-25 16:09:14,254 views 13068 26428 违规数据分析完成: 0条记录
INFO 2025-08-25 16:09:14,256 basehttp 13068 26428 "GET /api/monitor/violations/analytics/?range=24h HTTP/1.1" 200 481
INFO 2025-08-25 16:10:14,264 views 13068 29524 违规数据分析请求: range=24h, query_all=False
INFO 2025-08-25 16:10:14,272 services 13068 29524 违规数据分析完成: 0条记录, 0次违规
INFO 2025-08-25 16:10:14,272 views 13068 29524 违规数据分析完成: 0条记录
INFO 2025-08-25 16:10:14,274 basehttp 13068 29524 "GET /api/monitor/violations/analytics/?range=24h HTTP/1.1" 200 481
INFO 2025-08-25 16:11:14,255 views 13068 19480 违规数据分析请求: range=24h, query_all=False
INFO 2025-08-25 16:11:14,263 services 13068 19480 违规数据分析完成: 0条记录, 0次违规
INFO 2025-08-25 16:11:14,263 views 13068 19480 违规数据分析完成: 0条记录
INFO 2025-08-25 16:11:14,264 basehttp 13068 19480 "GET /api/monitor/violations/analytics/?range=24h HTTP/1.1" 200 481
INFO 2025-08-25 16:12:14,245 views 13068 7984 违规数据分析请求: range=24h, query_all=False
INFO 2025-08-25 16:12:14,251 services 13068 7984 违规数据分析完成: 0条记录, 0次违规
INFO 2025-08-25 16:12:14,252 views 13068 7984 违规数据分析完成: 0条记录
INFO 2025-08-25 16:12:14,253 basehttp 13068 7984 "GET /api/monitor/violations/analytics/?range=24h HTTP/1.1" 200 481
INFO 2025-08-25 16:13:14,261 views 13068 7312 违规数据分析请求: range=24h, query_all=False
INFO 2025-08-25 16:13:14,268 services 13068 7312 违规数据分析完成: 0条记录, 0次违规
INFO 2025-08-25 16:13:14,269 views 13068 7312 违规数据分析完成: 0条记录
INFO 2025-08-25 16:13:14,269 basehttp 13068 7312 "GET /api/monitor/violations/analytics/?range=24h HTTP/1.1" 200 481
INFO 2025-08-25 16:14:14,247 views 13068 31028 违规数据分析请求: range=24h, query_all=False
INFO 2025-08-25 16:14:14,253 services 13068 31028 违规数据分析完成: 0条记录, 0次违规
INFO 2025-08-25 16:14:14,253 views 13068 31028 违规数据分析完成: 0条记录
INFO 2025-08-25 16:14:14,254 basehttp 13068 31028 "GET /api/monitor/violations/analytics/?range=24h HTTP/1.1" 200 481
INFO 2025-08-25 16:15:14,242 views 13068 8048 违规数据分析请求: range=24h, query_all=False
INFO 2025-08-25 16:15:14,249 services 13068 8048 违规数据分析完成: 0条记录, 0次违规
INFO 2025-08-25 16:15:14,250 views 13068 8048 违规数据分析完成: 0条记录
INFO 2025-08-25 16:15:14,251 basehttp 13068 8048 "GET /api/monitor/violations/analytics/?range=24h HTTP/1.1" 200 481
INFO 2025-08-25 16:16:14,276 views 13068 26940 违规数据分析请求: range=24h, query_all=False
INFO 2025-08-25 16:16:14,305 services 13068 26940 违规数据分析完成: 0条记录, 0次违规
INFO 2025-08-25 16:16:14,308 views 13068 26940 违规数据分析完成: 0条记录
INFO 2025-08-25 16:16:14,313 basehttp 13068 26940 "GET /api/monitor/violations/analytics/?range=24h HTTP/1.1" 200 481
INFO 2025-08-25 16:17:14,252 views 13068 29888 违规数据分析请求: range=24h, query_all=False
INFO 2025-08-25 16:17:14,260 services 13068 29888 违规数据分析完成: 0条记录, 0次违规
INFO 2025-08-25 16:17:14,261 views 13068 29888 违规数据分析完成: 0条记录
INFO 2025-08-25 16:17:14,262 basehttp 13068 29888 "GET /api/monitor/violations/analytics/?range=24h HTTP/1.1" 200 481
INFO 2025-08-25 16:18:14,257 views 13068 24488 违规数据分析请求: range=24h, query_all=False
INFO 2025-08-25 16:18:14,263 services 13068 24488 违规数据分析完成: 0条记录, 0次违规
INFO 2025-08-25 16:18:14,264 views 13068 24488 违规数据分析完成: 0条记录
INFO 2025-08-25 16:18:14,264 basehttp 13068 24488 "GET /api/monitor/violations/analytics/?range=24h HTTP/1.1" 200 481
INFO 2025-08-25 16:19:14,254 views 13068 10908 违规数据分析请求: range=24h, query_all=False
INFO 2025-08-25 16:19:14,260 services 13068 10908 违规数据分析完成: 0条记录, 0次违规
INFO 2025-08-25 16:19:14,260 views 13068 10908 违规数据分析完成: 0条记录
INFO 2025-08-25 16:19:14,261 basehttp 13068 10908 "GET /api/monitor/violations/analytics/?range=24h HTTP/1.1" 200 481
INFO 2025-08-25 16:20:14,242 views 13068 20732 违规数据分析请求: range=24h, query_all=False
INFO 2025-08-25 16:20:14,249 services 13068 20732 违规数据分析完成: 0条记录, 0次违规
INFO 2025-08-25 16:20:14,249 views 13068 20732 违规数据分析完成: 0条记录
INFO 2025-08-25 16:20:14,250 basehttp 13068 20732 "GET /api/monitor/violations/analytics/?range=24h HTTP/1.1" 200 481
INFO 2025-08-25 16:21:14,261 views 13068 6416 违规数据分析请求: range=24h, query_all=False
INFO 2025-08-25 16:21:14,268 services 13068 6416 违规数据分析完成: 0条记录, 0次违规
INFO 2025-08-25 16:21:14,268 views 13068 6416 违规数据分析完成: 0条记录
INFO 2025-08-25 16:21:14,269 basehttp 13068 6416 "GET /api/monitor/violations/analytics/?range=24h HTTP/1.1" 200 481
INFO 2025-08-25 16:22:14,255 views 13068 29752 违规数据分析请求: range=24h, query_all=False
INFO 2025-08-25 16:22:14,262 services 13068 29752 违规数据分析完成: 0条记录, 0次违规
INFO 2025-08-25 16:22:14,262 views 13068 29752 违规数据分析完成: 0条记录
INFO 2025-08-25 16:22:14,263 basehttp 13068 29752 "GET /api/monitor/violations/analytics/?range=24h HTTP/1.1" 200 481
INFO 2025-08-25 16:23:14,247 views 13068 11756 违规数据分析请求: range=24h, query_all=False
INFO 2025-08-25 16:23:14,253 services 13068 11756 违规数据分析完成: 0条记录, 0次违规
INFO 2025-08-25 16:23:14,254 views 13068 11756 违规数据分析完成: 0条记录
INFO 2025-08-25 16:23:14,255 basehttp 13068 11756 "GET /api/monitor/violations/analytics/?range=24h HTTP/1.1" 200 481
INFO 2025-08-25 16:24:14,254 views 13068 20336 违规数据分析请求: range=24h, query_all=False
INFO 2025-08-25 16:24:14,260 services 13068 20336 违规数据分析完成: 0条记录, 0次违规
INFO 2025-08-25 16:24:14,261 views 13068 20336 违规数据分析完成: 0条记录
INFO 2025-08-25 16:24:14,262 basehttp 13068 20336 "GET /api/monitor/violations/analytics/?range=24h HTTP/1.1" 200 481
INFO 2025-08-25 16:25:14,239 views 13068 17620 违规数据分析请求: range=24h, query_all=False
INFO 2025-08-25 16:25:14,246 services 13068 17620 违规数据分析完成: 0条记录, 0次违规
INFO 2025-08-25 16:25:14,246 views 13068 17620 违规数据分析完成: 0条记录
INFO 2025-08-25 16:25:14,247 basehttp 13068 17620 "GET /api/monitor/violations/analytics/?range=24h HTTP/1.1" 200 481
INFO 2025-08-25 16:26:14,257 views 13068 14648 违规数据分析请求: range=24h, query_all=False
INFO 2025-08-25 16:26:14,265 services 13068 14648 违规数据分析完成: 0条记录, 0次违规
INFO 2025-08-25 16:26:14,265 views 13068 14648 违规数据分析完成: 0条记录
INFO 2025-08-25 16:26:14,266 basehttp 13068 14648 "GET /api/monitor/violations/analytics/?range=24h HTTP/1.1" 200 481
INFO 2025-08-25 16:27:14,252 views 13068 17404 违规数据分析请求: range=24h, query_all=False
INFO 2025-08-25 16:27:14,260 services 13068 17404 违规数据分析完成: 0条记录, 0次违规
INFO 2025-08-25 16:27:14,261 views 13068 17404 违规数据分析完成: 0条记录
INFO 2025-08-25 16:27:14,262 basehttp 13068 17404 "GET /api/monitor/violations/analytics/?range=24h HTTP/1.1" 200 481
INFO 2025-08-25 16:28:14,251 views 13068 23832 违规数据分析请求: range=24h, query_all=False
INFO 2025-08-25 16:28:14,257 services 13068 23832 违规数据分析完成: 0条记录, 0次违规
INFO 2025-08-25 16:28:14,258 views 13068 23832 违规数据分析完成: 0条记录
INFO 2025-08-25 16:28:14,259 basehttp 13068 23832 "GET /api/monitor/violations/analytics/?range=24h HTTP/1.1" 200 481
INFO 2025-08-25 16:29:14,247 views 13068 12524 违规数据分析请求: range=24h, query_all=False
INFO 2025-08-25 16:29:14,254 services 13068 12524 违规数据分析完成: 0条记录, 0次违规
INFO 2025-08-25 16:29:14,254 views 13068 12524 违规数据分析完成: 0条记录
INFO 2025-08-25 16:29:14,255 basehttp 13068 12524 "GET /api/monitor/violations/analytics/?range=24h HTTP/1.1" 200 481
INFO 2025-08-25 16:30:14,254 views 13068 25476 违规数据分析请求: range=24h, query_all=False
INFO 2025-08-25 16:30:14,263 services 13068 25476 违规数据分析完成: 0条记录, 0次违规
INFO 2025-08-25 16:30:14,264 views 13068 25476 违规数据分析完成: 0条记录
INFO 2025-08-25 16:30:14,265 basehttp 13068 25476 "GET /api/monitor/violations/analytics/?range=24h HTTP/1.1" 200 481
INFO 2025-08-25 16:31:14,256 views 13068 3944 违规数据分析请求: range=24h, query_all=False
INFO 2025-08-25 16:31:14,264 services 13068 3944 违规数据分析完成: 0条记录, 0次违规
INFO 2025-08-25 16:31:14,264 views 13068 3944 违规数据分析完成: 0条记录
INFO 2025-08-25 16:31:14,265 basehttp 13068 3944 "GET /api/monitor/violations/analytics/?range=24h HTTP/1.1" 200 481
INFO 2025-08-25 16:32:14,255 views 13068 24896 违规数据分析请求: range=24h, query_all=False
INFO 2025-08-25 16:32:14,266 services 13068 24896 违规数据分析完成: 0条记录, 0次违规
INFO 2025-08-25 16:32:14,267 views 13068 24896 违规数据分析完成: 0条记录
INFO 2025-08-25 16:32:14,268 basehttp 13068 24896 "GET /api/monitor/violations/analytics/?range=24h HTTP/1.1" 200 481
INFO 2025-08-25 16:33:14,247 views 13068 15608 违规数据分析请求: range=24h, query_all=False
INFO 2025-08-25 16:33:14,257 services 13068 15608 违规数据分析完成: 0条记录, 0次违规
INFO 2025-08-25 16:33:14,258 views 13068 15608 违规数据分析完成: 0条记录
INFO 2025-08-25 16:33:14,259 basehttp 13068 15608 "GET /api/monitor/violations/analytics/?range=24h HTTP/1.1" 200 481
INFO 2025-08-25 16:34:14,254 views 13068 22752 违规数据分析请求: range=24h, query_all=False
INFO 2025-08-25 16:34:14,264 services 13068 22752 违规数据分析完成: 0条记录, 0次违规
INFO 2025-08-25 16:34:14,265 views 13068 22752 违规数据分析完成: 0条记录
INFO 2025-08-25 16:34:14,266 basehttp 13068 22752 "GET /api/monitor/violations/analytics/?range=24h HTTP/1.1" 200 481
INFO 2025-08-25 16:35:14,250 views 13068 29900 违规数据分析请求: range=24h, query_all=False
INFO 2025-08-25 16:35:14,258 services 13068 29900 违规数据分析完成: 0条记录, 0次违规
INFO 2025-08-25 16:35:14,259 views 13068 29900 违规数据分析完成: 0条记录
INFO 2025-08-25 16:35:14,260 basehttp 13068 29900 "GET /api/monitor/violations/analytics/?range=24h HTTP/1.1" 200 481
INFO 2025-08-25 16:36:14,260 views 13068 17452 违规数据分析请求: range=24h, query_all=False
INFO 2025-08-25 16:36:14,269 services 13068 17452 违规数据分析完成: 0条记录, 0次违规
INFO 2025-08-25 16:36:14,272 views 13068 17452 违规数据分析完成: 0条记录
INFO 2025-08-25 16:36:14,273 basehttp 13068 17452 "GET /api/monitor/violations/analytics/?range=24h HTTP/1.1" 200 481
INFO 2025-08-25 16:37:14,255 views 13068 24780 违规数据分析请求: range=24h, query_all=False
INFO 2025-08-25 16:37:14,263 services 13068 24780 违规数据分析完成: 0条记录, 0次违规
INFO 2025-08-25 16:37:14,264 views 13068 24780 违规数据分析完成: 0条记录
INFO 2025-08-25 16:37:14,265 basehttp 13068 24780 "GET /api/monitor/violations/analytics/?range=24h HTTP/1.1" 200 481
INFO 2025-08-25 16:38:14,253 views 13068 29820 违规数据分析请求: range=24h, query_all=False
INFO 2025-08-25 16:38:14,262 services 13068 29820 违规数据分析完成: 0条记录, 0次违规
INFO 2025-08-25 16:38:14,263 views 13068 29820 违规数据分析完成: 0条记录
INFO 2025-08-25 16:38:14,264 basehttp 13068 29820 "GET /api/monitor/violations/analytics/?range=24h HTTP/1.1" 200 481
INFO 2025-08-25 16:39:14,247 views 13068 19472 违规数据分析请求: range=24h, query_all=False
INFO 2025-08-25 16:39:14,256 services 13068 19472 违规数据分析完成: 0条记录, 0次违规
INFO 2025-08-25 16:39:14,257 views 13068 19472 违规数据分析完成: 0条记录
INFO 2025-08-25 16:39:14,259 basehttp 13068 19472 "GET /api/monitor/violations/analytics/?range=24h HTTP/1.1" 200 481
INFO 2025-08-25 16:40:14,250 views 13068 19436 违规数据分析请求: range=24h, query_all=False
INFO 2025-08-25 16:40:14,259 services 13068 19436 违规数据分析完成: 0条记录, 0次违规
INFO 2025-08-25 16:40:14,260 views 13068 19436 违规数据分析完成: 0条记录
INFO 2025-08-25 16:40:14,261 basehttp 13068 19436 "GET /api/monitor/violations/analytics/?range=24h HTTP/1.1" 200 481
INFO 2025-08-25 16:41:14,258 views 13068 23216 违规数据分析请求: range=24h, query_all=False
INFO 2025-08-25 16:41:14,267 services 13068 23216 违规数据分析完成: 0条记录, 0次违规
INFO 2025-08-25 16:41:14,268 views 13068 23216 违规数据分析完成: 0条记录
INFO 2025-08-25 16:41:14,269 basehttp 13068 23216 "GET /api/monitor/violations/analytics/?range=24h HTTP/1.1" 200 481
INFO 2025-08-25 16:42:14,258 views 13068 13280 违规数据分析请求: range=24h, query_all=False
INFO 2025-08-25 16:42:14,269 services 13068 13280 违规数据分析完成: 0条记录, 0次违规
INFO 2025-08-25 16:42:14,269 views 13068 13280 违规数据分析完成: 0条记录
INFO 2025-08-25 16:42:14,271 basehttp 13068 13280 "GET /api/monitor/violations/analytics/?range=24h HTTP/1.1" 200 481
INFO 2025-08-25 16:43:14,255 views 13068 20756 违规数据分析请求: range=24h, query_all=False
INFO 2025-08-25 16:43:14,264 services 13068 20756 违规数据分析完成: 0条记录, 0次违规
INFO 2025-08-25 16:43:14,265 views 13068 20756 违规数据分析完成: 0条记录
INFO 2025-08-25 16:43:14,266 basehttp 13068 20756 "GET /api/monitor/violations/analytics/?range=24h HTTP/1.1" 200 481
INFO 2025-08-25 16:44:14,242 views 13068 17756 违规数据分析请求: range=24h, query_all=False
INFO 2025-08-25 16:44:14,251 services 13068 17756 违规数据分析完成: 0条记录, 0次违规
INFO 2025-08-25 16:44:14,252 views 13068 17756 违规数据分析完成: 0条记录
INFO 2025-08-25 16:44:14,254 basehttp 13068 17756 "GET /api/monitor/violations/analytics/?range=24h HTTP/1.1" 200 481
INFO 2025-08-25 16:45:14,245 views 13068 30804 违规数据分析请求: range=24h, query_all=False
INFO 2025-08-25 16:45:14,253 services 13068 30804 违规数据分析完成: 0条记录, 0次违规
INFO 2025-08-25 16:45:14,253 views 13068 30804 违规数据分析完成: 0条记录
INFO 2025-08-25 16:45:14,255 basehttp 13068 30804 "GET /api/monitor/violations/analytics/?range=24h HTTP/1.1" 200 481
INFO 2025-08-25 16:46:14,255 views 13068 30872 违规数据分析请求: range=24h, query_all=False
INFO 2025-08-25 16:46:14,265 services 13068 30872 违规数据分析完成: 0条记录, 0次违规
INFO 2025-08-25 16:46:14,266 views 13068 30872 违规数据分析完成: 0条记录
INFO 2025-08-25 16:46:14,267 basehttp 13068 30872 "GET /api/monitor/violations/analytics/?range=24h HTTP/1.1" 200 481
INFO 2025-08-25 16:47:14,249 views 13068 3736 违规数据分析请求: range=24h, query_all=False
INFO 2025-08-25 16:47:14,258 services 13068 3736 违规数据分析完成: 0条记录, 0次违规
INFO 2025-08-25 16:47:14,258 views 13068 3736 违规数据分析完成: 0条记录
INFO 2025-08-25 16:47:14,259 basehttp 13068 3736 "GET /api/monitor/violations/analytics/?range=24h HTTP/1.1" 200 481
INFO 2025-08-25 16:48:14,249 views 13068 22140 违规数据分析请求: range=24h, query_all=False
INFO 2025-08-25 16:48:14,257 services 13068 22140 违规数据分析完成: 0条记录, 0次违规
INFO 2025-08-25 16:48:14,257 views 13068 22140 违规数据分析完成: 0条记录
INFO 2025-08-25 16:48:14,260 basehttp 13068 22140 "GET /api/monitor/violations/analytics/?range=24h HTTP/1.1" 200 481
INFO 2025-08-25 16:49:14,256 views 13068 31296 违规数据分析请求: range=24h, query_all=False
INFO 2025-08-25 16:49:14,266 services 13068 31296 违规数据分析完成: 0条记录, 0次违规
INFO 2025-08-25 16:49:14,266 views 13068 31296 违规数据分析完成: 0条记录
INFO 2025-08-25 16:49:14,268 basehttp 13068 31296 "GET /api/monitor/violations/analytics/?range=24h HTTP/1.1" 200 481
INFO 2025-08-25 16:50:14,256 views 13068 25756 违规数据分析请求: range=24h, query_all=False
INFO 2025-08-25 16:50:14,265 services 13068 25756 违规数据分析完成: 0条记录, 0次违规
INFO 2025-08-25 16:50:14,265 views 13068 25756 违规数据分析完成: 0条记录
INFO 2025-08-25 16:50:14,268 basehttp 13068 25756 "GET /api/monitor/violations/analytics/?range=24h HTTP/1.1" 200 481
INFO 2025-08-25 16:51:14,263 views 13068 25180 违规数据分析请求: range=24h, query_all=False
INFO 2025-08-25 16:51:14,272 services 13068 25180 违规数据分析完成: 0条记录, 0次违规
INFO 2025-08-25 16:51:14,272 views 13068 25180 违规数据分析完成: 0条记录
INFO 2025-08-25 16:51:14,273 basehttp 13068 25180 "GET /api/monitor/violations/analytics/?range=24h HTTP/1.1" 200 481
INFO 2025-08-25 16:52:14,257 views 13068 17384 违规数据分析请求: range=24h, query_all=False
INFO 2025-08-25 16:52:14,266 services 13068 17384 违规数据分析完成: 0条记录, 0次违规
INFO 2025-08-25 16:52:14,266 views 13068 17384 违规数据分析完成: 0条记录
INFO 2025-08-25 16:52:14,268 basehttp 13068 17384 "GET /api/monitor/violations/analytics/?range=24h HTTP/1.1" 200 481
INFO 2025-08-25 16:53:14,258 views 13068 26184 违规数据分析请求: range=24h, query_all=False
INFO 2025-08-25 16:53:14,267 services 13068 26184 违规数据分析完成: 0条记录, 0次违规
INFO 2025-08-25 16:53:14,267 views 13068 26184 违规数据分析完成: 0条记录
INFO 2025-08-25 16:53:14,269 basehttp 13068 26184 "GET /api/monitor/violations/analytics/?range=24h HTTP/1.1" 200 481
INFO 2025-08-25 16:54:14,255 views 13068 7348 违规数据分析请求: range=24h, query_all=False
INFO 2025-08-25 16:54:14,263 services 13068 7348 违规数据分析完成: 0条记录, 0次违规
INFO 2025-08-25 16:54:14,263 views 13068 7348 违规数据分析完成: 0条记录
INFO 2025-08-25 16:54:14,264 basehttp 13068 7348 "GET /api/monitor/violations/analytics/?range=24h HTTP/1.1" 200 481
INFO 2025-08-25 16:55:14,252 views 13068 5152 违规数据分析请求: range=24h, query_all=False
INFO 2025-08-25 16:55:14,261 services 13068 5152 违规数据分析完成: 0条记录, 0次违规
INFO 2025-08-25 16:55:14,262 views 13068 5152 违规数据分析完成: 0条记录
INFO 2025-08-25 16:55:14,264 basehttp 13068 5152 "GET /api/monitor/violations/analytics/?range=24h HTTP/1.1" 200 481
INFO 2025-08-25 16:56:14,252 views 13068 20712 违规数据分析请求: range=24h, query_all=False
INFO 2025-08-25 16:56:14,261 services 13068 20712 违规数据分析完成: 0条记录, 0次违规
INFO 2025-08-25 16:56:14,262 views 13068 20712 违规数据分析完成: 0条记录
INFO 2025-08-25 16:56:14,263 basehttp 13068 20712 "GET /api/monitor/violations/analytics/?range=24h HTTP/1.1" 200 481
INFO 2025-08-25 16:57:14,251 views 13068 13840 违规数据分析请求: range=24h, query_all=False
INFO 2025-08-25 16:57:14,260 services 13068 13840 违规数据分析完成: 0条记录, 0次违规
INFO 2025-08-25 16:57:14,260 views 13068 13840 违规数据分析完成: 0条记录
INFO 2025-08-25 16:57:14,262 basehttp 13068 13840 "GET /api/monitor/violations/analytics/?range=24h HTTP/1.1" 200 481
INFO 2025-08-25 16:58:14,253 views 13068 2576 违规数据分析请求: range=24h, query_all=False
INFO 2025-08-25 16:58:14,262 services 13068 2576 违规数据分析完成: 0条记录, 0次违规
INFO 2025-08-25 16:58:14,262 views 13068 2576 违规数据分析完成: 0条记录
INFO 2025-08-25 16:58:14,263 basehttp 13068 2576 "GET /api/monitor/violations/analytics/?range=24h HTTP/1.1" 200 481
INFO 2025-08-25 16:59:14,252 views 13068 8156 违规数据分析请求: range=24h, query_all=False
INFO 2025-08-25 16:59:14,259 services 13068 8156 违规数据分析完成: 0条记录, 0次违规
INFO 2025-08-25 16:59:14,261 views 13068 8156 违规数据分析完成: 0条记录
INFO 2025-08-25 16:59:14,262 basehttp 13068 8156 "GET /api/monitor/violations/analytics/?range=24h HTTP/1.1" 200 481
INFO 2025-08-25 17:00:14,251 views 13068 30992 违规数据分析请求: range=24h, query_all=False
INFO 2025-08-25 17:00:14,260 services 13068 30992 违规数据分析完成: 0条记录, 0次违规
INFO 2025-08-25 17:00:14,261 views 13068 30992 违规数据分析完成: 0条记录
INFO 2025-08-25 17:00:14,262 basehttp 13068 30992 "GET /api/monitor/violations/analytics/?range=24h HTTP/1.1" 200 481
INFO 2025-08-25 17:01:14,249 views 13068 21140 违规数据分析请求: range=24h, query_all=False
INFO 2025-08-25 17:01:14,257 services 13068 21140 违规数据分析完成: 0条记录, 0次违规
INFO 2025-08-25 17:01:14,258 views 13068 21140 违规数据分析完成: 0条记录
INFO 2025-08-25 17:01:14,259 basehttp 13068 21140 "GET /api/monitor/violations/analytics/?range=24h HTTP/1.1" 200 481
INFO 2025-08-25 17:02:14,248 views 13068 12264 违规数据分析请求: range=24h, query_all=False
INFO 2025-08-25 17:02:14,257 services 13068 12264 违规数据分析完成: 0条记录, 0次违规
INFO 2025-08-25 17:02:14,258 views 13068 12264 违规数据分析完成: 0条记录
INFO 2025-08-25 17:02:14,259 basehttp 13068 12264 "GET /api/monitor/violations/analytics/?range=24h HTTP/1.1" 200 481
INFO 2025-08-25 17:03:14,252 views 13068 27164 违规数据分析请求: range=24h, query_all=False
INFO 2025-08-25 17:03:14,261 services 13068 27164 违规数据分析完成: 0条记录, 0次违规
INFO 2025-08-25 17:03:14,261 views 13068 27164 违规数据分析完成: 0条记录
INFO 2025-08-25 17:03:14,262 basehttp 13068 27164 "GET /api/monitor/violations/analytics/?range=24h HTTP/1.1" 200 481
INFO 2025-08-25 17:04:14,251 views 13068 15788 违规数据分析请求: range=24h, query_all=False
INFO 2025-08-25 17:04:14,261 services 13068 15788 违规数据分析完成: 0条记录, 0次违规
INFO 2025-08-25 17:04:14,263 views 13068 15788 违规数据分析完成: 0条记录
INFO 2025-08-25 17:04:14,264 basehttp 13068 15788 "GET /api/monitor/violations/analytics/?range=24h HTTP/1.1" 200 481
INFO 2025-08-25 17:05:14,249 views 13068 31024 违规数据分析请求: range=24h, query_all=False
INFO 2025-08-25 17:05:14,259 services 13068 31024 违规数据分析完成: 0条记录, 0次违规
INFO 2025-08-25 17:05:14,259 views 13068 31024 违规数据分析完成: 0条记录
INFO 2025-08-25 17:05:14,261 basehttp 13068 31024 "GET /api/monitor/violations/analytics/?range=24h HTTP/1.1" 200 481
INFO 2025-08-25 17:06:14,244 views 13068 31676 违规数据分析请求: range=24h, query_all=False
INFO 2025-08-25 17:06:14,253 services 13068 31676 违规数据分析完成: 0条记录, 0次违规
INFO 2025-08-25 17:06:14,253 views 13068 31676 违规数据分析完成: 0条记录
INFO 2025-08-25 17:06:14,254 basehttp 13068 31676 "GET /api/monitor/violations/analytics/?range=24h HTTP/1.1" 200 481
INFO 2025-08-25 17:07:14,251 views 13068 31424 违规数据分析请求: range=24h, query_all=False
INFO 2025-08-25 17:07:14,260 services 13068 31424 违规数据分析完成: 0条记录, 0次违规
INFO 2025-08-25 17:07:14,261 views 13068 31424 违规数据分析完成: 0条记录
INFO 2025-08-25 17:07:14,262 basehttp 13068 31424 "GET /api/monitor/violations/analytics/?range=24h HTTP/1.1" 200 481
INFO 2025-08-25 17:08:14,256 views 13068 24004 违规数据分析请求: range=24h, query_all=False
INFO 2025-08-25 17:08:14,265 services 13068 24004 违规数据分析完成: 0条记录, 0次违规
INFO 2025-08-25 17:08:14,266 views 13068 24004 违规数据分析完成: 0条记录
INFO 2025-08-25 17:08:14,267 basehttp 13068 24004 "GET /api/monitor/violations/analytics/?range=24h HTTP/1.1" 200 481
INFO 2025-08-25 17:09:14,254 views 13068 30988 违规数据分析请求: range=24h, query_all=False
INFO 2025-08-25 17:09:14,263 services 13068 30988 违规数据分析完成: 0条记录, 0次违规
INFO 2025-08-25 17:09:14,264 views 13068 30988 违规数据分析完成: 0条记录
INFO 2025-08-25 17:09:14,265 basehttp 13068 30988 "GET /api/monitor/violations/analytics/?range=24h HTTP/1.1" 200 481
INFO 2025-08-25 17:10:14,258 views 13068 30936 违规数据分析请求: range=24h, query_all=False
INFO 2025-08-25 17:10:14,266 services 13068 30936 违规数据分析完成: 0条记录, 0次违规
INFO 2025-08-25 17:10:14,266 views 13068 30936 违规数据分析完成: 0条记录
INFO 2025-08-25 17:10:14,268 basehttp 13068 30936 "GET /api/monitor/violations/analytics/?range=24h HTTP/1.1" 200 481
INFO 2025-08-25 17:11:14,257 views 13068 23364 违规数据分析请求: range=24h, query_all=False
INFO 2025-08-25 17:11:14,265 services 13068 23364 违规数据分析完成: 0条记录, 0次违规
INFO 2025-08-25 17:11:14,266 views 13068 23364 违规数据分析完成: 0条记录
INFO 2025-08-25 17:11:14,268 basehttp 13068 23364 "GET /api/monitor/violations/analytics/?range=24h HTTP/1.1" 200 481
INFO 2025-08-25 17:12:14,252 views 13068 30628 违规数据分析请求: range=24h, query_all=False
INFO 2025-08-25 17:12:14,261 services 13068 30628 违规数据分析完成: 0条记录, 0次违规
INFO 2025-08-25 17:12:14,261 views 13068 30628 违规数据分析完成: 0条记录
INFO 2025-08-25 17:12:14,263 basehttp 13068 30628 "GET /api/monitor/violations/analytics/?range=24h HTTP/1.1" 200 481
INFO 2025-08-25 17:13:14,247 views 13068 27284 违规数据分析请求: range=24h, query_all=False
INFO 2025-08-25 17:13:14,257 services 13068 27284 违规数据分析完成: 0条记录, 0次违规
INFO 2025-08-25 17:13:14,258 views 13068 27284 违规数据分析完成: 0条记录
INFO 2025-08-25 17:13:14,259 basehttp 13068 27284 "GET /api/monitor/violations/analytics/?range=24h HTTP/1.1" 200 481
INFO 2025-08-25 17:14:14,257 views 13068 19672 违规数据分析请求: range=24h, query_all=False
INFO 2025-08-25 17:14:14,267 services 13068 19672 违规数据分析完成: 0条记录, 0次违规
INFO 2025-08-25 17:14:14,268 views 13068 19672 违规数据分析完成: 0条记录
INFO 2025-08-25 17:14:14,270 basehttp 13068 19672 "GET /api/monitor/violations/analytics/?range=24h HTTP/1.1" 200 481
INFO 2025-08-25 17:15:14,249 views 13068 23696 违规数据分析请求: range=24h, query_all=False
INFO 2025-08-25 17:15:14,258 services 13068 23696 违规数据分析完成: 0条记录, 0次违规
INFO 2025-08-25 17:15:14,258 views 13068 23696 违规数据分析完成: 0条记录
INFO 2025-08-25 17:15:14,259 basehttp 13068 23696 "GET /api/monitor/violations/analytics/?range=24h HTTP/1.1" 200 481
INFO 2025-08-25 17:16:14,256 views 13068 29856 违规数据分析请求: range=24h, query_all=False
INFO 2025-08-25 17:16:14,264 services 13068 29856 违规数据分析完成: 0条记录, 0次违规
INFO 2025-08-25 17:16:14,265 views 13068 29856 违规数据分析完成: 0条记录
INFO 2025-08-25 17:16:14,266 basehttp 13068 29856 "GET /api/monitor/violations/analytics/?range=24h HTTP/1.1" 200 481
INFO 2025-08-25 17:17:14,256 views 13068 24020 违规数据分析请求: range=24h, query_all=False
INFO 2025-08-25 17:17:14,265 services 13068 24020 违规数据分析完成: 0条记录, 0次违规
INFO 2025-08-25 17:17:14,266 views 13068 24020 违规数据分析完成: 0条记录
INFO 2025-08-25 17:17:14,267 basehttp 13068 24020 "GET /api/monitor/violations/analytics/?range=24h HTTP/1.1" 200 481
INFO 2025-08-25 17:18:14,253 views 13068 20712 违规数据分析请求: range=24h, query_all=False
INFO 2025-08-25 17:18:14,263 services 13068 20712 违规数据分析完成: 0条记录, 0次违规
INFO 2025-08-25 17:18:14,264 views 13068 20712 违规数据分析完成: 0条记录
INFO 2025-08-25 17:18:14,265 basehttp 13068 20712 "GET /api/monitor/violations/analytics/?range=24h HTTP/1.1" 200 481
INFO 2025-08-25 17:19:14,255 views 13068 15616 违规数据分析请求: range=24h, query_all=False
INFO 2025-08-25 17:19:14,264 services 13068 15616 违规数据分析完成: 0条记录, 0次违规
INFO 2025-08-25 17:19:14,264 views 13068 15616 违规数据分析完成: 0条记录
INFO 2025-08-25 17:19:14,266 basehttp 13068 15616 "GET /api/monitor/violations/analytics/?range=24h HTTP/1.1" 200 481
INFO 2025-08-25 17:20:14,249 views 13068 22732 违规数据分析请求: range=24h, query_all=False
INFO 2025-08-25 17:20:14,258 services 13068 22732 违规数据分析完成: 0条记录, 0次违规
INFO 2025-08-25 17:20:14,259 views 13068 22732 违规数据分析完成: 0条记录
INFO 2025-08-25 17:20:14,260 basehttp 13068 22732 "GET /api/monitor/violations/analytics/?range=24h HTTP/1.1" 200 481
INFO 2025-08-25 17:21:14,255 views 13068 17256 违规数据分析请求: range=24h, query_all=False
INFO 2025-08-25 17:21:14,265 services 13068 17256 违规数据分析完成: 0条记录, 0次违规
INFO 2025-08-25 17:21:14,265 views 13068 17256 违规数据分析完成: 0条记录
INFO 2025-08-25 17:21:14,266 basehttp 13068 17256 "GET /api/monitor/violations/analytics/?range=24h HTTP/1.1" 200 481
INFO 2025-08-25 17:22:14,259 views 13068 31556 违规数据分析请求: range=24h, query_all=False
INFO 2025-08-25 17:22:14,268 services 13068 31556 违规数据分析完成: 0条记录, 0次违规
INFO 2025-08-25 17:22:14,269 views 13068 31556 违规数据分析完成: 0条记录
INFO 2025-08-25 17:22:14,270 basehttp 13068 31556 "GET /api/monitor/violations/analytics/?range=24h HTTP/1.1" 200 481
INFO 2025-08-25 17:23:14,249 views 13068 21164 违规数据分析请求: range=24h, query_all=False
INFO 2025-08-25 17:23:14,259 services 13068 21164 违规数据分析完成: 0条记录, 0次违规
INFO 2025-08-25 17:23:14,259 views 13068 21164 违规数据分析完成: 0条记录
INFO 2025-08-25 17:23:14,261 basehttp 13068 21164 "GET /api/monitor/violations/analytics/?range=24h HTTP/1.1" 200 481
INFO 2025-08-25 17:24:14,256 views 13068 14432 违规数据分析请求: range=24h, query_all=False
INFO 2025-08-25 17:24:14,264 services 13068 14432 违规数据分析完成: 0条记录, 0次违规
INFO 2025-08-25 17:24:14,264 views 13068 14432 违规数据分析完成: 0条记录
INFO 2025-08-25 17:24:14,266 basehttp 13068 14432 "GET /api/monitor/violations/analytics/?range=24h HTTP/1.1" 200 481
INFO 2025-08-25 17:25:14,251 views 13068 31704 违规数据分析请求: range=24h, query_all=False
INFO 2025-08-25 17:25:14,260 services 13068 31704 违规数据分析完成: 0条记录, 0次违规
INFO 2025-08-25 17:25:14,261 views 13068 31704 违规数据分析完成: 0条记录
INFO 2025-08-25 17:25:14,262 basehttp 13068 31704 "GET /api/monitor/violations/analytics/?range=24h HTTP/1.1" 200 481
INFO 2025-08-25 17:26:14,247 views 13068 17704 违规数据分析请求: range=24h, query_all=False
INFO 2025-08-25 17:26:14,257 services 13068 17704 违规数据分析完成: 0条记录, 0次违规
INFO 2025-08-25 17:26:14,258 views 13068 17704 违规数据分析完成: 0条记录
INFO 2025-08-25 17:26:14,259 basehttp 13068 17704 "GET /api/monitor/violations/analytics/?range=24h HTTP/1.1" 200 481
INFO 2025-08-25 17:27:14,266 views 13068 25576 违规数据分析请求: range=24h, query_all=False
INFO 2025-08-25 17:27:14,275 services 13068 25576 违规数据分析完成: 0条记录, 0次违规
INFO 2025-08-25 17:27:14,275 views 13068 25576 违规数据分析完成: 0条记录
INFO 2025-08-25 17:27:14,277 basehttp 13068 25576 "GET /api/monitor/violations/analytics/?range=24h HTTP/1.1" 200 481
INFO 2025-08-25 17:28:14,253 views 13068 736 违规数据分析请求: range=24h, query_all=False
INFO 2025-08-25 17:28:14,262 services 13068 736 违规数据分析完成: 0条记录, 0次违规
INFO 2025-08-25 17:28:14,262 views 13068 736 违规数据分析完成: 0条记录
INFO 2025-08-25 17:28:14,264 basehttp 13068 736 "GET /api/monitor/violations/analytics/?range=24h HTTP/1.1" 200 481
INFO 2025-08-25 17:29:14,253 views 13068 21844 违规数据分析请求: range=24h, query_all=False
INFO 2025-08-25 17:29:14,261 services 13068 21844 违规数据分析完成: 0条记录, 0次违规
INFO 2025-08-25 17:29:14,263 views 13068 21844 违规数据分析完成: 0条记录
INFO 2025-08-25 17:29:14,264 basehttp 13068 21844 "GET /api/monitor/violations/analytics/?range=24h HTTP/1.1" 200 481
INFO 2025-08-25 17:30:14,246 views 13068 28988 违规数据分析请求: range=24h, query_all=False
INFO 2025-08-25 17:30:14,255 services 13068 28988 违规数据分析完成: 0条记录, 0次违规
INFO 2025-08-25 17:30:14,256 views 13068 28988 违规数据分析完成: 0条记录
INFO 2025-08-25 17:30:14,257 basehttp 13068 28988 "GET /api/monitor/violations/analytics/?range=24h HTTP/1.1" 200 481
INFO 2025-08-25 17:31:14,246 views 13068 19580 违规数据分析请求: range=24h, query_all=False
INFO 2025-08-25 17:31:14,256 services 13068 19580 违规数据分析完成: 0条记录, 0次违规
INFO 2025-08-25 17:31:14,256 views 13068 19580 违规数据分析完成: 0条记录
INFO 2025-08-25 17:31:14,258 basehttp 13068 19580 "GET /api/monitor/violations/analytics/?range=24h HTTP/1.1" 200 481
INFO 2025-08-25 17:32:14,244 views 13068 14644 违规数据分析请求: range=24h, query_all=False
INFO 2025-08-25 17:32:14,254 services 13068 14644 违规数据分析完成: 0条记录, 0次违规
INFO 2025-08-25 17:32:14,254 views 13068 14644 违规数据分析完成: 0条记录
INFO 2025-08-25 17:32:14,255 basehttp 13068 14644 "GET /api/monitor/violations/analytics/?range=24h HTTP/1.1" 200 481
INFO 2025-08-25 17:33:14,256 views 13068 30728 违规数据分析请求: range=24h, query_all=False
INFO 2025-08-25 17:33:14,265 services 13068 30728 违规数据分析完成: 0条记录, 0次违规
INFO 2025-08-25 17:33:14,266 views 13068 30728 违规数据分析完成: 0条记录
INFO 2025-08-25 17:33:14,267 basehttp 13068 30728 "GET /api/monitor/violations/analytics/?range=24h HTTP/1.1" 200 481
INFO 2025-08-25 17:34:14,251 views 13068 24632 违规数据分析请求: range=24h, query_all=False
INFO 2025-08-25 17:34:14,260 services 13068 24632 违规数据分析完成: 0条记录, 0次违规
INFO 2025-08-25 17:34:14,260 views 13068 24632 违规数据分析完成: 0条记录
INFO 2025-08-25 17:34:14,261 basehttp 13068 24632 "GET /api/monitor/violations/analytics/?range=24h HTTP/1.1" 200 481
INFO 2025-08-25 17:35:14,252 views 13068 7344 违规数据分析请求: range=24h, query_all=False
INFO 2025-08-25 17:35:14,259 services 13068 7344 违规数据分析完成: 0条记录, 0次违规
INFO 2025-08-25 17:35:14,260 views 13068 7344 违规数据分析完成: 0条记录
INFO 2025-08-25 17:35:14,261 basehttp 13068 7344 "GET /api/monitor/violations/analytics/?range=24h HTTP/1.1" 200 481
INFO 2025-08-25 17:36:14,261 views 13068 28704 违规数据分析请求: range=24h, query_all=False
INFO 2025-08-25 17:36:14,270 services 13068 28704 违规数据分析完成: 0条记录, 0次违规
INFO 2025-08-25 17:36:14,271 views 13068 28704 违规数据分析完成: 0条记录
INFO 2025-08-25 17:36:14,272 basehttp 13068 28704 "GET /api/monitor/violations/analytics/?range=24h HTTP/1.1" 200 481
INFO 2025-08-25 17:37:14,253 views 13068 31384 违规数据分析请求: range=24h, query_all=False
INFO 2025-08-25 17:37:14,263 services 13068 31384 违规数据分析完成: 0条记录, 0次违规
INFO 2025-08-25 17:37:14,263 views 13068 31384 违规数据分析完成: 0条记录
INFO 2025-08-25 17:37:14,264 basehttp 13068 31384 "GET /api/monitor/violations/analytics/?range=24h HTTP/1.1" 200 481
INFO 2025-08-25 17:38:14,248 views 13068 31380 违规数据分析请求: range=24h, query_all=False
INFO 2025-08-25 17:38:14,257 services 13068 31380 违规数据分析完成: 0条记录, 0次违规
INFO 2025-08-25 17:38:14,257 views 13068 31380 违规数据分析完成: 0条记录
INFO 2025-08-25 17:38:14,258 basehttp 13068 31380 "GET /api/monitor/violations/analytics/?range=24h HTTP/1.1" 200 481
INFO 2025-08-25 17:39:14,248 views 13068 10936 违规数据分析请求: range=24h, query_all=False
INFO 2025-08-25 17:39:14,256 services 13068 10936 违规数据分析完成: 0条记录, 0次违规
INFO 2025-08-25 17:39:14,257 views 13068 10936 违规数据分析完成: 0条记录
INFO 2025-08-25 17:39:14,258 basehttp 13068 10936 "GET /api/monitor/violations/analytics/?range=24h HTTP/1.1" 200 481
INFO 2025-08-25 17:40:14,256 views 13068 20008 违规数据分析请求: range=24h, query_all=False
INFO 2025-08-25 17:40:14,266 services 13068 20008 违规数据分析完成: 0条记录, 0次违规
INFO 2025-08-25 17:40:14,266 views 13068 20008 违规数据分析完成: 0条记录
INFO 2025-08-25 17:40:14,268 basehttp 13068 20008 "GET /api/monitor/violations/analytics/?range=24h HTTP/1.1" 200 481
INFO 2025-08-25 17:41:14,251 views 13068 9308 违规数据分析请求: range=24h, query_all=False
INFO 2025-08-25 17:41:14,258 services 13068 9308 违规数据分析完成: 0条记录, 0次违规
INFO 2025-08-25 17:41:14,259 views 13068 9308 违规数据分析完成: 0条记录
INFO 2025-08-25 17:41:14,260 basehttp 13068 9308 "GET /api/monitor/violations/analytics/?range=24h HTTP/1.1" 200 481
INFO 2025-08-25 17:42:14,253 views 13068 24620 违规数据分析请求: range=24h, query_all=False
INFO 2025-08-25 17:42:14,262 services 13068 24620 违规数据分析完成: 0条记录, 0次违规
INFO 2025-08-25 17:42:14,262 views 13068 24620 违规数据分析完成: 0条记录
INFO 2025-08-25 17:42:14,264 basehttp 13068 24620 "GET /api/monitor/violations/analytics/?range=24h HTTP/1.1" 200 481
INFO 2025-08-25 17:43:14,249 views 13068 22212 违规数据分析请求: range=24h, query_all=False
INFO 2025-08-25 17:43:14,257 services 13068 22212 违规数据分析完成: 0条记录, 0次违规
INFO 2025-08-25 17:43:14,258 views 13068 22212 违规数据分析完成: 0条记录
INFO 2025-08-25 17:43:14,260 basehttp 13068 22212 "GET /api/monitor/violations/analytics/?range=24h HTTP/1.1" 200 481
INFO 2025-08-25 17:44:14,254 views 13068 25204 违规数据分析请求: range=24h, query_all=False
INFO 2025-08-25 17:44:14,262 services 13068 25204 违规数据分析完成: 0条记录, 0次违规
INFO 2025-08-25 17:44:14,262 views 13068 25204 违规数据分析完成: 0条记录
INFO 2025-08-25 17:44:14,264 basehttp 13068 25204 "GET /api/monitor/violations/analytics/?range=24h HTTP/1.1" 200 481
INFO 2025-08-25 17:45:14,261 views 13068 26432 违规数据分析请求: range=24h, query_all=False
INFO 2025-08-25 17:45:14,269 services 13068 26432 违规数据分析完成: 0条记录, 0次违规
INFO 2025-08-25 17:45:14,269 views 13068 26432 违规数据分析完成: 0条记录
INFO 2025-08-25 17:45:14,271 basehttp 13068 26432 "GET /api/monitor/violations/analytics/?range=24h HTTP/1.1" 200 481
INFO 2025-08-25 17:46:14,252 views 13068 16124 违规数据分析请求: range=24h, query_all=False
INFO 2025-08-25 17:46:14,260 services 13068 16124 违规数据分析完成: 0条记录, 0次违规
INFO 2025-08-25 17:46:14,261 views 13068 16124 违规数据分析完成: 0条记录
INFO 2025-08-25 17:46:14,262 basehttp 13068 16124 "GET /api/monitor/violations/analytics/?range=24h HTTP/1.1" 200 481
INFO 2025-08-25 17:47:14,259 views 13068 25148 违规数据分析请求: range=24h, query_all=False
INFO 2025-08-25 17:47:14,267 services 13068 25148 违规数据分析完成: 0条记录, 0次违规
INFO 2025-08-25 17:47:14,267 views 13068 25148 违规数据分析完成: 0条记录
INFO 2025-08-25 17:47:14,269 basehttp 13068 25148 "GET /api/monitor/violations/analytics/?range=24h HTTP/1.1" 200 481
INFO 2025-08-25 17:48:14,247 views 13068 29208 违规数据分析请求: range=24h, query_all=False
INFO 2025-08-25 17:48:14,257 services 13068 29208 违规数据分析完成: 0条记录, 0次违规
INFO 2025-08-25 17:48:14,258 views 13068 29208 违规数据分析完成: 0条记录
INFO 2025-08-25 17:48:14,259 basehttp 13068 29208 "GET /api/monitor/violations/analytics/?range=24h HTTP/1.1" 200 481
INFO 2025-08-25 17:49:14,251 views 13068 27780 违规数据分析请求: range=24h, query_all=False
INFO 2025-08-25 17:49:14,261 services 13068 27780 违规数据分析完成: 0条记录, 0次违规
INFO 2025-08-25 17:49:14,262 views 13068 27780 违规数据分析完成: 0条记录
INFO 2025-08-25 17:49:14,263 basehttp 13068 27780 "GET /api/monitor/violations/analytics/?range=24h HTTP/1.1" 200 481
INFO 2025-08-25 17:50:14,247 views 13068 7552 违规数据分析请求: range=24h, query_all=False
INFO 2025-08-25 17:50:14,255 services 13068 7552 违规数据分析完成: 0条记录, 0次违规
INFO 2025-08-25 17:50:14,256 views 13068 7552 违规数据分析完成: 0条记录
INFO 2025-08-25 17:50:14,258 basehttp 13068 7552 "GET /api/monitor/violations/analytics/?range=24h HTTP/1.1" 200 481
INFO 2025-08-25 17:51:14,247 views 13068 28548 违规数据分析请求: range=24h, query_all=False
INFO 2025-08-25 17:51:14,256 services 13068 28548 违规数据分析完成: 0条记录, 0次违规
INFO 2025-08-25 17:51:14,256 views 13068 28548 违规数据分析完成: 0条记录
INFO 2025-08-25 17:51:14,258 basehttp 13068 28548 "GET /api/monitor/violations/analytics/?range=24h HTTP/1.1" 200 481
INFO 2025-08-25 17:52:14,245 views 13068 23388 违规数据分析请求: range=24h, query_all=False
INFO 2025-08-25 17:52:14,256 services 13068 23388 违规数据分析完成: 0条记录, 0次违规
INFO 2025-08-25 17:52:14,256 views 13068 23388 违规数据分析完成: 0条记录
INFO 2025-08-25 17:52:14,257 basehttp 13068 23388 "GET /api/monitor/violations/analytics/?range=24h HTTP/1.1" 200 481
INFO 2025-08-25 17:53:14,247 views 13068 3900 违规数据分析请求: range=24h, query_all=False
INFO 2025-08-25 17:53:14,256 services 13068 3900 违规数据分析完成: 0条记录, 0次违规
INFO 2025-08-25 17:53:14,256 views 13068 3900 违规数据分析完成: 0条记录
INFO 2025-08-25 17:53:14,257 basehttp 13068 3900 "GET /api/monitor/violations/analytics/?range=24h HTTP/1.1" 200 481
INFO 2025-08-25 17:54:14,258 views 13068 22872 违规数据分析请求: range=24h, query_all=False
INFO 2025-08-25 17:54:14,267 services 13068 22872 违规数据分析完成: 0条记录, 0次违规
INFO 2025-08-25 17:54:14,268 views 13068 22872 违规数据分析完成: 0条记录
INFO 2025-08-25 17:54:14,269 basehttp 13068 22872 "GET /api/monitor/violations/analytics/?range=24h HTTP/1.1" 200 481
INFO 2025-08-25 17:55:14,260 views 13068 21696 违规数据分析请求: range=24h, query_all=False
INFO 2025-08-25 17:55:14,269 services 13068 21696 违规数据分析完成: 0条记录, 0次违规
INFO 2025-08-25 17:55:14,269 views 13068 21696 违规数据分析完成: 0条记录
INFO 2025-08-25 17:55:14,271 basehttp 13068 21696 "GET /api/monitor/violations/analytics/?range=24h HTTP/1.1" 200 481
INFO 2025-08-25 17:56:14,248 views 13068 19964 违规数据分析请求: range=24h, query_all=False
INFO 2025-08-25 17:56:14,257 services 13068 19964 违规数据分析完成: 0条记录, 0次违规
INFO 2025-08-25 17:56:14,258 views 13068 19964 违规数据分析完成: 0条记录
INFO 2025-08-25 17:56:14,259 basehttp 13068 19964 "GET /api/monitor/violations/analytics/?range=24h HTTP/1.1" 200 481
INFO 2025-08-25 17:57:14,257 views 13068 27516 违规数据分析请求: range=24h, query_all=False
INFO 2025-08-25 17:57:14,264 services 13068 27516 违规数据分析完成: 0条记录, 0次违规
INFO 2025-08-25 17:57:14,266 views 13068 27516 违规数据分析完成: 0条记录
INFO 2025-08-25 17:57:14,267 basehttp 13068 27516 "GET /api/monitor/violations/analytics/?range=24h HTTP/1.1" 200 481
INFO 2025-08-25 17:58:14,244 views 13068 27356 违规数据分析请求: range=24h, query_all=False
INFO 2025-08-25 17:58:14,252 services 13068 27356 违规数据分析完成: 0条记录, 0次违规
INFO 2025-08-25 17:58:14,252 views 13068 27356 违规数据分析完成: 0条记录
INFO 2025-08-25 17:58:14,254 basehttp 13068 27356 "GET /api/monitor/violations/analytics/?range=24h HTTP/1.1" 200 481
INFO 2025-08-25 17:59:14,251 views 13068 29372 违规数据分析请求: range=24h, query_all=False
INFO 2025-08-25 17:59:14,260 services 13068 29372 违规数据分析完成: 0条记录, 0次违规
INFO 2025-08-25 17:59:14,260 views 13068 29372 违规数据分析完成: 0条记录
INFO 2025-08-25 17:59:14,261 basehttp 13068 29372 "GET /api/monitor/violations/analytics/?range=24h HTTP/1.1" 200 481
INFO 2025-08-25 18:00:14,261 views 13068 17692 违规数据分析请求: range=24h, query_all=False
INFO 2025-08-25 18:00:14,269 services 13068 17692 违规数据分析完成: 0条记录, 0次违规
INFO 2025-08-25 18:00:14,271 views 13068 17692 违规数据分析完成: 0条记录
INFO 2025-08-25 18:00:14,272 basehttp 13068 17692 "GET /api/monitor/violations/analytics/?range=24h HTTP/1.1" 200 481
INFO 2025-08-25 18:01:14,251 views 13068 29900 违规数据分析请求: range=24h, query_all=False
INFO 2025-08-25 18:01:14,259 services 13068 29900 违规数据分析完成: 0条记录, 0次违规
INFO 2025-08-25 18:01:14,260 views 13068 29900 违规数据分析完成: 0条记录
INFO 2025-08-25 18:01:14,262 basehttp 13068 29900 "GET /api/monitor/violations/analytics/?range=24h HTTP/1.1" 200 481
INFO 2025-08-25 18:02:14,244 views 13068 30964 违规数据分析请求: range=24h, query_all=False
INFO 2025-08-25 18:02:14,253 services 13068 30964 违规数据分析完成: 0条记录, 0次违规
INFO 2025-08-25 18:02:14,254 views 13068 30964 违规数据分析完成: 0条记录
INFO 2025-08-25 18:02:14,254 basehttp 13068 30964 "GET /api/monitor/violations/analytics/?range=24h HTTP/1.1" 200 481
INFO 2025-08-25 18:03:14,250 views 13068 25216 违规数据分析请求: range=24h, query_all=False
INFO 2025-08-25 18:03:14,259 services 13068 25216 违规数据分析完成: 0条记录, 0次违规
INFO 2025-08-25 18:03:14,260 views 13068 25216 违规数据分析完成: 0条记录
INFO 2025-08-25 18:03:14,260 basehttp 13068 25216 "GET /api/monitor/violations/analytics/?range=24h HTTP/1.1" 200 481
INFO 2025-08-25 18:04:14,251 views 13068 17828 违规数据分析请求: range=24h, query_all=False
INFO 2025-08-25 18:04:14,258 services 13068 17828 违规数据分析完成: 0条记录, 0次违规
INFO 2025-08-25 18:04:14,259 views 13068 17828 违规数据分析完成: 0条记录
INFO 2025-08-25 18:04:14,261 basehttp 13068 17828 "GET /api/monitor/violations/analytics/?range=24h HTTP/1.1" 200 481
INFO 2025-08-25 18:05:14,252 views 13068 28880 违规数据分析请求: range=24h, query_all=False
INFO 2025-08-25 18:05:14,260 services 13068 28880 违规数据分析完成: 0条记录, 0次违规
INFO 2025-08-25 18:05:14,260 views 13068 28880 违规数据分析完成: 0条记录
INFO 2025-08-25 18:05:14,262 basehttp 13068 28880 "GET /api/monitor/violations/analytics/?range=24h HTTP/1.1" 200 481
INFO 2025-08-25 18:06:14,247 views 13068 7348 违规数据分析请求: range=24h, query_all=False
INFO 2025-08-25 18:06:14,256 services 13068 7348 违规数据分析完成: 0条记录, 0次违规
INFO 2025-08-25 18:06:14,257 views 13068 7348 违规数据分析完成: 0条记录
INFO 2025-08-25 18:06:14,259 basehttp 13068 7348 "GET /api/monitor/violations/analytics/?range=24h HTTP/1.1" 200 481
INFO 2025-08-25 18:07:14,244 views 13068 19188 违规数据分析请求: range=24h, query_all=False
INFO 2025-08-25 18:07:14,252 services 13068 19188 违规数据分析完成: 0条记录, 0次违规
INFO 2025-08-25 18:07:14,254 views 13068 19188 违规数据分析完成: 0条记录
INFO 2025-08-25 18:07:14,255 basehttp 13068 19188 "GET /api/monitor/violations/analytics/?range=24h HTTP/1.1" 200 481
INFO 2025-08-25 18:08:14,251 views 13068 2372 违规数据分析请求: range=24h, query_all=False
INFO 2025-08-25 18:08:14,259 services 13068 2372 违规数据分析完成: 0条记录, 0次违规
INFO 2025-08-25 18:08:14,259 views 13068 2372 违规数据分析完成: 0条记录
INFO 2025-08-25 18:08:14,261 basehttp 13068 2372 "GET /api/monitor/violations/analytics/?range=24h HTTP/1.1" 200 481
INFO 2025-08-25 18:09:14,244 views 13068 28292 违规数据分析请求: range=24h, query_all=False
INFO 2025-08-25 18:09:14,252 services 13068 28292 违规数据分析完成: 0条记录, 0次违规
INFO 2025-08-25 18:09:14,252 views 13068 28292 违规数据分析完成: 0条记录
INFO 2025-08-25 18:09:14,253 basehttp 13068 28292 "GET /api/monitor/violations/analytics/?range=24h HTTP/1.1" 200 481
INFO 2025-08-25 18:10:14,255 views 13068 31572 违规数据分析请求: range=24h, query_all=False
INFO 2025-08-25 18:10:14,265 services 13068 31572 违规数据分析完成: 0条记录, 0次违规
INFO 2025-08-25 18:10:14,265 views 13068 31572 违规数据分析完成: 0条记录
INFO 2025-08-25 18:10:14,266 basehttp 13068 31572 "GET /api/monitor/violations/analytics/?range=24h HTTP/1.1" 200 481
INFO 2025-08-25 18:11:14,260 views 13068 8152 违规数据分析请求: range=24h, query_all=False
INFO 2025-08-25 18:11:14,268 services 13068 8152 违规数据分析完成: 0条记录, 0次违规
INFO 2025-08-25 18:11:14,268 views 13068 8152 违规数据分析完成: 0条记录
INFO 2025-08-25 18:11:14,269 basehttp 13068 8152 "GET /api/monitor/violations/analytics/?range=24h HTTP/1.1" 200 481
INFO 2025-08-25 18:12:14,247 views 13068 16036 违规数据分析请求: range=24h, query_all=False
INFO 2025-08-25 18:12:14,256 services 13068 16036 违规数据分析完成: 0条记录, 0次违规
INFO 2025-08-25 18:12:14,257 views 13068 16036 违规数据分析完成: 0条记录
INFO 2025-08-25 18:12:14,258 basehttp 13068 16036 "GET /api/monitor/violations/analytics/?range=24h HTTP/1.1" 200 481
INFO 2025-08-25 18:13:14,254 views 13068 17924 违规数据分析请求: range=24h, query_all=False
INFO 2025-08-25 18:13:14,263 services 13068 17924 违规数据分析完成: 0条记录, 0次违规
INFO 2025-08-25 18:13:14,264 views 13068 17924 违规数据分析完成: 0条记录
INFO 2025-08-25 18:13:14,265 basehttp 13068 17924 "GET /api/monitor/violations/analytics/?range=24h HTTP/1.1" 200 481
INFO 2025-08-25 18:14:14,251 views 13068 27620 违规数据分析请求: range=24h, query_all=False
INFO 2025-08-25 18:14:14,260 services 13068 27620 违规数据分析完成: 0条记录, 0次违规
INFO 2025-08-25 18:14:14,260 views 13068 27620 违规数据分析完成: 0条记录
INFO 2025-08-25 18:14:14,261 basehttp 13068 27620 "GET /api/monitor/violations/analytics/?range=24h HTTP/1.1" 200 481
INFO 2025-08-25 18:15:14,257 views 13068 22276 违规数据分析请求: range=24h, query_all=False
INFO 2025-08-25 18:15:14,267 services 13068 22276 违规数据分析完成: 0条记录, 0次违规
INFO 2025-08-25 18:15:14,267 views 13068 22276 违规数据分析完成: 0条记录
INFO 2025-08-25 18:15:14,268 basehttp 13068 22276 "GET /api/monitor/violations/analytics/?range=24h HTTP/1.1" 200 481
INFO 2025-08-25 18:16:14,253 views 13068 30476 违规数据分析请求: range=24h, query_all=False
INFO 2025-08-25 18:16:14,262 services 13068 30476 违规数据分析完成: 0条记录, 0次违规
INFO 2025-08-25 18:16:14,262 views 13068 30476 违规数据分析完成: 0条记录
INFO 2025-08-25 18:16:14,264 basehttp 13068 30476 "GET /api/monitor/violations/analytics/?range=24h HTTP/1.1" 200 481
INFO 2025-08-25 18:17:14,256 views 13068 14156 违规数据分析请求: range=24h, query_all=False
INFO 2025-08-25 18:17:14,264 services 13068 14156 违规数据分析完成: 0条记录, 0次违规
INFO 2025-08-25 18:17:14,265 views 13068 14156 违规数据分析完成: 0条记录
INFO 2025-08-25 18:17:14,266 basehttp 13068 14156 "GET /api/monitor/violations/analytics/?range=24h HTTP/1.1" 200 481
INFO 2025-08-25 18:18:14,244 views 13068 26516 违规数据分析请求: range=24h, query_all=False
INFO 2025-08-25 18:18:14,254 services 13068 26516 违规数据分析完成: 0条记录, 0次违规
INFO 2025-08-25 18:18:14,254 views 13068 26516 违规数据分析完成: 0条记录
INFO 2025-08-25 18:18:14,256 basehttp 13068 26516 "GET /api/monitor/violations/analytics/?range=24h HTTP/1.1" 200 481
INFO 2025-08-25 18:19:14,248 views 13068 29508 违规数据分析请求: range=24h, query_all=False
INFO 2025-08-25 18:19:14,258 services 13068 29508 违规数据分析完成: 0条记录, 0次违规
INFO 2025-08-25 18:19:14,258 views 13068 29508 违规数据分析完成: 0条记录
INFO 2025-08-25 18:19:14,261 basehttp 13068 29508 "GET /api/monitor/violations/analytics/?range=24h HTTP/1.1" 200 481
INFO 2025-08-25 18:20:14,246 views 13068 23440 违规数据分析请求: range=24h, query_all=False
INFO 2025-08-25 18:20:14,254 services 13068 23440 违规数据分析完成: 0条记录, 0次违规
INFO 2025-08-25 18:20:14,255 views 13068 23440 违规数据分析完成: 0条记录
INFO 2025-08-25 18:20:14,256 basehttp 13068 23440 "GET /api/monitor/violations/analytics/?range=24h HTTP/1.1" 200 481
INFO 2025-08-25 18:21:14,249 views 13068 30240 违规数据分析请求: range=24h, query_all=False
INFO 2025-08-25 18:21:14,258 services 13068 30240 违规数据分析完成: 0条记录, 0次违规
INFO 2025-08-25 18:21:14,259 views 13068 30240 违规数据分析完成: 0条记录
INFO 2025-08-25 18:21:14,260 basehttp 13068 30240 "GET /api/monitor/violations/analytics/?range=24h HTTP/1.1" 200 481
INFO 2025-08-25 18:22:14,252 views 13068 31052 违规数据分析请求: range=24h, query_all=False
INFO 2025-08-25 18:22:14,260 services 13068 31052 违规数据分析完成: 0条记录, 0次违规
INFO 2025-08-25 18:22:14,260 views 13068 31052 违规数据分析完成: 0条记录
INFO 2025-08-25 18:22:14,262 basehttp 13068 31052 "GET /api/monitor/violations/analytics/?range=24h HTTP/1.1" 200 481
INFO 2025-08-25 18:23:14,258 views 13068 27460 违规数据分析请求: range=24h, query_all=False
INFO 2025-08-25 18:23:14,266 services 13068 27460 违规数据分析完成: 0条记录, 0次违规
INFO 2025-08-25 18:23:14,266 views 13068 27460 违规数据分析完成: 0条记录
INFO 2025-08-25 18:23:14,267 basehttp 13068 27460 "GET /api/monitor/violations/analytics/?range=24h HTTP/1.1" 200 481
INFO 2025-08-25 18:24:14,254 views 13068 18672 违规数据分析请求: range=24h, query_all=False
INFO 2025-08-25 18:24:14,262 services 13068 18672 违规数据分析完成: 0条记录, 0次违规
INFO 2025-08-25 18:24:14,263 views 13068 18672 违规数据分析完成: 0条记录
INFO 2025-08-25 18:24:14,264 basehttp 13068 18672 "GET /api/monitor/violations/analytics/?range=24h HTTP/1.1" 200 481
INFO 2025-08-25 18:25:14,258 views 13068 25468 违规数据分析请求: range=24h, query_all=False
INFO 2025-08-25 18:25:14,267 services 13068 25468 违规数据分析完成: 0条记录, 0次违规
INFO 2025-08-25 18:25:14,267 views 13068 25468 违规数据分析完成: 0条记录
INFO 2025-08-25 18:25:14,269 basehttp 13068 25468 "GET /api/monitor/violations/analytics/?range=24h HTTP/1.1" 200 481
INFO 2025-08-25 18:26:14,256 views 13068 11012 违规数据分析请求: range=24h, query_all=False
INFO 2025-08-25 18:26:14,265 services 13068 11012 违规数据分析完成: 0条记录, 0次违规
INFO 2025-08-25 18:26:14,266 views 13068 11012 违规数据分析完成: 0条记录
INFO 2025-08-25 18:26:14,268 basehttp 13068 11012 "GET /api/monitor/violations/analytics/?range=24h HTTP/1.1" 200 481
INFO 2025-08-25 18:27:14,259 views 13068 15132 违规数据分析请求: range=24h, query_all=False
INFO 2025-08-25 18:27:14,268 services 13068 15132 违规数据分析完成: 0条记录, 0次违规
INFO 2025-08-25 18:27:14,269 views 13068 15132 违规数据分析完成: 0条记录
INFO 2025-08-25 18:27:14,270 basehttp 13068 15132 "GET /api/monitor/violations/analytics/?range=24h HTTP/1.1" 200 481
INFO 2025-08-25 18:28:14,250 views 13068 4216 违规数据分析请求: range=24h, query_all=False
INFO 2025-08-25 18:28:14,259 services 13068 4216 违规数据分析完成: 0条记录, 0次违规
INFO 2025-08-25 18:28:14,260 views 13068 4216 违规数据分析完成: 0条记录
INFO 2025-08-25 18:28:14,261 basehttp 13068 4216 "GET /api/monitor/violations/analytics/?range=24h HTTP/1.1" 200 481
INFO 2025-08-25 18:29:14,254 views 13068 10508 违规数据分析请求: range=24h, query_all=False
INFO 2025-08-25 18:29:14,262 services 13068 10508 违规数据分析完成: 0条记录, 0次违规
INFO 2025-08-25 18:29:14,262 views 13068 10508 违规数据分析完成: 0条记录
INFO 2025-08-25 18:29:14,264 basehttp 13068 10508 "GET /api/monitor/violations/analytics/?range=24h HTTP/1.1" 200 481
INFO 2025-08-25 18:30:14,248 views 13068 6584 违规数据分析请求: range=24h, query_all=False
INFO 2025-08-25 18:30:14,257 services 13068 6584 违规数据分析完成: 0条记录, 0次违规
INFO 2025-08-25 18:30:14,259 views 13068 6584 违规数据分析完成: 0条记录
INFO 2025-08-25 18:30:14,260 basehttp 13068 6584 "GET /api/monitor/violations/analytics/?range=24h HTTP/1.1" 200 481
INFO 2025-08-25 18:31:14,252 views 13068 29504 违规数据分析请求: range=24h, query_all=False
INFO 2025-08-25 18:31:14,261 services 13068 29504 违规数据分析完成: 0条记录, 0次违规
INFO 2025-08-25 18:31:14,261 views 13068 29504 违规数据分析完成: 0条记录
INFO 2025-08-25 18:31:14,263 basehttp 13068 29504 "GET /api/monitor/violations/analytics/?range=24h HTTP/1.1" 200 481
INFO 2025-08-25 18:32:14,251 views 13068 31280 违规数据分析请求: range=24h, query_all=False
INFO 2025-08-25 18:32:14,262 services 13068 31280 违规数据分析完成: 0条记录, 0次违规
INFO 2025-08-25 18:32:14,263 views 13068 31280 违规数据分析完成: 0条记录
INFO 2025-08-25 18:32:14,264 basehttp 13068 31280 "GET /api/monitor/violations/analytics/?range=24h HTTP/1.1" 200 481
INFO 2025-08-25 18:33:14,247 views 13068 672 违规数据分析请求: range=24h, query_all=False
INFO 2025-08-25 18:33:14,256 services 13068 672 违规数据分析完成: 0条记录, 0次违规
INFO 2025-08-25 18:33:14,256 views 13068 672 违规数据分析完成: 0条记录
INFO 2025-08-25 18:33:14,257 basehttp 13068 672 "GET /api/monitor/violations/analytics/?range=24h HTTP/1.1" 200 481
INFO 2025-08-25 18:34:14,249 views 13068 24636 违规数据分析请求: range=24h, query_all=False
INFO 2025-08-25 18:34:14,258 services 13068 24636 违规数据分析完成: 0条记录, 0次违规
INFO 2025-08-25 18:34:14,259 views 13068 24636 违规数据分析完成: 0条记录
INFO 2025-08-25 18:34:14,260 basehttp 13068 24636 "GET /api/monitor/violations/analytics/?range=24h HTTP/1.1" 200 481
INFO 2025-08-25 18:35:14,257 views 13068 29936 违规数据分析请求: range=24h, query_all=False
INFO 2025-08-25 18:35:14,266 services 13068 29936 违规数据分析完成: 0条记录, 0次违规
INFO 2025-08-25 18:35:14,266 views 13068 29936 违规数据分析完成: 0条记录
INFO 2025-08-25 18:35:14,269 basehttp 13068 29936 "GET /api/monitor/violations/analytics/?range=24h HTTP/1.1" 200 481
INFO 2025-08-25 18:36:14,253 views 13068 3380 违规数据分析请求: range=24h, query_all=False
INFO 2025-08-25 18:36:14,263 services 13068 3380 违规数据分析完成: 0条记录, 0次违规
INFO 2025-08-25 18:36:14,264 views 13068 3380 违规数据分析完成: 0条记录
INFO 2025-08-25 18:36:14,265 basehttp 13068 3380 "GET /api/monitor/violations/analytics/?range=24h HTTP/1.1" 200 481
INFO 2025-08-25 18:37:14,245 views 13068 24636 违规数据分析请求: range=24h, query_all=False
INFO 2025-08-25 18:37:14,254 services 13068 24636 违规数据分析完成: 0条记录, 0次违规
INFO 2025-08-25 18:37:14,255 views 13068 24636 违规数据分析完成: 0条记录
INFO 2025-08-25 18:37:14,256 basehttp 13068 24636 "GET /api/monitor/violations/analytics/?range=24h HTTP/1.1" 200 481
INFO 2025-08-25 18:38:14,259 views 13068 19072 违规数据分析请求: range=24h, query_all=False
INFO 2025-08-25 18:38:14,267 services 13068 19072 违规数据分析完成: 0条记录, 0次违规
INFO 2025-08-25 18:38:14,268 views 13068 19072 违规数据分析完成: 0条记录
INFO 2025-08-25 18:38:14,269 basehttp 13068 19072 "GET /api/monitor/violations/analytics/?range=24h HTTP/1.1" 200 481
INFO 2025-08-25 18:39:14,251 views 13068 11196 违规数据分析请求: range=24h, query_all=False
INFO 2025-08-25 18:39:14,259 services 13068 11196 违规数据分析完成: 0条记录, 0次违规
INFO 2025-08-25 18:39:14,259 views 13068 11196 违规数据分析完成: 0条记录
INFO 2025-08-25 18:39:14,260 basehttp 13068 11196 "GET /api/monitor/violations/analytics/?range=24h HTTP/1.1" 200 481
INFO 2025-08-25 18:40:14,248 views 13068 21036 违规数据分析请求: range=24h, query_all=False
INFO 2025-08-25 18:40:14,257 services 13068 21036 违规数据分析完成: 0条记录, 0次违规
INFO 2025-08-25 18:40:14,257 views 13068 21036 违规数据分析完成: 0条记录
INFO 2025-08-25 18:40:14,259 basehttp 13068 21036 "GET /api/monitor/violations/analytics/?range=24h HTTP/1.1" 200 481
INFO 2025-08-25 18:41:14,253 views 13068 29584 违规数据分析请求: range=24h, query_all=False
INFO 2025-08-25 18:41:14,261 services 13068 29584 违规数据分析完成: 0条记录, 0次违规
INFO 2025-08-25 18:41:14,262 views 13068 29584 违规数据分析完成: 0条记录
INFO 2025-08-25 18:41:14,263 basehttp 13068 29584 "GET /api/monitor/violations/analytics/?range=24h HTTP/1.1" 200 481
INFO 2025-08-25 18:42:14,253 views 13068 16540 违规数据分析请求: range=24h, query_all=False
INFO 2025-08-25 18:42:14,262 services 13068 16540 违规数据分析完成: 0条记录, 0次违规
INFO 2025-08-25 18:42:14,263 views 13068 16540 违规数据分析完成: 0条记录
INFO 2025-08-25 18:42:14,264 basehttp 13068 16540 "GET /api/monitor/violations/analytics/?range=24h HTTP/1.1" 200 481
INFO 2025-08-25 18:43:14,249 views 13068 16632 违规数据分析请求: range=24h, query_all=False
INFO 2025-08-25 18:43:14,258 services 13068 16632 违规数据分析完成: 0条记录, 0次违规
INFO 2025-08-25 18:43:14,259 views 13068 16632 违规数据分析完成: 0条记录
INFO 2025-08-25 18:43:14,260 basehttp 13068 16632 "GET /api/monitor/violations/analytics/?range=24h HTTP/1.1" 200 481
INFO 2025-08-25 18:44:14,254 views 13068 572 违规数据分析请求: range=24h, query_all=False
INFO 2025-08-25 18:44:14,262 services 13068 572 违规数据分析完成: 0条记录, 0次违规
INFO 2025-08-25 18:44:14,263 views 13068 572 违规数据分析完成: 0条记录
INFO 2025-08-25 18:44:14,264 basehttp 13068 572 "GET /api/monitor/violations/analytics/?range=24h HTTP/1.1" 200 481
INFO 2025-08-25 18:45:14,263 views 13068 29832 违规数据分析请求: range=24h, query_all=False
INFO 2025-08-25 18:45:14,272 services 13068 29832 违规数据分析完成: 0条记录, 0次违规
INFO 2025-08-25 18:45:14,273 views 13068 29832 违规数据分析完成: 0条记录
INFO 2025-08-25 18:45:14,274 basehttp 13068 29832 "GET /api/monitor/violations/analytics/?range=24h HTTP/1.1" 200 481
INFO 2025-08-25 18:46:14,257 views 13068 28748 违规数据分析请求: range=24h, query_all=False
INFO 2025-08-25 18:46:14,267 services 13068 28748 违规数据分析完成: 0条记录, 0次违规
INFO 2025-08-25 18:46:14,267 views 13068 28748 违规数据分析完成: 0条记录
INFO 2025-08-25 18:46:14,268 basehttp 13068 28748 "GET /api/monitor/violations/analytics/?range=24h HTTP/1.1" 200 481
INFO 2025-08-25 18:47:14,262 views 13068 31024 违规数据分析请求: range=24h, query_all=False
INFO 2025-08-25 18:47:14,271 services 13068 31024 违规数据分析完成: 0条记录, 0次违规
INFO 2025-08-25 18:47:14,273 views 13068 31024 违规数据分析完成: 0条记录
INFO 2025-08-25 18:47:14,275 basehttp 13068 31024 "GET /api/monitor/violations/analytics/?range=24h HTTP/1.1" 200 481
INFO 2025-08-25 18:48:14,254 views 13068 7160 违规数据分析请求: range=24h, query_all=False
INFO 2025-08-25 18:48:14,265 services 13068 7160 违规数据分析完成: 0条记录, 0次违规
INFO 2025-08-25 18:48:14,266 views 13068 7160 违规数据分析完成: 0条记录
INFO 2025-08-25 18:48:14,268 basehttp 13068 7160 "GET /api/monitor/violations/analytics/?range=24h HTTP/1.1" 200 481
INFO 2025-08-25 18:49:14,250 views 13068 29020 违规数据分析请求: range=24h, query_all=False
INFO 2025-08-25 18:49:14,260 services 13068 29020 违规数据分析完成: 0条记录, 0次违规
INFO 2025-08-25 18:49:14,260 views 13068 29020 违规数据分析完成: 0条记录
INFO 2025-08-25 18:49:14,263 basehttp 13068 29020 "GET /api/monitor/violations/analytics/?range=24h HTTP/1.1" 200 481
INFO 2025-08-25 18:50:14,245 views 13068 11472 违规数据分析请求: range=24h, query_all=False
INFO 2025-08-25 18:50:14,255 services 13068 11472 违规数据分析完成: 0条记录, 0次违规
INFO 2025-08-25 18:50:14,256 views 13068 11472 违规数据分析完成: 0条记录
INFO 2025-08-25 18:50:14,258 basehttp 13068 11472 "GET /api/monitor/violations/analytics/?range=24h HTTP/1.1" 200 481
INFO 2025-08-25 18:51:14,256 views 13068 9320 违规数据分析请求: range=24h, query_all=False
INFO 2025-08-25 18:51:14,265 services 13068 9320 违规数据分析完成: 0条记录, 0次违规
INFO 2025-08-25 18:51:14,266 views 13068 9320 违规数据分析完成: 0条记录
INFO 2025-08-25 18:51:14,267 basehttp 13068 9320 "GET /api/monitor/violations/analytics/?range=24h HTTP/1.1" 200 481
INFO 2025-08-25 18:52:14,243 views 13068 29992 违规数据分析请求: range=24h, query_all=False
INFO 2025-08-25 18:52:14,252 services 13068 29992 违规数据分析完成: 0条记录, 0次违规
INFO 2025-08-25 18:52:14,252 views 13068 29992 违规数据分析完成: 0条记录
INFO 2025-08-25 18:52:14,254 basehttp 13068 29992 "GET /api/monitor/violations/analytics/?range=24h HTTP/1.1" 200 481
INFO 2025-08-25 18:53:14,251 views 13068 9824 违规数据分析请求: range=24h, query_all=False
INFO 2025-08-25 18:53:14,259 services 13068 9824 违规数据分析完成: 0条记录, 0次违规
INFO 2025-08-25 18:53:14,260 views 13068 9824 违规数据分析完成: 0条记录
INFO 2025-08-25 18:53:14,262 basehttp 13068 9824 "GET /api/monitor/violations/analytics/?range=24h HTTP/1.1" 200 481
INFO 2025-08-25 18:54:14,258 views 13068 2832 违规数据分析请求: range=24h, query_all=False
INFO 2025-08-25 18:54:14,269 services 13068 2832 违规数据分析完成: 0条记录, 0次违规
INFO 2025-08-25 18:54:14,269 views 13068 2832 违规数据分析完成: 0条记录
INFO 2025-08-25 18:54:14,270 basehttp 13068 2832 "GET /api/monitor/violations/analytics/?range=24h HTTP/1.1" 200 481
INFO 2025-08-25 18:55:14,257 views 13068 30028 违规数据分析请求: range=24h, query_all=False
INFO 2025-08-25 18:55:14,267 services 13068 30028 违规数据分析完成: 0条记录, 0次违规
INFO 2025-08-25 18:55:14,267 views 13068 30028 违规数据分析完成: 0条记录
INFO 2025-08-25 18:55:14,268 basehttp 13068 30028 "GET /api/monitor/violations/analytics/?range=24h HTTP/1.1" 200 481
INFO 2025-08-25 18:56:14,249 views 13068 7268 违规数据分析请求: range=24h, query_all=False
INFO 2025-08-25 18:56:14,257 services 13068 7268 违规数据分析完成: 0条记录, 0次违规
INFO 2025-08-25 18:56:14,258 views 13068 7268 违规数据分析完成: 0条记录
INFO 2025-08-25 18:56:14,260 basehttp 13068 7268 "GET /api/monitor/violations/analytics/?range=24h HTTP/1.1" 200 481
INFO 2025-08-25 18:57:14,248 views 13068 25556 违规数据分析请求: range=24h, query_all=False
INFO 2025-08-25 18:57:14,257 services 13068 25556 违规数据分析完成: 0条记录, 0次违规
INFO 2025-08-25 18:57:14,257 views 13068 25556 违规数据分析完成: 0条记录
INFO 2025-08-25 18:57:14,259 basehttp 13068 25556 "GET /api/monitor/violations/analytics/?range=24h HTTP/1.1" 200 481
INFO 2025-08-25 18:58:14,244 views 13068 15804 违规数据分析请求: range=24h, query_all=False
INFO 2025-08-25 18:58:14,254 services 13068 15804 违规数据分析完成: 0条记录, 0次违规
INFO 2025-08-25 18:58:14,254 views 13068 15804 违规数据分析完成: 0条记录
INFO 2025-08-25 18:58:14,256 basehttp 13068 15804 "GET /api/monitor/violations/analytics/?range=24h HTTP/1.1" 200 481
INFO 2025-08-25 18:59:14,258 views 13068 23688 违规数据分析请求: range=24h, query_all=False
INFO 2025-08-25 18:59:14,267 services 13068 23688 违规数据分析完成: 0条记录, 0次违规
INFO 2025-08-25 18:59:14,267 views 13068 23688 违规数据分析完成: 0条记录
INFO 2025-08-25 18:59:14,268 basehttp 13068 23688 "GET /api/monitor/violations/analytics/?range=24h HTTP/1.1" 200 481
INFO 2025-08-25 19:00:14,257 views 13068 27128 违规数据分析请求: range=24h, query_all=False
INFO 2025-08-25 19:00:14,266 services 13068 27128 违规数据分析完成: 0条记录, 0次违规
INFO 2025-08-25 19:00:14,267 views 13068 27128 违规数据分析完成: 0条记录
INFO 2025-08-25 19:00:14,268 basehttp 13068 27128 "GET /api/monitor/violations/analytics/?range=24h HTTP/1.1" 200 481
INFO 2025-08-25 19:01:14,252 views 13068 25496 违规数据分析请求: range=24h, query_all=False
INFO 2025-08-25 19:01:14,261 services 13068 25496 违规数据分析完成: 0条记录, 0次违规
INFO 2025-08-25 19:01:14,261 views 13068 25496 违规数据分析完成: 0条记录
INFO 2025-08-25 19:01:14,263 basehttp 13068 25496 "GET /api/monitor/violations/analytics/?range=24h HTTP/1.1" 200 481
INFO 2025-08-25 19:02:14,262 views 13068 4980 违规数据分析请求: range=24h, query_all=False
INFO 2025-08-25 19:02:14,270 services 13068 4980 违规数据分析完成: 0条记录, 0次违规
INFO 2025-08-25 19:02:14,271 views 13068 4980 违规数据分析完成: 0条记录
INFO 2025-08-25 19:02:14,272 basehttp 13068 4980 "GET /api/monitor/violations/analytics/?range=24h HTTP/1.1" 200 481
INFO 2025-08-25 19:03:14,258 views 13068 23836 违规数据分析请求: range=24h, query_all=False
INFO 2025-08-25 19:03:14,267 services 13068 23836 违规数据分析完成: 0条记录, 0次违规
INFO 2025-08-25 19:03:14,268 views 13068 23836 违规数据分析完成: 0条记录
INFO 2025-08-25 19:03:14,269 basehttp 13068 23836 "GET /api/monitor/violations/analytics/?range=24h HTTP/1.1" 200 481
INFO 2025-08-25 19:04:14,244 views 13068 29892 违规数据分析请求: range=24h, query_all=False
INFO 2025-08-25 19:04:14,253 services 13068 29892 违规数据分析完成: 0条记录, 0次违规
INFO 2025-08-25 19:04:14,254 views 13068 29892 违规数据分析完成: 0条记录
INFO 2025-08-25 19:04:14,255 basehttp 13068 29892 "GET /api/monitor/violations/analytics/?range=24h HTTP/1.1" 200 481
INFO 2025-08-25 19:05:14,253 views 13068 26264 违规数据分析请求: range=24h, query_all=False
INFO 2025-08-25 19:05:14,263 services 13068 26264 违规数据分析完成: 0条记录, 0次违规
INFO 2025-08-25 19:05:14,264 views 13068 26264 违规数据分析完成: 0条记录
INFO 2025-08-25 19:05:14,265 basehttp 13068 26264 "GET /api/monitor/violations/analytics/?range=24h HTTP/1.1" 200 481
INFO 2025-08-25 19:06:14,252 views 13068 25176 违规数据分析请求: range=24h, query_all=False
INFO 2025-08-25 19:06:14,260 services 13068 25176 违规数据分析完成: 0条记录, 0次违规
INFO 2025-08-25 19:06:14,261 views 13068 25176 违规数据分析完成: 0条记录
INFO 2025-08-25 19:06:14,262 basehttp 13068 25176 "GET /api/monitor/violations/analytics/?range=24h HTTP/1.1" 200 481
INFO 2025-08-25 19:07:14,242 views 13068 26988 违规数据分析请求: range=24h, query_all=False
INFO 2025-08-25 19:07:14,251 services 13068 26988 违规数据分析完成: 0条记录, 0次违规
INFO 2025-08-25 19:07:14,251 views 13068 26988 违规数据分析完成: 0条记录
INFO 2025-08-25 19:07:14,252 basehttp 13068 26988 "GET /api/monitor/violations/analytics/?range=24h HTTP/1.1" 200 481
INFO 2025-08-25 19:08:14,254 views 13068 6116 违规数据分析请求: range=24h, query_all=False
INFO 2025-08-25 19:08:14,262 services 13068 6116 违规数据分析完成: 0条记录, 0次违规
INFO 2025-08-25 19:08:14,264 views 13068 6116 违规数据分析完成: 0条记录
INFO 2025-08-25 19:08:14,265 basehttp 13068 6116 "GET /api/monitor/violations/analytics/?range=24h HTTP/1.1" 200 481
INFO 2025-08-25 19:09:14,258 views 13068 30832 违规数据分析请求: range=24h, query_all=False
INFO 2025-08-25 19:09:14,266 services 13068 30832 违规数据分析完成: 0条记录, 0次违规
INFO 2025-08-25 19:09:14,267 views 13068 30832 违规数据分析完成: 0条记录
INFO 2025-08-25 19:09:14,268 basehttp 13068 30832 "GET /api/monitor/violations/analytics/?range=24h HTTP/1.1" 200 481
INFO 2025-08-25 19:10:14,254 views 13068 8716 违规数据分析请求: range=24h, query_all=False
INFO 2025-08-25 19:10:14,264 services 13068 8716 违规数据分析完成: 0条记录, 0次违规
INFO 2025-08-25 19:10:14,265 views 13068 8716 违规数据分析完成: 0条记录
INFO 2025-08-25 19:10:14,266 basehttp 13068 8716 "GET /api/monitor/violations/analytics/?range=24h HTTP/1.1" 200 481
INFO 2025-08-25 19:11:14,252 views 13068 13144 违规数据分析请求: range=24h, query_all=False
INFO 2025-08-25 19:11:14,260 services 13068 13144 违规数据分析完成: 0条记录, 0次违规
INFO 2025-08-25 19:11:14,261 views 13068 13144 违规数据分析完成: 0条记录
INFO 2025-08-25 19:11:14,262 basehttp 13068 13144 "GET /api/monitor/violations/analytics/?range=24h HTTP/1.1" 200 481
INFO 2025-08-25 19:12:14,254 views 13068 22160 违规数据分析请求: range=24h, query_all=False
INFO 2025-08-25 19:12:14,262 services 13068 22160 违规数据分析完成: 0条记录, 0次违规
INFO 2025-08-25 19:12:14,262 views 13068 22160 违规数据分析完成: 0条记录
INFO 2025-08-25 19:12:14,263 basehttp 13068 22160 "GET /api/monitor/violations/analytics/?range=24h HTTP/1.1" 200 481
INFO 2025-08-25 19:13:14,254 views 13068 17560 违规数据分析请求: range=24h, query_all=False
INFO 2025-08-25 19:13:14,263 services 13068 17560 违规数据分析完成: 0条记录, 0次违规
INFO 2025-08-25 19:13:14,264 views 13068 17560 违规数据分析完成: 0条记录
INFO 2025-08-25 19:13:14,265 basehttp 13068 17560 "GET /api/monitor/violations/analytics/?range=24h HTTP/1.1" 200 481
INFO 2025-08-25 19:14:14,264 views 13068 19532 违规数据分析请求: range=24h, query_all=False
INFO 2025-08-25 19:14:14,273 services 13068 19532 违规数据分析完成: 0条记录, 0次违规
INFO 2025-08-25 19:14:14,273 views 13068 19532 违规数据分析完成: 0条记录
INFO 2025-08-25 19:14:14,274 basehttp 13068 19532 "GET /api/monitor/violations/analytics/?range=24h HTTP/1.1" 200 481
INFO 2025-08-25 19:15:14,254 views 13068 28408 违规数据分析请求: range=24h, query_all=False
INFO 2025-08-25 19:15:14,262 services 13068 28408 违规数据分析完成: 0条记录, 0次违规
INFO 2025-08-25 19:15:14,262 views 13068 28408 违规数据分析完成: 0条记录
INFO 2025-08-25 19:15:14,263 basehttp 13068 28408 "GET /api/monitor/violations/analytics/?range=24h HTTP/1.1" 200 481
INFO 2025-08-25 19:16:14,250 views 13068 11412 违规数据分析请求: range=24h, query_all=False
INFO 2025-08-25 19:16:14,259 services 13068 11412 违规数据分析完成: 0条记录, 0次违规
INFO 2025-08-25 19:16:14,259 views 13068 11412 违规数据分析完成: 0条记录
INFO 2025-08-25 19:16:14,260 basehttp 13068 11412 "GET /api/monitor/violations/analytics/?range=24h HTTP/1.1" 200 481
INFO 2025-08-25 19:17:14,269 views 13068 22420 违规数据分析请求: range=24h, query_all=False
INFO 2025-08-25 19:17:14,278 services 13068 22420 违规数据分析完成: 0条记录, 0次违规
INFO 2025-08-25 19:17:14,279 views 13068 22420 违规数据分析完成: 0条记录
INFO 2025-08-25 19:17:14,281 basehttp 13068 22420 "GET /api/monitor/violations/analytics/?range=24h HTTP/1.1" 200 481
INFO 2025-08-25 19:18:14,247 views 13068 31576 违规数据分析请求: range=24h, query_all=False
INFO 2025-08-25 19:18:14,256 services 13068 31576 违规数据分析完成: 0条记录, 0次违规
INFO 2025-08-25 19:18:14,256 views 13068 31576 违规数据分析完成: 0条记录
INFO 2025-08-25 19:18:14,258 basehttp 13068 31576 "GET /api/monitor/violations/analytics/?range=24h HTTP/1.1" 200 481
INFO 2025-08-25 19:19:14,253 views 13068 9824 违规数据分析请求: range=24h, query_all=False
INFO 2025-08-25 19:19:14,261 services 13068 9824 违规数据分析完成: 0条记录, 0次违规
INFO 2025-08-25 19:19:14,261 views 13068 9824 违规数据分析完成: 0条记录
INFO 2025-08-25 19:19:14,264 basehttp 13068 9824 "GET /api/monitor/violations/analytics/?range=24h HTTP/1.1" 200 481
INFO 2025-08-25 19:20:14,255 views 13068 23348 违规数据分析请求: range=24h, query_all=False
INFO 2025-08-25 19:20:14,264 services 13068 23348 违规数据分析完成: 0条记录, 0次违规
INFO 2025-08-25 19:20:14,264 views 13068 23348 违规数据分析完成: 0条记录
INFO 2025-08-25 19:20:14,265 basehttp 13068 23348 "GET /api/monitor/violations/analytics/?range=24h HTTP/1.1" 200 481
INFO 2025-08-25 19:21:14,257 views 13068 14040 违规数据分析请求: range=24h, query_all=False
INFO 2025-08-25 19:21:14,265 services 13068 14040 违规数据分析完成: 0条记录, 0次违规
INFO 2025-08-25 19:21:14,265 views 13068 14040 违规数据分析完成: 0条记录
INFO 2025-08-25 19:21:14,266 basehttp 13068 14040 "GET /api/monitor/violations/analytics/?range=24h HTTP/1.1" 200 481
INFO 2025-08-25 19:22:14,257 views 13068 23688 违规数据分析请求: range=24h, query_all=False
INFO 2025-08-25 19:22:14,266 services 13068 23688 违规数据分析完成: 0条记录, 0次违规
INFO 2025-08-25 19:22:14,266 views 13068 23688 违规数据分析完成: 0条记录
INFO 2025-08-25 19:22:14,268 basehttp 13068 23688 "GET /api/monitor/violations/analytics/?range=24h HTTP/1.1" 200 481
INFO 2025-08-25 19:23:14,246 views 13068 5364 违规数据分析请求: range=24h, query_all=False
INFO 2025-08-25 19:23:14,256 services 13068 5364 违规数据分析完成: 0条记录, 0次违规
INFO 2025-08-25 19:23:14,257 views 13068 5364 违规数据分析完成: 0条记录
INFO 2025-08-25 19:23:14,259 basehttp 13068 5364 "GET /api/monitor/violations/analytics/?range=24h HTTP/1.1" 200 481
INFO 2025-08-25 19:24:14,252 views 13068 30952 违规数据分析请求: range=24h, query_all=False
INFO 2025-08-25 19:24:14,260 services 13068 30952 违规数据分析完成: 0条记录, 0次违规
INFO 2025-08-25 19:24:14,261 views 13068 30952 违规数据分析完成: 0条记录
INFO 2025-08-25 19:24:14,262 basehttp 13068 30952 "GET /api/monitor/violations/analytics/?range=24h HTTP/1.1" 200 481
INFO 2025-08-25 19:25:14,245 views 13068 27192 违规数据分析请求: range=24h, query_all=False
INFO 2025-08-25 19:25:14,254 services 13068 27192 违规数据分析完成: 0条记录, 0次违规
INFO 2025-08-25 19:25:14,254 views 13068 27192 违规数据分析完成: 0条记录
INFO 2025-08-25 19:25:14,256 basehttp 13068 27192 "GET /api/monitor/violations/analytics/?range=24h HTTP/1.1" 200 481
INFO 2025-08-25 19:26:14,244 views 13068 27988 违规数据分析请求: range=24h, query_all=False
INFO 2025-08-25 19:26:14,251 services 13068 27988 违规数据分析完成: 0条记录, 0次违规
INFO 2025-08-25 19:26:14,251 views 13068 27988 违规数据分析完成: 0条记录
INFO 2025-08-25 19:26:14,253 basehttp 13068 27988 "GET /api/monitor/violations/analytics/?range=24h HTTP/1.1" 200 481
INFO 2025-08-25 19:27:14,259 views 13068 30232 违规数据分析请求: range=24h, query_all=False
INFO 2025-08-25 19:27:14,269 services 13068 30232 违规数据分析完成: 0条记录, 0次违规
INFO 2025-08-25 19:27:14,269 views 13068 30232 违规数据分析完成: 0条记录
INFO 2025-08-25 19:27:14,271 basehttp 13068 30232 "GET /api/monitor/violations/analytics/?range=24h HTTP/1.1" 200 481
INFO 2025-08-25 19:28:14,249 views 13068 31156 违规数据分析请求: range=24h, query_all=False
INFO 2025-08-25 19:28:14,258 services 13068 31156 违规数据分析完成: 0条记录, 0次违规
INFO 2025-08-25 19:28:14,259 views 13068 31156 违规数据分析完成: 0条记录
INFO 2025-08-25 19:28:14,260 basehttp 13068 31156 "GET /api/monitor/violations/analytics/?range=24h HTTP/1.1" 200 481
INFO 2025-08-25 19:29:14,252 views 13068 22972 违规数据分析请求: range=24h, query_all=False
INFO 2025-08-25 19:29:14,260 services 13068 22972 违规数据分析完成: 0条记录, 0次违规
INFO 2025-08-25 19:29:14,261 views 13068 22972 违规数据分析完成: 0条记录
INFO 2025-08-25 19:29:14,262 basehttp 13068 22972 "GET /api/monitor/violations/analytics/?range=24h HTTP/1.1" 200 481
INFO 2025-08-25 19:30:14,252 views 13068 23656 违规数据分析请求: range=24h, query_all=False
INFO 2025-08-25 19:30:14,261 services 13068 23656 违规数据分析完成: 0条记录, 0次违规
INFO 2025-08-25 19:30:14,262 views 13068 23656 违规数据分析完成: 0条记录
INFO 2025-08-25 19:30:14,264 basehttp 13068 23656 "GET /api/monitor/violations/analytics/?range=24h HTTP/1.1" 200 481
INFO 2025-08-25 19:31:14,252 views 13068 29820 违规数据分析请求: range=24h, query_all=False
INFO 2025-08-25 19:31:14,261 services 13068 29820 违规数据分析完成: 0条记录, 0次违规
INFO 2025-08-25 19:31:14,262 views 13068 29820 违规数据分析完成: 0条记录
INFO 2025-08-25 19:31:14,263 basehttp 13068 29820 "GET /api/monitor/violations/analytics/?range=24h HTTP/1.1" 200 481
INFO 2025-08-25 19:32:14,244 views 13068 11172 违规数据分析请求: range=24h, query_all=False
INFO 2025-08-25 19:32:14,252 services 13068 11172 违规数据分析完成: 0条记录, 0次违规
INFO 2025-08-25 19:32:14,253 views 13068 11172 违规数据分析完成: 0条记录
INFO 2025-08-25 19:32:14,254 basehttp 13068 11172 "GET /api/monitor/violations/analytics/?range=24h HTTP/1.1" 200 481
INFO 2025-08-25 19:33:14,260 views 13068 12320 违规数据分析请求: range=24h, query_all=False
INFO 2025-08-25 19:33:14,268 services 13068 12320 违规数据分析完成: 0条记录, 0次违规
INFO 2025-08-25 19:33:14,268 views 13068 12320 违规数据分析完成: 0条记录
INFO 2025-08-25 19:33:14,270 basehttp 13068 12320 "GET /api/monitor/violations/analytics/?range=24h HTTP/1.1" 200 481
INFO 2025-08-25 19:34:14,255 views 13068 6564 违规数据分析请求: range=24h, query_all=False
INFO 2025-08-25 19:34:14,264 services 13068 6564 违规数据分析完成: 0条记录, 0次违规
INFO 2025-08-25 19:34:14,264 views 13068 6564 违规数据分析完成: 0条记录
INFO 2025-08-25 19:34:14,265 basehttp 13068 6564 "GET /api/monitor/violations/analytics/?range=24h HTTP/1.1" 200 481
INFO 2025-08-25 19:35:14,249 views 13068 15124 违规数据分析请求: range=24h, query_all=False
INFO 2025-08-25 19:35:14,257 services 13068 15124 违规数据分析完成: 0条记录, 0次违规
INFO 2025-08-25 19:35:14,258 views 13068 15124 违规数据分析完成: 0条记录
INFO 2025-08-25 19:35:14,259 basehttp 13068 15124 "GET /api/monitor/violations/analytics/?range=24h HTTP/1.1" 200 481
INFO 2025-08-25 19:36:14,248 views 13068 22344 违规数据分析请求: range=24h, query_all=False
INFO 2025-08-25 19:36:14,259 services 13068 22344 违规数据分析完成: 0条记录, 0次违规
INFO 2025-08-25 19:36:14,259 views 13068 22344 违规数据分析完成: 0条记录
INFO 2025-08-25 19:36:14,261 basehttp 13068 22344 "GET /api/monitor/violations/analytics/?range=24h HTTP/1.1" 200 481
INFO 2025-08-25 19:37:14,250 views 13068 16576 违规数据分析请求: range=24h, query_all=False
INFO 2025-08-25 19:37:14,258 services 13068 16576 违规数据分析完成: 0条记录, 0次违规
INFO 2025-08-25 19:37:14,259 views 13068 16576 违规数据分析完成: 0条记录
INFO 2025-08-25 19:37:14,260 basehttp 13068 16576 "GET /api/monitor/violations/analytics/?range=24h HTTP/1.1" 200 481
INFO 2025-08-25 19:38:14,254 views 13068 20008 违规数据分析请求: range=24h, query_all=False
INFO 2025-08-25 19:38:14,262 services 13068 20008 违规数据分析完成: 0条记录, 0次违规
INFO 2025-08-25 19:38:14,263 views 13068 20008 违规数据分析完成: 0条记录
INFO 2025-08-25 19:38:14,264 basehttp 13068 20008 "GET /api/monitor/violations/analytics/?range=24h HTTP/1.1" 200 481
INFO 2025-08-25 19:39:14,247 views 13068 31620 违规数据分析请求: range=24h, query_all=False
INFO 2025-08-25 19:39:14,256 services 13068 31620 违规数据分析完成: 0条记录, 0次违规
INFO 2025-08-25 19:39:14,257 views 13068 31620 违规数据分析完成: 0条记录
INFO 2025-08-25 19:39:14,258 basehttp 13068 31620 "GET /api/monitor/violations/analytics/?range=24h HTTP/1.1" 200 481
INFO 2025-08-25 19:40:14,243 views 13068 12984 违规数据分析请求: range=24h, query_all=False
INFO 2025-08-25 19:40:14,251 services 13068 12984 违规数据分析完成: 0条记录, 0次违规
INFO 2025-08-25 19:40:14,252 views 13068 12984 违规数据分析完成: 0条记录
INFO 2025-08-25 19:40:14,253 basehttp 13068 12984 "GET /api/monitor/violations/analytics/?range=24h HTTP/1.1" 200 481
INFO 2025-08-25 19:41:14,250 views 13068 23856 违规数据分析请求: range=24h, query_all=False
INFO 2025-08-25 19:41:14,259 services 13068 23856 违规数据分析完成: 0条记录, 0次违规
INFO 2025-08-25 19:41:14,259 views 13068 23856 违规数据分析完成: 0条记录
INFO 2025-08-25 19:41:14,260 basehttp 13068 23856 "GET /api/monitor/violations/analytics/?range=24h HTTP/1.1" 200 481
INFO 2025-08-25 19:42:14,262 views 13068 30252 违规数据分析请求: range=24h, query_all=False
INFO 2025-08-25 19:42:14,270 services 13068 30252 违规数据分析完成: 0条记录, 0次违规
INFO 2025-08-25 19:42:14,271 views 13068 30252 违规数据分析完成: 0条记录
INFO 2025-08-25 19:42:14,272 basehttp 13068 30252 "GET /api/monitor/violations/analytics/?range=24h HTTP/1.1" 200 481
INFO 2025-08-25 19:43:14,247 views 13068 27368 违规数据分析请求: range=24h, query_all=False
INFO 2025-08-25 19:43:14,255 services 13068 27368 违规数据分析完成: 0条记录, 0次违规
INFO 2025-08-25 19:43:14,255 views 13068 27368 违规数据分析完成: 0条记录
INFO 2025-08-25 19:43:14,257 basehttp 13068 27368 "GET /api/monitor/violations/analytics/?range=24h HTTP/1.1" 200 481
INFO 2025-08-25 19:44:14,255 views 13068 7492 违规数据分析请求: range=24h, query_all=False
INFO 2025-08-25 19:44:14,264 services 13068 7492 违规数据分析完成: 0条记录, 0次违规
INFO 2025-08-25 19:44:14,264 views 13068 7492 违规数据分析完成: 0条记录
INFO 2025-08-25 19:44:14,266 basehttp 13068 7492 "GET /api/monitor/violations/analytics/?range=24h HTTP/1.1" 200 481
INFO 2025-08-25 19:45:14,255 views 13068 25996 违规数据分析请求: range=24h, query_all=False
INFO 2025-08-25 19:45:14,265 services 13068 25996 违规数据分析完成: 0条记录, 0次违规
INFO 2025-08-25 19:45:14,265 views 13068 25996 违规数据分析完成: 0条记录
INFO 2025-08-25 19:45:14,267 basehttp 13068 25996 "GET /api/monitor/violations/analytics/?range=24h HTTP/1.1" 200 481
INFO 2025-08-25 19:46:14,247 views 13068 30324 违规数据分析请求: range=24h, query_all=False
INFO 2025-08-25 19:46:14,255 services 13068 30324 违规数据分析完成: 0条记录, 0次违规
INFO 2025-08-25 19:46:14,256 views 13068 30324 违规数据分析完成: 0条记录
INFO 2025-08-25 19:46:14,257 basehttp 13068 30324 "GET /api/monitor/violations/analytics/?range=24h HTTP/1.1" 200 481
INFO 2025-08-25 19:47:14,256 views 13068 9368 违规数据分析请求: range=24h, query_all=False
INFO 2025-08-25 19:47:14,264 services 13068 9368 违规数据分析完成: 0条记录, 0次违规
INFO 2025-08-25 19:47:14,265 views 13068 9368 违规数据分析完成: 0条记录
INFO 2025-08-25 19:47:14,266 basehttp 13068 9368 "GET /api/monitor/violations/analytics/?range=24h HTTP/1.1" 200 481
INFO 2025-08-25 19:48:14,246 views 13068 21284 违规数据分析请求: range=24h, query_all=False
INFO 2025-08-25 19:48:14,255 services 13068 21284 违规数据分析完成: 0条记录, 0次违规
INFO 2025-08-25 19:48:14,255 views 13068 21284 违规数据分析完成: 0条记录
INFO 2025-08-25 19:48:14,257 basehttp 13068 21284 "GET /api/monitor/violations/analytics/?range=24h HTTP/1.1" 200 481
INFO 2025-08-25 19:49:14,252 views 13068 14956 违规数据分析请求: range=24h, query_all=False
INFO 2025-08-25 19:49:14,262 services 13068 14956 违规数据分析完成: 0条记录, 0次违规
INFO 2025-08-25 19:49:14,262 views 13068 14956 违规数据分析完成: 0条记录
INFO 2025-08-25 19:49:14,264 basehttp 13068 14956 "GET /api/monitor/violations/analytics/?range=24h HTTP/1.1" 200 481
INFO 2025-08-25 19:50:14,247 views 13068 5440 违规数据分析请求: range=24h, query_all=False
INFO 2025-08-25 19:50:14,256 services 13068 5440 违规数据分析完成: 0条记录, 0次违规
INFO 2025-08-25 19:50:14,256 views 13068 5440 违规数据分析完成: 0条记录
INFO 2025-08-25 19:50:14,257 basehttp 13068 5440 "GET /api/monitor/violations/analytics/?range=24h HTTP/1.1" 200 481
INFO 2025-08-25 19:51:14,252 views 13068 20220 违规数据分析请求: range=24h, query_all=False
INFO 2025-08-25 19:51:14,260 services 13068 20220 违规数据分析完成: 0条记录, 0次违规
INFO 2025-08-25 19:51:14,261 views 13068 20220 违规数据分析完成: 0条记录
INFO 2025-08-25 19:51:14,263 basehttp 13068 20220 "GET /api/monitor/violations/analytics/?range=24h HTTP/1.1" 200 481
INFO 2025-08-25 19:52:14,252 views 13068 29964 违规数据分析请求: range=24h, query_all=False
INFO 2025-08-25 19:52:14,260 services 13068 29964 违规数据分析完成: 0条记录, 0次违规
INFO 2025-08-25 19:52:14,260 views 13068 29964 违规数据分析完成: 0条记录
INFO 2025-08-25 19:52:14,263 basehttp 13068 29964 "GET /api/monitor/violations/analytics/?range=24h HTTP/1.1" 200 481
INFO 2025-08-25 19:53:14,249 views 13068 31164 违规数据分析请求: range=24h, query_all=False
INFO 2025-08-25 19:53:14,258 services 13068 31164 违规数据分析完成: 0条记录, 0次违规
INFO 2025-08-25 19:53:14,259 views 13068 31164 违规数据分析完成: 0条记录
INFO 2025-08-25 19:53:14,261 basehttp 13068 31164 "GET /api/monitor/violations/analytics/?range=24h HTTP/1.1" 200 481
INFO 2025-08-25 19:54:14,254 views 13068 24920 违规数据分析请求: range=24h, query_all=False
INFO 2025-08-25 19:54:14,263 services 13068 24920 违规数据分析完成: 0条记录, 0次违规
INFO 2025-08-25 19:54:14,263 views 13068 24920 违规数据分析完成: 0条记录
INFO 2025-08-25 19:54:14,264 basehttp 13068 24920 "GET /api/monitor/violations/analytics/?range=24h HTTP/1.1" 200 481
INFO 2025-08-25 19:55:14,251 views 13068 14936 违规数据分析请求: range=24h, query_all=False
INFO 2025-08-25 19:55:14,259 services 13068 14936 违规数据分析完成: 0条记录, 0次违规
INFO 2025-08-25 19:55:14,260 views 13068 14936 违规数据分析完成: 0条记录
INFO 2025-08-25 19:55:14,261 basehttp 13068 14936 "GET /api/monitor/violations/analytics/?range=24h HTTP/1.1" 200 481
INFO 2025-08-25 19:56:14,259 views 13068 29800 违规数据分析请求: range=24h, query_all=False
INFO 2025-08-25 19:56:14,267 services 13068 29800 违规数据分析完成: 0条记录, 0次违规
INFO 2025-08-25 19:56:14,267 views 13068 29800 违规数据分析完成: 0条记录
INFO 2025-08-25 19:56:14,270 basehttp 13068 29800 "GET /api/monitor/violations/analytics/?range=24h HTTP/1.1" 200 481
INFO 2025-08-25 19:57:14,257 views 13068 31296 违规数据分析请求: range=24h, query_all=False
INFO 2025-08-25 19:57:14,266 services 13068 31296 违规数据分析完成: 0条记录, 0次违规
INFO 2025-08-25 19:57:14,267 views 13068 31296 违规数据分析完成: 0条记录
INFO 2025-08-25 19:57:14,268 basehttp 13068 31296 "GET /api/monitor/violations/analytics/?range=24h HTTP/1.1" 200 481
INFO 2025-08-25 19:58:14,248 views 13068 11584 违规数据分析请求: range=24h, query_all=False
INFO 2025-08-25 19:58:14,257 services 13068 11584 违规数据分析完成: 0条记录, 0次违规
INFO 2025-08-25 19:58:14,258 views 13068 11584 违规数据分析完成: 0条记录
INFO 2025-08-25 19:58:14,259 basehttp 13068 11584 "GET /api/monitor/violations/analytics/?range=24h HTTP/1.1" 200 481
INFO 2025-08-25 19:59:14,242 views 13068 31404 违规数据分析请求: range=24h, query_all=False
INFO 2025-08-25 19:59:14,251 services 13068 31404 违规数据分析完成: 0条记录, 0次违规
INFO 2025-08-25 19:59:14,252 views 13068 31404 违规数据分析完成: 0条记录
INFO 2025-08-25 19:59:14,254 basehttp 13068 31404 "GET /api/monitor/violations/analytics/?range=24h HTTP/1.1" 200 481
INFO 2025-08-25 20:00:14,256 views 13068 6708 违规数据分析请求: range=24h, query_all=False
INFO 2025-08-25 20:00:14,265 services 13068 6708 违规数据分析完成: 0条记录, 0次违规
INFO 2025-08-25 20:00:14,266 views 13068 6708 违规数据分析完成: 0条记录
INFO 2025-08-25 20:00:14,268 basehttp 13068 6708 "GET /api/monitor/violations/analytics/?range=24h HTTP/1.1" 200 481
INFO 2025-08-25 20:01:14,254 views 13068 19672 违规数据分析请求: range=24h, query_all=False
INFO 2025-08-25 20:01:14,263 services 13068 19672 违规数据分析完成: 0条记录, 0次违规
INFO 2025-08-25 20:01:14,264 views 13068 19672 违规数据分析完成: 0条记录
INFO 2025-08-25 20:01:14,265 basehttp 13068 19672 "GET /api/monitor/violations/analytics/?range=24h HTTP/1.1" 200 481
INFO 2025-08-25 20:02:14,257 views 13068 20220 违规数据分析请求: range=24h, query_all=False
INFO 2025-08-25 20:02:14,266 services 13068 20220 违规数据分析完成: 0条记录, 0次违规
INFO 2025-08-25 20:02:14,266 views 13068 20220 违规数据分析完成: 0条记录
INFO 2025-08-25 20:02:14,267 basehttp 13068 20220 "GET /api/monitor/violations/analytics/?range=24h HTTP/1.1" 200 481
INFO 2025-08-25 20:03:14,247 views 13068 5752 违规数据分析请求: range=24h, query_all=False
INFO 2025-08-25 20:03:14,257 services 13068 5752 违规数据分析完成: 0条记录, 0次违规
INFO 2025-08-25 20:03:14,257 views 13068 5752 违规数据分析完成: 0条记录
INFO 2025-08-25 20:03:14,259 basehttp 13068 5752 "GET /api/monitor/violations/analytics/?range=24h HTTP/1.1" 200 481
INFO 2025-08-25 20:04:14,257 views 13068 19780 违规数据分析请求: range=24h, query_all=False
INFO 2025-08-25 20:04:14,265 services 13068 19780 违规数据分析完成: 0条记录, 0次违规
INFO 2025-08-25 20:04:14,266 views 13068 19780 违规数据分析完成: 0条记录
INFO 2025-08-25 20:04:14,268 basehttp 13068 19780 "GET /api/monitor/violations/analytics/?range=24h HTTP/1.1" 200 481
INFO 2025-08-25 20:05:14,255 views 13068 26000 违规数据分析请求: range=24h, query_all=False
INFO 2025-08-25 20:05:14,264 services 13068 26000 违规数据分析完成: 0条记录, 0次违规
INFO 2025-08-25 20:05:14,265 views 13068 26000 违规数据分析完成: 0条记录
INFO 2025-08-25 20:05:14,268 basehttp 13068 26000 "GET /api/monitor/violations/analytics/?range=24h HTTP/1.1" 200 481
INFO 2025-08-25 20:06:14,259 views 13068 14868 违规数据分析请求: range=24h, query_all=False
INFO 2025-08-25 20:06:14,269 services 13068 14868 违规数据分析完成: 0条记录, 0次违规
INFO 2025-08-25 20:06:14,270 views 13068 14868 违规数据分析完成: 0条记录
INFO 2025-08-25 20:06:14,271 basehttp 13068 14868 "GET /api/monitor/violations/analytics/?range=24h HTTP/1.1" 200 481
INFO 2025-08-25 20:07:14,262 views 13068 27848 违规数据分析请求: range=24h, query_all=False
INFO 2025-08-25 20:07:14,270 services 13068 27848 违规数据分析完成: 0条记录, 0次违规
INFO 2025-08-25 20:07:14,271 views 13068 27848 违规数据分析完成: 0条记录
INFO 2025-08-25 20:07:14,272 basehttp 13068 27848 "GET /api/monitor/violations/analytics/?range=24h HTTP/1.1" 200 481
INFO 2025-08-25 20:08:14,256 views 13068 11344 违规数据分析请求: range=24h, query_all=False
INFO 2025-08-25 20:08:14,266 services 13068 11344 违规数据分析完成: 0条记录, 0次违规
INFO 2025-08-25 20:08:14,266 views 13068 11344 违规数据分析完成: 0条记录
INFO 2025-08-25 20:08:14,268 basehttp 13068 11344 "GET /api/monitor/violations/analytics/?range=24h HTTP/1.1" 200 481
INFO 2025-08-25 20:09:14,260 views 13068 14268 违规数据分析请求: range=24h, query_all=False
INFO 2025-08-25 20:09:14,269 services 13068 14268 违规数据分析完成: 0条记录, 0次违规
INFO 2025-08-25 20:09:14,269 views 13068 14268 违规数据分析完成: 0条记录
INFO 2025-08-25 20:09:14,271 basehttp 13068 14268 "GET /api/monitor/violations/analytics/?range=24h HTTP/1.1" 200 481
INFO 2025-08-25 20:10:14,258 views 13068 22692 违规数据分析请求: range=24h, query_all=False
INFO 2025-08-25 20:10:14,266 services 13068 22692 违规数据分析完成: 0条记录, 0次违规
INFO 2025-08-25 20:10:14,267 views 13068 22692 违规数据分析完成: 0条记录
INFO 2025-08-25 20:10:14,268 basehttp 13068 22692 "GET /api/monitor/violations/analytics/?range=24h HTTP/1.1" 200 481
INFO 2025-08-25 20:11:30,436 views 13068 23388 违规数据分析请求: range=24h, query_all=False
INFO 2025-08-25 20:11:30,446 services 13068 23388 违规数据分析完成: 0条记录, 0次违规
INFO 2025-08-25 20:11:30,447 views 13068 23388 违规数据分析完成: 0条记录
INFO 2025-08-25 20:11:30,448 basehttp 13068 23388 "GET /api/monitor/violations/analytics/?range=24h HTTP/1.1" 200 481
INFO 2025-08-25 20:14:51,482 views 13068 31704 违规数据分析请求: range=24h, query_all=False
INFO 2025-08-25 20:14:51,488 services 13068 31704 违规数据分析完成: 0条记录, 0次违规
INFO 2025-08-25 20:14:51,488 views 13068 31704 违规数据分析完成: 0条记录
INFO 2025-08-25 20:14:51,489 basehttp 13068 31704 "GET /api/monitor/violations/analytics/?range=24h HTTP/1.1" 200 481
INFO 2025-08-25 20:15:52,257 views 13068 21564 违规数据分析请求: range=24h, query_all=False
INFO 2025-08-25 20:15:52,266 services 13068 21564 违规数据分析完成: 0条记录, 0次违规
INFO 2025-08-25 20:15:52,266 views 13068 21564 违规数据分析完成: 0条记录
INFO 2025-08-25 20:15:52,267 basehttp 13068 21564 "GET /api/monitor/violations/analytics/?range=24h HTTP/1.1" 200 481
INFO 2025-08-25 20:31:51,706 views 13068 19264 违规数据分析请求: range=24h, query_all=False
INFO 2025-08-25 20:31:51,712 services 13068 19264 违规数据分析完成: 0条记录, 0次违规
INFO 2025-08-25 20:31:51,712 views 13068 19264 违规数据分析完成: 0条记录
INFO 2025-08-25 20:31:51,713 basehttp 13068 19264 "GET /api/monitor/violations/analytics/?range=24h HTTP/1.1" 200 481
INFO 2025-08-25 20:53:45,473 views 13068 4220 违规数据分析请求: range=24h, query_all=False
INFO 2025-08-25 20:53:45,482 services 13068 4220 违规数据分析完成: 0条记录, 0次违规
INFO 2025-08-25 20:53:45,482 views 13068 4220 违规数据分析完成: 0条记录
INFO 2025-08-25 20:53:45,483 basehttp 13068 4220 "GET /api/monitor/violations/analytics/?range=24h HTTP/1.1" 200 481
INFO 2025-08-25 20:54:46,109 views 13068 27752 违规数据分析请求: range=24h, query_all=False
INFO 2025-08-25 20:54:46,115 services 13068 27752 违规数据分析完成: 0条记录, 0次违规
INFO 2025-08-25 20:54:46,116 views 13068 27752 违规数据分析完成: 0条记录
INFO 2025-08-25 20:54:46,117 basehttp 13068 27752 "GET /api/monitor/violations/analytics/?range=24h HTTP/1.1" 200 481
INFO 2025-08-25 20:55:47,111 views 13068 25020 违规数据分析请求: range=24h, query_all=False
INFO 2025-08-25 20:55:47,121 services 13068 25020 违规数据分析完成: 0条记录, 0次违规
INFO 2025-08-25 20:55:47,121 views 13068 25020 违规数据分析完成: 0条记录
INFO 2025-08-25 20:55:47,122 basehttp 13068 25020 "GET /api/monitor/violations/analytics/?range=24h HTTP/1.1" 200 481
INFO 2025-08-25 20:56:48,119 views 13068 28988 违规数据分析请求: range=24h, query_all=False
INFO 2025-08-25 20:56:48,125 services 13068 28988 违规数据分析完成: 0条记录, 0次违规
INFO 2025-08-25 20:56:48,125 views 13068 28988 违规数据分析完成: 0条记录
INFO 2025-08-25 20:56:48,126 basehttp 13068 28988 "GET /api/monitor/violations/analytics/?range=24h HTTP/1.1" 200 481
INFO 2025-08-25 20:57:49,116 views 13068 6416 违规数据分析请求: range=24h, query_all=False
INFO 2025-08-25 20:57:49,124 services 13068 6416 违规数据分析完成: 0条记录, 0次违规
INFO 2025-08-25 20:57:49,124 views 13068 6416 违规数据分析完成: 0条记录
INFO 2025-08-25 20:57:49,125 basehttp 13068 6416 "GET /api/monitor/violations/analytics/?range=24h HTTP/1.1" 200 481
INFO 2025-08-25 21:03:11,769 views 13068 26944 违规数据分析请求: range=24h, query_all=False
INFO 2025-08-25 21:03:11,778 services 13068 26944 违规数据分析完成: 0条记录, 0次违规
INFO 2025-08-25 21:03:11,778 views 13068 26944 违规数据分析完成: 0条记录
INFO 2025-08-25 21:03:11,780 basehttp 13068 26944 "GET /api/monitor/violations/analytics/?range=24h HTTP/1.1" 200 481
INFO 2025-08-25 21:55:14,653 views 13068 30524 违规数据分析请求: range=24h, query_all=False
INFO 2025-08-25 21:55:14,659 services 13068 30524 违规数据分析完成: 0条记录, 0次违规
INFO 2025-08-25 21:55:14,660 views 13068 30524 违规数据分析完成: 0条记录
INFO 2025-08-25 21:55:14,661 basehttp 13068 30524 "GET /api/monitor/violations/analytics/?range=24h HTTP/1.1" 200 481
INFO 2025-08-26 00:33:38,443 views 13068 32484 违规数据分析请求: range=24h, query_all=False
INFO 2025-08-26 00:33:38,451 services 13068 32484 违规数据分析完成: 0条记录, 0次违规
INFO 2025-08-26 00:33:38,453 views 13068 32484 违规数据分析完成: 0条记录
INFO 2025-08-26 00:33:38,454 basehttp 13068 32484 "GET /api/monitor/violations/analytics/?range=24h HTTP/1.1" 200 481
INFO 2025-08-26 00:34:37,290 views 13068 16804 违规数据分析请求: range=24h, query_all=False
INFO 2025-08-26 00:34:37,295 services 13068 16804 违规数据分析完成: 0条记录, 0次违规
INFO 2025-08-26 00:34:37,295 views 13068 16804 违规数据分析完成: 0条记录
INFO 2025-08-26 00:34:37,296 basehttp 13068 16804 "GET /api/monitor/violations/analytics/?range=24h HTTP/1.1" 200 481
INFO 2025-08-26 00:35:38,281 views 13068 33496 违规数据分析请求: range=24h, query_all=False
INFO 2025-08-26 00:35:38,287 services 13068 33496 违规数据分析完成: 0条记录, 0次违规
INFO 2025-08-26 00:35:38,288 views 13068 33496 违规数据分析完成: 0条记录
INFO 2025-08-26 00:35:38,288 basehttp 13068 33496 "GET /api/monitor/violations/analytics/?range=24h HTTP/1.1" 200 481
INFO 2025-08-26 00:36:39,284 views 13068 30908 违规数据分析请求: range=24h, query_all=False
INFO 2025-08-26 00:36:39,291 services 13068 30908 违规数据分析完成: 0条记录, 0次违规
INFO 2025-08-26 00:36:39,292 views 13068 30908 违规数据分析完成: 0条记录
INFO 2025-08-26 00:36:39,293 basehttp 13068 30908 "GET /api/monitor/violations/analytics/?range=24h HTTP/1.1" 200 481
INFO 2025-08-26 00:37:40,273 views 13068 9764 违规数据分析请求: range=24h, query_all=False
INFO 2025-08-26 00:37:40,278 services 13068 9764 违规数据分析完成: 0条记录, 0次违规
INFO 2025-08-26 00:37:40,280 views 13068 9764 违规数据分析完成: 0条记录
INFO 2025-08-26 00:37:40,281 basehttp 13068 9764 "GET /api/monitor/violations/analytics/?range=24h HTTP/1.1" 200 481
INFO 2025-08-26 00:38:41,275 views 13068 31696 违规数据分析请求: range=24h, query_all=False
INFO 2025-08-26 00:38:41,282 services 13068 31696 违规数据分析完成: 0条记录, 0次违规
INFO 2025-08-26 00:38:41,282 views 13068 31696 违规数据分析完成: 0条记录
INFO 2025-08-26 00:38:41,283 basehttp 13068 31696 "GET /api/monitor/violations/analytics/?range=24h HTTP/1.1" 200 481
INFO 2025-08-26 00:39:42,287 views 13068 28952 违规数据分析请求: range=24h, query_all=False
INFO 2025-08-26 00:39:42,293 services 13068 28952 违规数据分析完成: 0条记录, 0次违规
INFO 2025-08-26 00:39:42,297 views 13068 28952 违规数据分析完成: 0条记录
INFO 2025-08-26 00:39:42,298 basehttp 13068 28952 "GET /api/monitor/violations/analytics/?range=24h HTTP/1.1" 200 481
INFO 2025-08-26 00:40:43,280 views 13068 7816 违规数据分析请求: range=24h, query_all=False
INFO 2025-08-26 00:40:43,285 services 13068 7816 违规数据分析完成: 0条记录, 0次违规
INFO 2025-08-26 00:40:43,285 views 13068 7816 违规数据分析完成: 0条记录
INFO 2025-08-26 00:40:43,286 basehttp 13068 7816 "GET /api/monitor/violations/analytics/?range=24h HTTP/1.1" 200 481
INFO 2025-08-26 00:41:44,274 views 13068 21096 违规数据分析请求: range=24h, query_all=False
INFO 2025-08-26 00:41:44,281 services 13068 21096 违规数据分析完成: 0条记录, 0次违规
INFO 2025-08-26 00:41:44,281 views 13068 21096 违规数据分析完成: 0条记录
INFO 2025-08-26 00:41:44,283 basehttp 13068 21096 "GET /api/monitor/violations/analytics/?range=24h HTTP/1.1" 200 481
INFO 2025-08-26 00:42:45,278 views 13068 27580 违规数据分析请求: range=24h, query_all=False
INFO 2025-08-26 00:42:45,283 services 13068 27580 违规数据分析完成: 0条记录, 0次违规
INFO 2025-08-26 00:42:45,284 views 13068 27580 违规数据分析完成: 0条记录
INFO 2025-08-26 00:42:45,286 basehttp 13068 27580 "GET /api/monitor/violations/analytics/?range=24h HTTP/1.1" 200 481
INFO 2025-08-26 00:43:46,286 views 13068 33660 违规数据分析请求: range=24h, query_all=False
INFO 2025-08-26 00:43:46,291 services 13068 33660 违规数据分析完成: 0条记录, 0次违规
INFO 2025-08-26 00:43:46,291 views 13068 33660 违规数据分析完成: 0条记录
INFO 2025-08-26 00:43:46,293 basehttp 13068 33660 "GET /api/monitor/violations/analytics/?range=24h HTTP/1.1" 200 481
INFO 2025-08-26 00:44:47,288 views 13068 27716 违规数据分析请求: range=24h, query_all=False
INFO 2025-08-26 00:44:47,295 services 13068 27716 违规数据分析完成: 0条记录, 0次违规
INFO 2025-08-26 00:44:47,296 views 13068 27716 违规数据分析完成: 0条记录
INFO 2025-08-26 00:44:47,297 basehttp 13068 27716 "GET /api/monitor/violations/analytics/?range=24h HTTP/1.1" 200 481
INFO 2025-08-26 00:45:48,285 views 13068 28136 违规数据分析请求: range=24h, query_all=False
INFO 2025-08-26 00:45:48,292 services 13068 28136 违规数据分析完成: 0条记录, 0次违规
INFO 2025-08-26 00:45:48,293 views 13068 28136 违规数据分析完成: 0条记录
INFO 2025-08-26 00:45:48,294 basehttp 13068 28136 "GET /api/monitor/violations/analytics/?range=24h HTTP/1.1" 200 481
INFO 2025-08-26 00:46:49,286 views 13068 27308 违规数据分析请求: range=24h, query_all=False
INFO 2025-08-26 00:46:49,291 services 13068 27308 违规数据分析完成: 0条记录, 0次违规
INFO 2025-08-26 00:46:49,291 views 13068 27308 违规数据分析完成: 0条记录
INFO 2025-08-26 00:46:49,292 basehttp 13068 27308 "GET /api/monitor/violations/analytics/?range=24h HTTP/1.1" 200 481
INFO 2025-08-26 00:47:50,280 views 13068 27812 违规数据分析请求: range=24h, query_all=False
INFO 2025-08-26 00:47:50,286 services 13068 27812 违规数据分析完成: 0条记录, 0次违规
INFO 2025-08-26 00:47:50,286 views 13068 27812 违规数据分析完成: 0条记录
INFO 2025-08-26 00:47:50,286 basehttp 13068 27812 "GET /api/monitor/violations/analytics/?range=24h HTTP/1.1" 200 481
INFO 2025-08-26 00:48:51,282 views 13068 31332 违规数据分析请求: range=24h, query_all=False
INFO 2025-08-26 00:48:51,288 services 13068 31332 违规数据分析完成: 0条记录, 0次违规
INFO 2025-08-26 00:48:51,289 views 13068 31332 违规数据分析完成: 0条记录
INFO 2025-08-26 00:48:51,289 basehttp 13068 31332 "GET /api/monitor/violations/analytics/?range=24h HTTP/1.1" 200 481
INFO 2025-08-26 00:49:52,277 views 13068 30136 违规数据分析请求: range=24h, query_all=False
INFO 2025-08-26 00:49:52,283 services 13068 30136 违规数据分析完成: 0条记录, 0次违规
INFO 2025-08-26 00:49:52,284 views 13068 30136 违规数据分析完成: 0条记录
INFO 2025-08-26 00:49:52,285 basehttp 13068 30136 "GET /api/monitor/violations/analytics/?range=24h HTTP/1.1" 200 481
INFO 2025-08-26 00:50:53,280 views 13068 32484 违规数据分析请求: range=24h, query_all=False
INFO 2025-08-26 00:50:53,287 services 13068 32484 违规数据分析完成: 0条记录, 0次违规
INFO 2025-08-26 00:50:53,288 views 13068 32484 违规数据分析完成: 0条记录
INFO 2025-08-26 00:50:53,288 basehttp 13068 32484 "GET /api/monitor/violations/analytics/?range=24h HTTP/1.1" 200 481
INFO 2025-08-26 00:51:54,279 views 13068 16972 违规数据分析请求: range=24h, query_all=False
INFO 2025-08-26 00:51:54,285 services 13068 16972 违规数据分析完成: 0条记录, 0次违规
INFO 2025-08-26 00:51:54,285 views 13068 16972 违规数据分析完成: 0条记录
INFO 2025-08-26 00:51:54,286 basehttp 13068 16972 "GET /api/monitor/violations/analytics/?range=24h HTTP/1.1" 200 481
INFO 2025-08-26 00:52:55,273 views 13068 21308 违规数据分析请求: range=24h, query_all=False
INFO 2025-08-26 00:52:55,278 services 13068 21308 违规数据分析完成: 0条记录, 0次违规
INFO 2025-08-26 00:52:55,279 views 13068 21308 违规数据分析完成: 0条记录
INFO 2025-08-26 00:52:55,279 basehttp 13068 21308 "GET /api/monitor/violations/analytics/?range=24h HTTP/1.1" 200 481
INFO 2025-08-26 00:53:56,273 views 13068 33248 违规数据分析请求: range=24h, query_all=False
INFO 2025-08-26 00:53:56,278 services 13068 33248 违规数据分析完成: 0条记录, 0次违规
INFO 2025-08-26 00:53:56,278 views 13068 33248 违规数据分析完成: 0条记录
INFO 2025-08-26 00:53:56,279 basehttp 13068 33248 "GET /api/monitor/violations/analytics/?range=24h HTTP/1.1" 200 481
INFO 2025-08-26 00:54:57,277 views 13068 7244 违规数据分析请求: range=24h, query_all=False
INFO 2025-08-26 00:54:57,282 services 13068 7244 违规数据分析完成: 0条记录, 0次违规
INFO 2025-08-26 00:54:57,283 views 13068 7244 违规数据分析完成: 0条记录
INFO 2025-08-26 00:54:57,283 basehttp 13068 7244 "GET /api/monitor/violations/analytics/?range=24h HTTP/1.1" 200 481
INFO 2025-08-26 00:55:58,286 views 13068 23820 违规数据分析请求: range=24h, query_all=False
INFO 2025-08-26 00:55:58,295 services 13068 23820 违规数据分析完成: 0条记录, 0次违规
INFO 2025-08-26 00:55:58,295 views 13068 23820 违规数据分析完成: 0条记录
INFO 2025-08-26 00:55:58,297 basehttp 13068 23820 "GET /api/monitor/violations/analytics/?range=24h HTTP/1.1" 200 481
INFO 2025-08-26 00:56:59,288 views 13068 10924 违规数据分析请求: range=24h, query_all=False
INFO 2025-08-26 00:56:59,294 services 13068 10924 违规数据分析完成: 0条记录, 0次违规
INFO 2025-08-26 00:56:59,295 views 13068 10924 违规数据分析完成: 0条记录
INFO 2025-08-26 00:56:59,295 basehttp 13068 10924 "GET /api/monitor/violations/analytics/?range=24h HTTP/1.1" 200 481
INFO 2025-08-26 00:58:00,279 views 13068 26264 违规数据分析请求: range=24h, query_all=False
INFO 2025-08-26 00:58:00,285 services 13068 26264 违规数据分析完成: 0条记录, 0次违规
INFO 2025-08-26 00:58:00,285 views 13068 26264 违规数据分析完成: 0条记录
INFO 2025-08-26 00:58:00,287 basehttp 13068 26264 "GET /api/monitor/violations/analytics/?range=24h HTTP/1.1" 200 481
INFO 2025-08-26 00:59:01,288 views 13068 31344 违规数据分析请求: range=24h, query_all=False
INFO 2025-08-26 00:59:01,294 services 13068 31344 违规数据分析完成: 0条记录, 0次违规
INFO 2025-08-26 00:59:01,295 views 13068 31344 违规数据分析完成: 0条记录
INFO 2025-08-26 00:59:01,295 basehttp 13068 31344 "GET /api/monitor/violations/analytics/?range=24h HTTP/1.1" 200 481
INFO 2025-08-26 01:00:02,282 views 13068 17468 违规数据分析请求: range=24h, query_all=False
INFO 2025-08-26 01:00:02,288 services 13068 17468 违规数据分析完成: 0条记录, 0次违规
INFO 2025-08-26 01:00:02,288 views 13068 17468 违规数据分析完成: 0条记录
INFO 2025-08-26 01:00:02,289 basehttp 13068 17468 "GET /api/monitor/violations/analytics/?range=24h HTTP/1.1" 200 481
INFO 2025-08-26 01:01:03,287 views 13068 32044 违规数据分析请求: range=24h, query_all=False
INFO 2025-08-26 01:01:03,294 services 13068 32044 违规数据分析完成: 0条记录, 0次违规
INFO 2025-08-26 01:01:03,295 views 13068 32044 违规数据分析完成: 0条记录
INFO 2025-08-26 01:01:03,296 basehttp 13068 32044 "GET /api/monitor/violations/analytics/?range=24h HTTP/1.1" 200 481
INFO 2025-08-26 01:02:03,274 views 13068 4544 违规数据分析请求: range=24h, query_all=False
INFO 2025-08-26 01:02:03,279 services 13068 4544 违规数据分析完成: 0条记录, 0次违规
INFO 2025-08-26 01:02:03,279 views 13068 4544 违规数据分析完成: 0条记录
INFO 2025-08-26 01:02:03,280 basehttp 13068 4544 "GET /api/monitor/violations/analytics/?range=24h HTTP/1.1" 200 481
INFO 2025-08-26 01:03:03,287 views 13068 23696 违规数据分析请求: range=24h, query_all=False
INFO 2025-08-26 01:03:03,291 services 13068 23696 违规数据分析完成: 0条记录, 0次违规
INFO 2025-08-26 01:03:03,292 views 13068 23696 违规数据分析完成: 0条记录
INFO 2025-08-26 01:03:03,292 basehttp 13068 23696 "GET /api/monitor/violations/analytics/?range=24h HTTP/1.1" 200 481
INFO 2025-08-26 01:04:03,282 views 13068 14172 违规数据分析请求: range=24h, query_all=False
INFO 2025-08-26 01:04:03,288 services 13068 14172 违规数据分析完成: 0条记录, 0次违规
INFO 2025-08-26 01:04:03,288 views 13068 14172 违规数据分析完成: 0条记录
INFO 2025-08-26 01:04:03,289 basehttp 13068 14172 "GET /api/monitor/violations/analytics/?range=24h HTTP/1.1" 200 481
INFO 2025-08-26 01:05:03,277 views 13068 5456 违规数据分析请求: range=24h, query_all=False
INFO 2025-08-26 01:05:03,283 services 13068 5456 违规数据分析完成: 0条记录, 0次违规
INFO 2025-08-26 01:05:03,284 views 13068 5456 违规数据分析完成: 0条记录
INFO 2025-08-26 01:05:03,285 basehttp 13068 5456 "GET /api/monitor/violations/analytics/?range=24h HTTP/1.1" 200 481
INFO 2025-08-26 01:06:03,278 views 13068 25752 违规数据分析请求: range=24h, query_all=False
INFO 2025-08-26 01:06:03,285 services 13068 25752 违规数据分析完成: 0条记录, 0次违规
INFO 2025-08-26 01:06:03,285 views 13068 25752 违规数据分析完成: 0条记录
INFO 2025-08-26 01:06:03,286 basehttp 13068 25752 "GET /api/monitor/violations/analytics/?range=24h HTTP/1.1" 200 481
INFO 2025-08-26 01:07:03,285 views 13068 13840 违规数据分析请求: range=24h, query_all=False
INFO 2025-08-26 01:07:03,293 services 13068 13840 违规数据分析完成: 0条记录, 0次违规
INFO 2025-08-26 01:07:03,293 views 13068 13840 违规数据分析完成: 0条记录
INFO 2025-08-26 01:07:03,294 basehttp 13068 13840 "GET /api/monitor/violations/analytics/?range=24h HTTP/1.1" 200 481
INFO 2025-08-26 01:08:03,285 views 13068 20772 违规数据分析请求: range=24h, query_all=False
INFO 2025-08-26 01:08:03,291 services 13068 20772 违规数据分析完成: 0条记录, 0次违规
INFO 2025-08-26 01:08:03,291 views 13068 20772 违规数据分析完成: 0条记录
INFO 2025-08-26 01:08:03,292 basehttp 13068 20772 "GET /api/monitor/violations/analytics/?range=24h HTTP/1.1" 200 481
INFO 2025-08-26 01:09:03,280 views 13068 25876 违规数据分析请求: range=24h, query_all=False
INFO 2025-08-26 01:09:03,288 services 13068 25876 违规数据分析完成: 0条记录, 0次违规
INFO 2025-08-26 01:09:03,288 views 13068 25876 违规数据分析完成: 0条记录
INFO 2025-08-26 01:09:03,289 basehttp 13068 25876 "GET /api/monitor/violations/analytics/?range=24h HTTP/1.1" 200 481
INFO 2025-08-26 01:10:03,280 views 13068 26344 违规数据分析请求: range=24h, query_all=False
INFO 2025-08-26 01:10:03,287 services 13068 26344 违规数据分析完成: 0条记录, 0次违规
INFO 2025-08-26 01:10:03,287 views 13068 26344 违规数据分析完成: 0条记录
INFO 2025-08-26 01:10:03,288 basehttp 13068 26344 "GET /api/monitor/violations/analytics/?range=24h HTTP/1.1" 200 481
INFO 2025-08-26 01:11:03,280 views 13068 18024 违规数据分析请求: range=24h, query_all=False
INFO 2025-08-26 01:11:03,288 services 13068 18024 违规数据分析完成: 0条记录, 0次违规
INFO 2025-08-26 01:11:03,288 views 13068 18024 违规数据分析完成: 0条记录
INFO 2025-08-26 01:11:03,290 basehttp 13068 18024 "GET /api/monitor/violations/analytics/?range=24h HTTP/1.1" 200 481
INFO 2025-08-26 01:12:03,280 views 13068 4092 违规数据分析请求: range=24h, query_all=False
INFO 2025-08-26 01:12:03,286 services 13068 4092 违规数据分析完成: 0条记录, 0次违规
INFO 2025-08-26 01:12:03,286 views 13068 4092 违规数据分析完成: 0条记录
INFO 2025-08-26 01:12:03,288 basehttp 13068 4092 "GET /api/monitor/violations/analytics/?range=24h HTTP/1.1" 200 481
INFO 2025-08-26 01:13:03,286 views 13068 31216 违规数据分析请求: range=24h, query_all=False
INFO 2025-08-26 01:13:03,293 services 13068 31216 违规数据分析完成: 0条记录, 0次违规
INFO 2025-08-26 01:13:03,293 views 13068 31216 违规数据分析完成: 0条记录
INFO 2025-08-26 01:13:03,295 basehttp 13068 31216 "GET /api/monitor/violations/analytics/?range=24h HTTP/1.1" 200 481
INFO 2025-08-26 01:14:03,291 views 13068 12700 违规数据分析请求: range=24h, query_all=False
INFO 2025-08-26 01:14:03,298 services 13068 12700 违规数据分析完成: 0条记录, 0次违规
INFO 2025-08-26 01:14:03,299 views 13068 12700 违规数据分析完成: 0条记录
INFO 2025-08-26 01:14:03,300 basehttp 13068 12700 "GET /api/monitor/violations/analytics/?range=24h HTTP/1.1" 200 481
INFO 2025-08-26 01:15:03,281 views 13068 26916 违规数据分析请求: range=24h, query_all=False
INFO 2025-08-26 01:15:03,288 services 13068 26916 违规数据分析完成: 0条记录, 0次违规
INFO 2025-08-26 01:15:03,288 views 13068 26916 违规数据分析完成: 0条记录
INFO 2025-08-26 01:15:03,289 basehttp 13068 26916 "GET /api/monitor/violations/analytics/?range=24h HTTP/1.1" 200 481
INFO 2025-08-26 01:16:03,289 views 13068 7748 违规数据分析请求: range=24h, query_all=False
INFO 2025-08-26 01:16:03,296 services 13068 7748 违规数据分析完成: 0条记录, 0次违规
INFO 2025-08-26 01:16:03,299 views 13068 7748 违规数据分析完成: 0条记录
INFO 2025-08-26 01:16:03,301 basehttp 13068 7748 "GET /api/monitor/violations/analytics/?range=24h HTTP/1.1" 200 481
INFO 2025-08-26 01:17:03,287 views 13068 16204 违规数据分析请求: range=24h, query_all=False
INFO 2025-08-26 01:17:03,294 services 13068 16204 违规数据分析完成: 0条记录, 0次违规
INFO 2025-08-26 01:17:03,294 views 13068 16204 违规数据分析完成: 0条记录
INFO 2025-08-26 01:17:03,295 basehttp 13068 16204 "GET /api/monitor/violations/analytics/?range=24h HTTP/1.1" 200 481
INFO 2025-08-26 01:18:03,282 views 13068 7304 违规数据分析请求: range=24h, query_all=False
INFO 2025-08-26 01:18:03,290 services 13068 7304 违规数据分析完成: 0条记录, 0次违规
INFO 2025-08-26 01:18:03,290 views 13068 7304 违规数据分析完成: 0条记录
INFO 2025-08-26 01:18:03,292 basehttp 13068 7304 "GET /api/monitor/violations/analytics/?range=24h HTTP/1.1" 200 481
INFO 2025-08-26 01:19:03,284 views 13068 7008 违规数据分析请求: range=24h, query_all=False
INFO 2025-08-26 01:19:03,290 services 13068 7008 违规数据分析完成: 0条记录, 0次违规
INFO 2025-08-26 01:19:03,291 views 13068 7008 违规数据分析完成: 0条记录
INFO 2025-08-26 01:19:03,293 basehttp 13068 7008 "GET /api/monitor/violations/analytics/?range=24h HTTP/1.1" 200 481
INFO 2025-08-26 01:20:03,284 views 13068 24384 违规数据分析请求: range=24h, query_all=False
INFO 2025-08-26 01:20:03,289 services 13068 24384 违规数据分析完成: 0条记录, 0次违规
INFO 2025-08-26 01:20:03,290 views 13068 24384 违规数据分析完成: 0条记录
INFO 2025-08-26 01:20:03,291 basehttp 13068 24384 "GET /api/monitor/violations/analytics/?range=24h HTTP/1.1" 200 481
INFO 2025-08-26 01:21:03,282 views 13068 23100 违规数据分析请求: range=24h, query_all=False
INFO 2025-08-26 01:21:03,289 services 13068 23100 违规数据分析完成: 0条记录, 0次违规
INFO 2025-08-26 01:21:03,289 views 13068 23100 违规数据分析完成: 0条记录
INFO 2025-08-26 01:21:03,290 basehttp 13068 23100 "GET /api/monitor/violations/analytics/?range=24h HTTP/1.1" 200 481
INFO 2025-08-26 01:22:03,282 views 13068 3712 违规数据分析请求: range=24h, query_all=False
INFO 2025-08-26 01:22:03,289 services 13068 3712 违规数据分析完成: 0条记录, 0次违规
INFO 2025-08-26 01:22:03,289 views 13068 3712 违规数据分析完成: 0条记录
INFO 2025-08-26 01:22:03,291 basehttp 13068 3712 "GET /api/monitor/violations/analytics/?range=24h HTTP/1.1" 200 481
INFO 2025-08-26 01:23:03,285 views 13068 32260 违规数据分析请求: range=24h, query_all=False
INFO 2025-08-26 01:23:03,291 services 13068 32260 违规数据分析完成: 0条记录, 0次违规
INFO 2025-08-26 01:23:03,291 views 13068 32260 违规数据分析完成: 0条记录
INFO 2025-08-26 01:23:03,293 basehttp 13068 32260 "GET /api/monitor/violations/analytics/?range=24h HTTP/1.1" 200 481
INFO 2025-08-26 01:24:03,283 views 13068 31688 违规数据分析请求: range=24h, query_all=False
INFO 2025-08-26 01:24:03,288 services 13068 31688 违规数据分析完成: 0条记录, 0次违规
INFO 2025-08-26 01:24:03,288 views 13068 31688 违规数据分析完成: 0条记录
INFO 2025-08-26 01:24:03,290 basehttp 13068 31688 "GET /api/monitor/violations/analytics/?range=24h HTTP/1.1" 200 481
INFO 2025-08-26 01:25:03,278 views 13068 23236 违规数据分析请求: range=24h, query_all=False
INFO 2025-08-26 01:25:03,285 services 13068 23236 违规数据分析完成: 0条记录, 0次违规
INFO 2025-08-26 01:25:03,285 views 13068 23236 违规数据分析完成: 0条记录
INFO 2025-08-26 01:25:03,287 basehttp 13068 23236 "GET /api/monitor/violations/analytics/?range=24h HTTP/1.1" 200 481
INFO 2025-08-26 01:26:03,287 views 13068 27028 违规数据分析请求: range=24h, query_all=False
INFO 2025-08-26 01:26:03,294 services 13068 27028 违规数据分析完成: 0条记录, 0次违规
INFO 2025-08-26 01:26:03,294 views 13068 27028 违规数据分析完成: 0条记录
INFO 2025-08-26 01:26:03,295 basehttp 13068 27028 "GET /api/monitor/violations/analytics/?range=24h HTTP/1.1" 200 481
INFO 2025-08-26 01:27:03,288 views 13068 32224 违规数据分析请求: range=24h, query_all=False
INFO 2025-08-26 01:27:03,294 services 13068 32224 违规数据分析完成: 0条记录, 0次违规
INFO 2025-08-26 01:27:03,294 views 13068 32224 违规数据分析完成: 0条记录
INFO 2025-08-26 01:27:03,295 basehttp 13068 32224 "GET /api/monitor/violations/analytics/?range=24h HTTP/1.1" 200 481
INFO 2025-08-26 01:28:03,273 views 13068 25628 违规数据分析请求: range=24h, query_all=False
INFO 2025-08-26 01:28:03,279 services 13068 25628 违规数据分析完成: 0条记录, 0次违规
INFO 2025-08-26 01:28:03,280 views 13068 25628 违规数据分析完成: 0条记录
INFO 2025-08-26 01:28:03,281 basehttp 13068 25628 "GET /api/monitor/violations/analytics/?range=24h HTTP/1.1" 200 481
INFO 2025-08-26 01:29:03,285 views 13068 15048 违规数据分析请求: range=24h, query_all=False
INFO 2025-08-26 01:29:03,291 services 13068 15048 违规数据分析完成: 0条记录, 0次违规
INFO 2025-08-26 01:29:03,292 views 13068 15048 违规数据分析完成: 0条记录
INFO 2025-08-26 01:29:03,293 basehttp 13068 15048 "GET /api/monitor/violations/analytics/?range=24h HTTP/1.1" 200 481
INFO 2025-08-26 01:30:03,290 views 13068 32264 违规数据分析请求: range=24h, query_all=False
INFO 2025-08-26 01:30:03,295 services 13068 32264 违规数据分析完成: 0条记录, 0次违规
INFO 2025-08-26 01:30:03,295 views 13068 32264 违规数据分析完成: 0条记录
INFO 2025-08-26 01:30:03,296 basehttp 13068 32264 "GET /api/monitor/violations/analytics/?range=24h HTTP/1.1" 200 481
INFO 2025-08-26 01:31:03,276 views 13068 14608 违规数据分析请求: range=24h, query_all=False
INFO 2025-08-26 01:31:03,284 services 13068 14608 违规数据分析完成: 0条记录, 0次违规
INFO 2025-08-26 01:31:03,285 views 13068 14608 违规数据分析完成: 0条记录
INFO 2025-08-26 01:31:03,285 basehttp 13068 14608 "GET /api/monitor/violations/analytics/?range=24h HTTP/1.1" 200 481
INFO 2025-08-26 01:32:03,284 views 13068 30200 违规数据分析请求: range=24h, query_all=False
INFO 2025-08-26 01:32:03,289 services 13068 30200 违规数据分析完成: 0条记录, 0次违规
INFO 2025-08-26 01:32:03,290 views 13068 30200 违规数据分析完成: 0条记录
INFO 2025-08-26 01:32:03,291 basehttp 13068 30200 "GET /api/monitor/violations/analytics/?range=24h HTTP/1.1" 200 481
INFO 2025-08-26 01:33:03,287 views 13068 29624 违规数据分析请求: range=24h, query_all=False
INFO 2025-08-26 01:33:03,294 services 13068 29624 违规数据分析完成: 0条记录, 0次违规
INFO 2025-08-26 01:33:03,295 views 13068 29624 违规数据分析完成: 0条记录
INFO 2025-08-26 01:33:03,296 basehttp 13068 29624 "GET /api/monitor/violations/analytics/?range=24h HTTP/1.1" 200 481
INFO 2025-08-26 01:34:03,285 views 13068 27160 违规数据分析请求: range=24h, query_all=False
INFO 2025-08-26 01:34:03,290 services 13068 27160 违规数据分析完成: 0条记录, 0次违规
INFO 2025-08-26 01:34:03,290 views 13068 27160 违规数据分析完成: 0条记录
INFO 2025-08-26 01:34:03,292 basehttp 13068 27160 "GET /api/monitor/violations/analytics/?range=24h HTTP/1.1" 200 481
INFO 2025-08-26 01:35:03,292 views 13068 22856 违规数据分析请求: range=24h, query_all=False
INFO 2025-08-26 01:35:03,298 services 13068 22856 违规数据分析完成: 0条记录, 0次违规
INFO 2025-08-26 01:35:03,298 views 13068 22856 违规数据分析完成: 0条记录
INFO 2025-08-26 01:35:03,299 basehttp 13068 22856 "GET /api/monitor/violations/analytics/?range=24h HTTP/1.1" 200 481
INFO 2025-08-26 01:36:03,275 views 13068 29424 违规数据分析请求: range=24h, query_all=False
INFO 2025-08-26 01:36:03,280 services 13068 29424 违规数据分析完成: 0条记录, 0次违规
INFO 2025-08-26 01:36:03,281 views 13068 29424 违规数据分析完成: 0条记录
INFO 2025-08-26 01:36:03,282 basehttp 13068 29424 "GET /api/monitor/violations/analytics/?range=24h HTTP/1.1" 200 481
INFO 2025-08-26 01:37:03,289 views 13068 30664 违规数据分析请求: range=24h, query_all=False
INFO 2025-08-26 01:37:03,296 services 13068 30664 违规数据分析完成: 0条记录, 0次违规
INFO 2025-08-26 01:37:03,297 views 13068 30664 违规数据分析完成: 0条记录
INFO 2025-08-26 01:37:03,298 basehttp 13068 30664 "GET /api/monitor/violations/analytics/?range=24h HTTP/1.1" 200 481
INFO 2025-08-26 01:38:03,286 views 13068 31096 违规数据分析请求: range=24h, query_all=False
INFO 2025-08-26 01:38:03,292 services 13068 31096 违规数据分析完成: 0条记录, 0次违规
INFO 2025-08-26 01:38:03,293 views 13068 31096 违规数据分析完成: 0条记录
INFO 2025-08-26 01:38:03,293 basehttp 13068 31096 "GET /api/monitor/violations/analytics/?range=24h HTTP/1.1" 200 481
INFO 2025-08-26 01:39:03,279 views 13068 31924 违规数据分析请求: range=24h, query_all=False
INFO 2025-08-26 01:39:03,283 services 13068 31924 违规数据分析完成: 0条记录, 0次违规
INFO 2025-08-26 01:39:03,283 views 13068 31924 违规数据分析完成: 0条记录
INFO 2025-08-26 01:39:03,284 basehttp 13068 31924 "GET /api/monitor/violations/analytics/?range=24h HTTP/1.1" 200 481
INFO 2025-08-26 01:40:03,284 views 13068 11584 违规数据分析请求: range=24h, query_all=False
INFO 2025-08-26 01:40:03,292 services 13068 11584 违规数据分析完成: 0条记录, 0次违规
INFO 2025-08-26 01:40:03,292 views 13068 11584 违规数据分析完成: 0条记录
INFO 2025-08-26 01:40:03,293 basehttp 13068 11584 "GET /api/monitor/violations/analytics/?range=24h HTTP/1.1" 200 481
INFO 2025-08-26 01:41:03,279 views 13068 7404 违规数据分析请求: range=24h, query_all=False
INFO 2025-08-26 01:41:03,286 services 13068 7404 违规数据分析完成: 0条记录, 0次违规
INFO 2025-08-26 01:41:03,286 views 13068 7404 违规数据分析完成: 0条记录
INFO 2025-08-26 01:41:03,287 basehttp 13068 7404 "GET /api/monitor/violations/analytics/?range=24h HTTP/1.1" 200 481
INFO 2025-08-26 01:42:03,274 views 13068 26748 违规数据分析请求: range=24h, query_all=False
INFO 2025-08-26 01:42:03,282 services 13068 26748 违规数据分析完成: 0条记录, 0次违规
INFO 2025-08-26 01:42:03,283 views 13068 26748 违规数据分析完成: 0条记录
INFO 2025-08-26 01:42:03,284 basehttp 13068 26748 "GET /api/monitor/violations/analytics/?range=24h HTTP/1.1" 200 481
INFO 2025-08-26 01:43:03,289 views 13068 19276 违规数据分析请求: range=24h, query_all=False
INFO 2025-08-26 01:43:03,295 services 13068 19276 违规数据分析完成: 0条记录, 0次违规
INFO 2025-08-26 01:43:03,295 views 13068 19276 违规数据分析完成: 0条记录
INFO 2025-08-26 01:43:03,297 basehttp 13068 19276 "GET /api/monitor/violations/analytics/?range=24h HTTP/1.1" 200 481
INFO 2025-08-26 01:44:03,288 views 13068 8236 违规数据分析请求: range=24h, query_all=False
INFO 2025-08-26 01:44:03,294 services 13068 8236 违规数据分析完成: 0条记录, 0次违规
INFO 2025-08-26 01:44:03,295 views 13068 8236 违规数据分析完成: 0条记录
INFO 2025-08-26 01:44:03,297 basehttp 13068 8236 "GET /api/monitor/violations/analytics/?range=24h HTTP/1.1" 200 481
INFO 2025-08-26 01:45:03,285 views 13068 31404 违规数据分析请求: range=24h, query_all=False
INFO 2025-08-26 01:45:03,291 services 13068 31404 违规数据分析完成: 0条记录, 0次违规
INFO 2025-08-26 01:45:03,291 views 13068 31404 违规数据分析完成: 0条记录
INFO 2025-08-26 01:45:03,293 basehttp 13068 31404 "GET /api/monitor/violations/analytics/?range=24h HTTP/1.1" 200 481
INFO 2025-08-26 01:46:03,282 views 13068 16100 违规数据分析请求: range=24h, query_all=False
INFO 2025-08-26 01:46:03,289 services 13068 16100 违规数据分析完成: 0条记录, 0次违规
INFO 2025-08-26 01:46:03,290 views 13068 16100 违规数据分析完成: 0条记录
INFO 2025-08-26 01:46:03,291 basehttp 13068 16100 "GET /api/monitor/violations/analytics/?range=24h HTTP/1.1" 200 481
INFO 2025-08-26 01:47:03,276 views 13068 31568 违规数据分析请求: range=24h, query_all=False
INFO 2025-08-26 01:47:03,283 services 13068 31568 违规数据分析完成: 0条记录, 0次违规
INFO 2025-08-26 01:47:03,284 views 13068 31568 违规数据分析完成: 0条记录
INFO 2025-08-26 01:47:03,284 basehttp 13068 31568 "GET /api/monitor/violations/analytics/?range=24h HTTP/1.1" 200 481
INFO 2025-08-26 01:48:03,285 views 13068 30356 违规数据分析请求: range=24h, query_all=False
INFO 2025-08-26 01:48:03,291 services 13068 30356 违规数据分析完成: 0条记录, 0次违规
INFO 2025-08-26 01:48:03,292 views 13068 30356 违规数据分析完成: 0条记录
INFO 2025-08-26 01:48:03,293 basehttp 13068 30356 "GET /api/monitor/violations/analytics/?range=24h HTTP/1.1" 200 481
INFO 2025-08-26 01:49:03,286 views 13068 5704 违规数据分析请求: range=24h, query_all=False
INFO 2025-08-26 01:49:03,293 services 13068 5704 违规数据分析完成: 0条记录, 0次违规
INFO 2025-08-26 01:49:03,293 views 13068 5704 违规数据分析完成: 0条记录
INFO 2025-08-26 01:49:03,294 basehttp 13068 5704 "GET /api/monitor/violations/analytics/?range=24h HTTP/1.1" 200 481
INFO 2025-08-26 01:50:03,276 views 13068 18808 违规数据分析请求: range=24h, query_all=False
INFO 2025-08-26 01:50:03,282 services 13068 18808 违规数据分析完成: 0条记录, 0次违规
INFO 2025-08-26 01:50:03,283 views 13068 18808 违规数据分析完成: 0条记录
INFO 2025-08-26 01:50:03,284 basehttp 13068 18808 "GET /api/monitor/violations/analytics/?range=24h HTTP/1.1" 200 481
INFO 2025-08-26 01:51:03,277 views 13068 20712 违规数据分析请求: range=24h, query_all=False
INFO 2025-08-26 01:51:03,285 services 13068 20712 违规数据分析完成: 0条记录, 0次违规
INFO 2025-08-26 01:51:03,285 views 13068 20712 违规数据分析完成: 0条记录
INFO 2025-08-26 01:51:03,286 basehttp 13068 20712 "GET /api/monitor/violations/analytics/?range=24h HTTP/1.1" 200 481
INFO 2025-08-26 01:52:03,278 views 13068 27596 违规数据分析请求: range=24h, query_all=False
INFO 2025-08-26 01:52:03,287 services 13068 27596 违规数据分析完成: 0条记录, 0次违规
INFO 2025-08-26 01:52:03,288 views 13068 27596 违规数据分析完成: 0条记录
INFO 2025-08-26 01:52:03,289 basehttp 13068 27596 "GET /api/monitor/violations/analytics/?range=24h HTTP/1.1" 200 481
INFO 2025-08-26 01:53:03,283 views 13068 9672 违规数据分析请求: range=24h, query_all=False
INFO 2025-08-26 01:53:03,290 services 13068 9672 违规数据分析完成: 0条记录, 0次违规
INFO 2025-08-26 01:53:03,291 views 13068 9672 违规数据分析完成: 0条记录
INFO 2025-08-26 01:53:03,293 basehttp 13068 9672 "GET /api/monitor/violations/analytics/?range=24h HTTP/1.1" 200 481
INFO 2025-08-26 01:54:03,283 views 13068 32996 违规数据分析请求: range=24h, query_all=False
INFO 2025-08-26 01:54:03,291 services 13068 32996 违规数据分析完成: 0条记录, 0次违规
INFO 2025-08-26 01:54:03,291 views 13068 32996 违规数据分析完成: 0条记录
INFO 2025-08-26 01:54:03,292 basehttp 13068 32996 "GET /api/monitor/violations/analytics/?range=24h HTTP/1.1" 200 481
INFO 2025-08-26 01:55:03,280 views 13068 33632 违规数据分析请求: range=24h, query_all=False
INFO 2025-08-26 01:55:03,287 services 13068 33632 违规数据分析完成: 0条记录, 0次违规
INFO 2025-08-26 01:55:03,287 views 13068 33632 违规数据分析完成: 0条记录
INFO 2025-08-26 01:55:03,288 basehttp 13068 33632 "GET /api/monitor/violations/analytics/?range=24h HTTP/1.1" 200 481
INFO 2025-08-26 01:56:03,291 views 13068 33716 违规数据分析请求: range=24h, query_all=False
INFO 2025-08-26 01:56:03,298 services 13068 33716 违规数据分析完成: 0条记录, 0次违规
INFO 2025-08-26 01:56:03,298 views 13068 33716 违规数据分析完成: 0条记录
INFO 2025-08-26 01:56:03,299 basehttp 13068 33716 "GET /api/monitor/violations/analytics/?range=24h HTTP/1.1" 200 481
INFO 2025-08-26 01:57:03,278 views 13068 7784 违规数据分析请求: range=24h, query_all=False
INFO 2025-08-26 01:57:03,284 services 13068 7784 违规数据分析完成: 0条记录, 0次违规
INFO 2025-08-26 01:57:03,285 views 13068 7784 违规数据分析完成: 0条记录
INFO 2025-08-26 01:57:03,286 basehttp 13068 7784 "GET /api/monitor/violations/analytics/?range=24h HTTP/1.1" 200 481
INFO 2025-08-26 01:58:03,281 views 13068 27296 违规数据分析请求: range=24h, query_all=False
INFO 2025-08-26 01:58:03,289 services 13068 27296 违规数据分析完成: 0条记录, 0次违规
INFO 2025-08-26 01:58:03,289 views 13068 27296 违规数据分析完成: 0条记录
INFO 2025-08-26 01:58:03,291 basehttp 13068 27296 "GET /api/monitor/violations/analytics/?range=24h HTTP/1.1" 200 481
INFO 2025-08-26 01:59:03,280 views 13068 2556 违规数据分析请求: range=24h, query_all=False
INFO 2025-08-26 01:59:03,285 services 13068 2556 违规数据分析完成: 0条记录, 0次违规
INFO 2025-08-26 01:59:03,286 views 13068 2556 违规数据分析完成: 0条记录
INFO 2025-08-26 01:59:03,292 basehttp 13068 2556 "GET /api/monitor/violations/analytics/?range=24h HTTP/1.1" 200 481
INFO 2025-08-26 02:00:03,282 views 13068 23456 违规数据分析请求: range=24h, query_all=False
INFO 2025-08-26 02:00:03,288 services 13068 23456 违规数据分析完成: 0条记录, 0次违规
INFO 2025-08-26 02:00:03,288 views 13068 23456 违规数据分析完成: 0条记录
INFO 2025-08-26 02:00:03,290 basehttp 13068 23456 "GET /api/monitor/violations/analytics/?range=24h HTTP/1.1" 200 481
INFO 2025-08-26 02:01:03,278 views 13068 30796 违规数据分析请求: range=24h, query_all=False
INFO 2025-08-26 02:01:03,284 services 13068 30796 违规数据分析完成: 0条记录, 0次违规
INFO 2025-08-26 02:01:03,284 views 13068 30796 违规数据分析完成: 0条记录
INFO 2025-08-26 02:01:03,286 basehttp 13068 30796 "GET /api/monitor/violations/analytics/?range=24h HTTP/1.1" 200 481
INFO 2025-08-26 02:02:03,286 views 13068 20148 违规数据分析请求: range=24h, query_all=False
INFO 2025-08-26 02:02:03,294 services 13068 20148 违规数据分析完成: 0条记录, 0次违规
INFO 2025-08-26 02:02:03,295 views 13068 20148 违规数据分析完成: 0条记录
INFO 2025-08-26 02:02:03,297 basehttp 13068 20148 "GET /api/monitor/violations/analytics/?range=24h HTTP/1.1" 200 481
INFO 2025-08-26 02:03:03,286 views 13068 19672 违规数据分析请求: range=24h, query_all=False
INFO 2025-08-26 02:03:03,293 services 13068 19672 违规数据分析完成: 0条记录, 0次违规
INFO 2025-08-26 02:03:03,294 views 13068 19672 违规数据分析完成: 0条记录
INFO 2025-08-26 02:03:03,295 basehttp 13068 19672 "GET /api/monitor/violations/analytics/?range=24h HTTP/1.1" 200 481
INFO 2025-08-26 02:04:03,278 views 13068 7784 违规数据分析请求: range=24h, query_all=False
INFO 2025-08-26 02:04:03,286 services 13068 7784 违规数据分析完成: 0条记录, 0次违规
INFO 2025-08-26 02:04:03,287 views 13068 7784 违规数据分析完成: 0条记录
INFO 2025-08-26 02:04:03,290 basehttp 13068 7784 "GET /api/monitor/violations/analytics/?range=24h HTTP/1.1" 200 481
INFO 2025-08-26 02:05:03,279 views 13068 25764 违规数据分析请求: range=24h, query_all=False
INFO 2025-08-26 02:05:03,285 services 13068 25764 违规数据分析完成: 0条记录, 0次违规
INFO 2025-08-26 02:05:03,285 views 13068 25764 违规数据分析完成: 0条记录
INFO 2025-08-26 02:05:03,287 basehttp 13068 25764 "GET /api/monitor/violations/analytics/?range=24h HTTP/1.1" 200 481
INFO 2025-08-26 02:06:03,284 views 13068 22952 违规数据分析请求: range=24h, query_all=False
INFO 2025-08-26 02:06:03,290 services 13068 22952 违规数据分析完成: 0条记录, 0次违规
INFO 2025-08-26 02:06:03,290 views 13068 22952 违规数据分析完成: 0条记录
INFO 2025-08-26 02:06:03,291 basehttp 13068 22952 "GET /api/monitor/violations/analytics/?range=24h HTTP/1.1" 200 481
INFO 2025-08-26 02:07:03,278 views 13068 30500 违规数据分析请求: range=24h, query_all=False
INFO 2025-08-26 02:07:03,283 services 13068 30500 违规数据分析完成: 0条记录, 0次违规
INFO 2025-08-26 02:07:03,284 views 13068 30500 违规数据分析完成: 0条记录
INFO 2025-08-26 02:07:03,284 basehttp 13068 30500 "GET /api/monitor/violations/analytics/?range=24h HTTP/1.1" 200 481
INFO 2025-08-26 02:08:03,283 views 13068 24612 违规数据分析请求: range=24h, query_all=False
INFO 2025-08-26 02:08:03,289 services 13068 24612 违规数据分析完成: 0条记录, 0次违规
INFO 2025-08-26 02:08:03,289 views 13068 24612 违规数据分析完成: 0条记录
INFO 2025-08-26 02:08:03,290 basehttp 13068 24612 "GET /api/monitor/violations/analytics/?range=24h HTTP/1.1" 200 481
INFO 2025-08-26 02:09:03,280 views 13068 9276 违规数据分析请求: range=24h, query_all=False
INFO 2025-08-26 02:09:03,286 services 13068 9276 违规数据分析完成: 0条记录, 0次违规
INFO 2025-08-26 02:09:03,289 views 13068 9276 违规数据分析完成: 0条记录
INFO 2025-08-26 02:09:03,290 basehttp 13068 9276 "GET /api/monitor/violations/analytics/?range=24h HTTP/1.1" 200 481
INFO 2025-08-26 02:10:03,283 views 13068 30824 违规数据分析请求: range=24h, query_all=False
INFO 2025-08-26 02:10:03,289 services 13068 30824 违规数据分析完成: 0条记录, 0次违规
INFO 2025-08-26 02:10:03,291 views 13068 30824 违规数据分析完成: 0条记录
INFO 2025-08-26 02:10:03,292 basehttp 13068 30824 "GET /api/monitor/violations/analytics/?range=24h HTTP/1.1" 200 481
INFO 2025-08-26 02:11:03,273 views 13068 25392 违规数据分析请求: range=24h, query_all=False
INFO 2025-08-26 02:11:03,282 services 13068 25392 违规数据分析完成: 0条记录, 0次违规
INFO 2025-08-26 02:11:03,283 views 13068 25392 违规数据分析完成: 0条记录
INFO 2025-08-26 02:11:03,284 basehttp 13068 25392 "GET /api/monitor/violations/analytics/?range=24h HTTP/1.1" 200 481
INFO 2025-08-26 02:12:03,287 views 13068 26748 违规数据分析请求: range=24h, query_all=False
INFO 2025-08-26 02:12:03,293 services 13068 26748 违规数据分析完成: 0条记录, 0次违规
INFO 2025-08-26 02:12:03,293 views 13068 26748 违规数据分析完成: 0条记录
INFO 2025-08-26 02:12:03,294 basehttp 13068 26748 "GET /api/monitor/violations/analytics/?range=24h HTTP/1.1" 200 481
INFO 2025-08-26 02:13:03,277 views 13068 25796 违规数据分析请求: range=24h, query_all=False
INFO 2025-08-26 02:13:03,285 services 13068 25796 违规数据分析完成: 0条记录, 0次违规
INFO 2025-08-26 02:13:03,285 views 13068 25796 违规数据分析完成: 0条记录
INFO 2025-08-26 02:13:03,286 basehttp 13068 25796 "GET /api/monitor/violations/analytics/?range=24h HTTP/1.1" 200 481
INFO 2025-08-26 02:14:03,291 views 13068 16688 违规数据分析请求: range=24h, query_all=False
INFO 2025-08-26 02:14:03,298 services 13068 16688 违规数据分析完成: 0条记录, 0次违规
INFO 2025-08-26 02:14:03,299 views 13068 16688 违规数据分析完成: 0条记录
INFO 2025-08-26 02:14:03,300 basehttp 13068 16688 "GET /api/monitor/violations/analytics/?range=24h HTTP/1.1" 200 481
INFO 2025-08-26 02:15:03,280 views 13068 33016 违规数据分析请求: range=24h, query_all=False
INFO 2025-08-26 02:15:03,287 services 13068 33016 违规数据分析完成: 0条记录, 0次违规
INFO 2025-08-26 02:15:03,288 views 13068 33016 违规数据分析完成: 0条记录
INFO 2025-08-26 02:15:03,289 basehttp 13068 33016 "GET /api/monitor/violations/analytics/?range=24h HTTP/1.1" 200 481
INFO 2025-08-26 02:16:03,277 views 13068 27084 违规数据分析请求: range=24h, query_all=False
INFO 2025-08-26 02:16:03,283 services 13068 27084 违规数据分析完成: 0条记录, 0次违规
INFO 2025-08-26 02:16:03,283 views 13068 27084 违规数据分析完成: 0条记录
INFO 2025-08-26 02:16:03,284 basehttp 13068 27084 "GET /api/monitor/violations/analytics/?range=24h HTTP/1.1" 200 481
INFO 2025-08-26 02:17:03,294 views 13068 9768 违规数据分析请求: range=24h, query_all=False
INFO 2025-08-26 02:17:03,302 services 13068 9768 违规数据分析完成: 0条记录, 0次违规
INFO 2025-08-26 02:17:03,303 views 13068 9768 违规数据分析完成: 0条记录
INFO 2025-08-26 02:17:03,304 basehttp 13068 9768 "GET /api/monitor/violations/analytics/?range=24h HTTP/1.1" 200 481
INFO 2025-08-26 02:18:03,281 views 13068 27032 违规数据分析请求: range=24h, query_all=False
INFO 2025-08-26 02:18:03,288 services 13068 27032 违规数据分析完成: 0条记录, 0次违规
INFO 2025-08-26 02:18:03,288 views 13068 27032 违规数据分析完成: 0条记录
INFO 2025-08-26 02:18:03,290 basehttp 13068 27032 "GET /api/monitor/violations/analytics/?range=24h HTTP/1.1" 200 481
INFO 2025-08-26 02:19:03,281 views 13068 32368 违规数据分析请求: range=24h, query_all=False
INFO 2025-08-26 02:19:03,288 services 13068 32368 违规数据分析完成: 0条记录, 0次违规
INFO 2025-08-26 02:19:03,288 views 13068 32368 违规数据分析完成: 0条记录
INFO 2025-08-26 02:19:03,289 basehttp 13068 32368 "GET /api/monitor/violations/analytics/?range=24h HTTP/1.1" 200 481
INFO 2025-08-26 02:20:03,280 views 13068 22032 违规数据分析请求: range=24h, query_all=False
INFO 2025-08-26 02:20:03,288 services 13068 22032 违规数据分析完成: 0条记录, 0次违规
INFO 2025-08-26 02:20:03,288 views 13068 22032 违规数据分析完成: 0条记录
INFO 2025-08-26 02:20:03,290 basehttp 13068 22032 "GET /api/monitor/violations/analytics/?range=24h HTTP/1.1" 200 481
INFO 2025-08-26 02:21:03,279 views 13068 7956 违规数据分析请求: range=24h, query_all=False
INFO 2025-08-26 02:21:03,286 services 13068 7956 违规数据分析完成: 0条记录, 0次违规
INFO 2025-08-26 02:21:03,286 views 13068 7956 违规数据分析完成: 0条记录
INFO 2025-08-26 02:21:03,287 basehttp 13068 7956 "GET /api/monitor/violations/analytics/?range=24h HTTP/1.1" 200 481
INFO 2025-08-26 02:22:03,273 views 13068 29964 违规数据分析请求: range=24h, query_all=False
INFO 2025-08-26 02:22:03,279 services 13068 29964 违规数据分析完成: 0条记录, 0次违规
INFO 2025-08-26 02:22:03,280 views 13068 29964 违规数据分析完成: 0条记录
INFO 2025-08-26 02:22:03,281 basehttp 13068 29964 "GET /api/monitor/violations/analytics/?range=24h HTTP/1.1" 200 481
INFO 2025-08-26 02:23:03,287 views 13068 5896 违规数据分析请求: range=24h, query_all=False
INFO 2025-08-26 02:23:03,293 services 13068 5896 违规数据分析完成: 0条记录, 0次违规
INFO 2025-08-26 02:23:03,293 views 13068 5896 违规数据分析完成: 0条记录
INFO 2025-08-26 02:23:03,294 basehttp 13068 5896 "GET /api/monitor/violations/analytics/?range=24h HTTP/1.1" 200 481
INFO 2025-08-26 02:24:03,285 views 13068 2592 违规数据分析请求: range=24h, query_all=False
INFO 2025-08-26 02:24:03,290 services 13068 2592 违规数据分析完成: 0条记录, 0次违规
INFO 2025-08-26 02:24:03,290 views 13068 2592 违规数据分析完成: 0条记录
INFO 2025-08-26 02:24:03,291 basehttp 13068 2592 "GET /api/monitor/violations/analytics/?range=24h HTTP/1.1" 200 481
INFO 2025-08-26 02:25:03,282 views 13068 13844 违规数据分析请求: range=24h, query_all=False
INFO 2025-08-26 02:25:03,290 services 13068 13844 违规数据分析完成: 0条记录, 0次违规
INFO 2025-08-26 02:25:03,290 views 13068 13844 违规数据分析完成: 0条记录
INFO 2025-08-26 02:25:03,291 basehttp 13068 13844 "GET /api/monitor/violations/analytics/?range=24h HTTP/1.1" 200 481
INFO 2025-08-26 02:26:03,282 views 13068 32784 违规数据分析请求: range=24h, query_all=False
INFO 2025-08-26 02:26:03,288 services 13068 32784 违规数据分析完成: 0条记录, 0次违规
INFO 2025-08-26 02:26:03,289 views 13068 32784 违规数据分析完成: 0条记录
INFO 2025-08-26 02:26:03,290 basehttp 13068 32784 "GET /api/monitor/violations/analytics/?range=24h HTTP/1.1" 200 481
INFO 2025-08-26 02:27:03,291 views 13068 20672 违规数据分析请求: range=24h, query_all=False
INFO 2025-08-26 02:27:03,298 services 13068 20672 违规数据分析完成: 0条记录, 0次违规
INFO 2025-08-26 02:27:03,299 views 13068 20672 违规数据分析完成: 0条记录
INFO 2025-08-26 02:27:03,300 basehttp 13068 20672 "GET /api/monitor/violations/analytics/?range=24h HTTP/1.1" 200 481
INFO 2025-08-26 02:28:03,289 views 13068 33356 违规数据分析请求: range=24h, query_all=False
INFO 2025-08-26 02:28:03,297 services 13068 33356 违规数据分析完成: 0条记录, 0次违规
INFO 2025-08-26 02:28:03,297 views 13068 33356 违规数据分析完成: 0条记录
INFO 2025-08-26 02:28:03,298 basehttp 13068 33356 "GET /api/monitor/violations/analytics/?range=24h HTTP/1.1" 200 481
INFO 2025-08-26 02:29:03,287 views 13068 8568 违规数据分析请求: range=24h, query_all=False
INFO 2025-08-26 02:29:03,295 services 13068 8568 违规数据分析完成: 0条记录, 0次违规
INFO 2025-08-26 02:29:03,295 views 13068 8568 违规数据分析完成: 0条记录
INFO 2025-08-26 02:29:03,297 basehttp 13068 8568 "GET /api/monitor/violations/analytics/?range=24h HTTP/1.1" 200 481
INFO 2025-08-26 02:30:03,274 views 13068 20004 违规数据分析请求: range=24h, query_all=False
INFO 2025-08-26 02:30:03,281 services 13068 20004 违规数据分析完成: 0条记录, 0次违规
INFO 2025-08-26 02:30:03,282 views 13068 20004 违规数据分析完成: 0条记录
INFO 2025-08-26 02:30:03,283 basehttp 13068 20004 "GET /api/monitor/violations/analytics/?range=24h HTTP/1.1" 200 481
INFO 2025-08-26 02:31:03,281 views 13068 27688 违规数据分析请求: range=24h, query_all=False
INFO 2025-08-26 02:31:03,288 services 13068 27688 违规数据分析完成: 0条记录, 0次违规
INFO 2025-08-26 02:31:03,288 views 13068 27688 违规数据分析完成: 0条记录
INFO 2025-08-26 02:31:03,289 basehttp 13068 27688 "GET /api/monitor/violations/analytics/?range=24h HTTP/1.1" 200 481
INFO 2025-08-26 02:32:03,276 views 13068 2732 违规数据分析请求: range=24h, query_all=False
INFO 2025-08-26 02:32:03,282 services 13068 2732 违规数据分析完成: 0条记录, 0次违规
INFO 2025-08-26 02:32:03,283 views 13068 2732 违规数据分析完成: 0条记录
INFO 2025-08-26 02:32:03,284 basehttp 13068 2732 "GET /api/monitor/violations/analytics/?range=24h HTTP/1.1" 200 481
INFO 2025-08-26 02:33:03,288 views 13068 33164 违规数据分析请求: range=24h, query_all=False
INFO 2025-08-26 02:33:03,294 services 13068 33164 违规数据分析完成: 0条记录, 0次违规
INFO 2025-08-26 02:33:03,294 views 13068 33164 违规数据分析完成: 0条记录
INFO 2025-08-26 02:33:03,295 basehttp 13068 33164 "GET /api/monitor/violations/analytics/?range=24h HTTP/1.1" 200 481
INFO 2025-08-26 02:34:03,288 views 13068 29952 违规数据分析请求: range=24h, query_all=False
INFO 2025-08-26 02:34:03,294 services 13068 29952 违规数据分析完成: 0条记录, 0次违规
INFO 2025-08-26 02:34:03,294 views 13068 29952 违规数据分析完成: 0条记录
INFO 2025-08-26 02:34:03,295 basehttp 13068 29952 "GET /api/monitor/violations/analytics/?range=24h HTTP/1.1" 200 481
INFO 2025-08-26 02:35:03,278 views 13068 9400 违规数据分析请求: range=24h, query_all=False
INFO 2025-08-26 02:35:03,286 services 13068 9400 违规数据分析完成: 0条记录, 0次违规
INFO 2025-08-26 02:35:03,286 views 13068 9400 违规数据分析完成: 0条记录
INFO 2025-08-26 02:35:03,287 basehttp 13068 9400 "GET /api/monitor/violations/analytics/?range=24h HTTP/1.1" 200 481
INFO 2025-08-26 02:36:03,282 views 13068 18008 违规数据分析请求: range=24h, query_all=False
INFO 2025-08-26 02:36:03,286 services 13068 18008 违规数据分析完成: 0条记录, 0次违规
INFO 2025-08-26 02:36:03,287 views 13068 18008 违规数据分析完成: 0条记录
INFO 2025-08-26 02:36:03,289 basehttp 13068 18008 "GET /api/monitor/violations/analytics/?range=24h HTTP/1.1" 200 481
INFO 2025-08-26 02:37:03,275 views 13068 25592 违规数据分析请求: range=24h, query_all=False
INFO 2025-08-26 02:37:03,282 services 13068 25592 违规数据分析完成: 0条记录, 0次违规
INFO 2025-08-26 02:37:03,283 views 13068 25592 违规数据分析完成: 0条记录
INFO 2025-08-26 02:37:03,284 basehttp 13068 25592 "GET /api/monitor/violations/analytics/?range=24h HTTP/1.1" 200 481
INFO 2025-08-26 02:38:03,284 views 13068 19952 违规数据分析请求: range=24h, query_all=False
INFO 2025-08-26 02:38:03,291 services 13068 19952 违规数据分析完成: 0条记录, 0次违规
INFO 2025-08-26 02:38:03,292 views 13068 19952 违规数据分析完成: 0条记录
INFO 2025-08-26 02:38:03,293 basehttp 13068 19952 "GET /api/monitor/violations/analytics/?range=24h HTTP/1.1" 200 481
INFO 2025-08-26 02:39:03,284 views 13068 17756 违规数据分析请求: range=24h, query_all=False
INFO 2025-08-26 02:39:03,290 services 13068 17756 违规数据分析完成: 0条记录, 0次违规
INFO 2025-08-26 02:39:03,290 views 13068 17756 违规数据分析完成: 0条记录
INFO 2025-08-26 02:39:03,291 basehttp 13068 17756 "GET /api/monitor/violations/analytics/?range=24h HTTP/1.1" 200 481
INFO 2025-08-26 02:40:03,289 views 13068 26480 违规数据分析请求: range=24h, query_all=False
INFO 2025-08-26 02:40:03,295 services 13068 26480 违规数据分析完成: 0条记录, 0次违规
INFO 2025-08-26 02:40:03,295 views 13068 26480 违规数据分析完成: 0条记录
INFO 2025-08-26 02:40:03,296 basehttp 13068 26480 "GET /api/monitor/violations/analytics/?range=24h HTTP/1.1" 200 481
INFO 2025-08-26 02:41:03,279 views 13068 4216 违规数据分析请求: range=24h, query_all=False
INFO 2025-08-26 02:41:03,285 services 13068 4216 违规数据分析完成: 0条记录, 0次违规
INFO 2025-08-26 02:41:03,285 views 13068 4216 违规数据分析完成: 0条记录
INFO 2025-08-26 02:41:03,286 basehttp 13068 4216 "GET /api/monitor/violations/analytics/?range=24h HTTP/1.1" 200 481
INFO 2025-08-26 02:42:03,287 views 13068 31180 违规数据分析请求: range=24h, query_all=False
INFO 2025-08-26 02:42:03,294 services 13068 31180 违规数据分析完成: 0条记录, 0次违规
INFO 2025-08-26 02:42:03,294 views 13068 31180 违规数据分析完成: 0条记录
INFO 2025-08-26 02:42:03,295 basehttp 13068 31180 "GET /api/monitor/violations/analytics/?range=24h HTTP/1.1" 200 481
INFO 2025-08-26 02:43:03,286 views 13068 30728 违规数据分析请求: range=24h, query_all=False
INFO 2025-08-26 02:43:03,293 services 13068 30728 违规数据分析完成: 0条记录, 0次违规
INFO 2025-08-26 02:43:03,293 views 13068 30728 违规数据分析完成: 0条记录
INFO 2025-08-26 02:43:03,294 basehttp 13068 30728 "GET /api/monitor/violations/analytics/?range=24h HTTP/1.1" 200 481
INFO 2025-08-26 02:44:03,278 views 13068 15452 违规数据分析请求: range=24h, query_all=False
INFO 2025-08-26 02:44:03,287 services 13068 15452 违规数据分析完成: 0条记录, 0次违规
INFO 2025-08-26 02:44:03,287 views 13068 15452 违规数据分析完成: 0条记录
INFO 2025-08-26 02:44:03,288 basehttp 13068 15452 "GET /api/monitor/violations/analytics/?range=24h HTTP/1.1" 200 481
INFO 2025-08-26 02:45:03,279 views 13068 31828 违规数据分析请求: range=24h, query_all=False
INFO 2025-08-26 02:45:03,286 services 13068 31828 违规数据分析完成: 0条记录, 0次违规
INFO 2025-08-26 02:45:03,286 views 13068 31828 违规数据分析完成: 0条记录
INFO 2025-08-26 02:45:03,287 basehttp 13068 31828 "GET /api/monitor/violations/analytics/?range=24h HTTP/1.1" 200 481
INFO 2025-08-26 02:46:03,286 views 13068 8608 违规数据分析请求: range=24h, query_all=False
INFO 2025-08-26 02:46:03,292 services 13068 8608 违规数据分析完成: 0条记录, 0次违规
INFO 2025-08-26 02:46:03,293 views 13068 8608 违规数据分析完成: 0条记录
INFO 2025-08-26 02:46:03,294 basehttp 13068 8608 "GET /api/monitor/violations/analytics/?range=24h HTTP/1.1" 200 481
INFO 2025-08-26 02:47:03,289 views 13068 23944 违规数据分析请求: range=24h, query_all=False
INFO 2025-08-26 02:47:03,294 services 13068 23944 违规数据分析完成: 0条记录, 0次违规
INFO 2025-08-26 02:47:03,295 views 13068 23944 违规数据分析完成: 0条记录
INFO 2025-08-26 02:47:03,296 basehttp 13068 23944 "GET /api/monitor/violations/analytics/?range=24h HTTP/1.1" 200 481
INFO 2025-08-26 02:48:03,289 views 13068 19992 违规数据分析请求: range=24h, query_all=False
INFO 2025-08-26 02:48:03,296 services 13068 19992 违规数据分析完成: 0条记录, 0次违规
INFO 2025-08-26 02:48:03,296 views 13068 19992 违规数据分析完成: 0条记录
INFO 2025-08-26 02:48:03,297 basehttp 13068 19992 "GET /api/monitor/violations/analytics/?range=24h HTTP/1.1" 200 481
INFO 2025-08-26 02:49:03,283 views 13068 14668 违规数据分析请求: range=24h, query_all=False
INFO 2025-08-26 02:49:03,288 services 13068 14668 违规数据分析完成: 0条记录, 0次违规
INFO 2025-08-26 02:49:03,289 views 13068 14668 违规数据分析完成: 0条记录
INFO 2025-08-26 02:49:03,291 basehttp 13068 14668 "GET /api/monitor/violations/analytics/?range=24h HTTP/1.1" 200 481
INFO 2025-08-26 02:50:03,275 views 13068 33184 违规数据分析请求: range=24h, query_all=False
INFO 2025-08-26 02:50:03,281 services 13068 33184 违规数据分析完成: 0条记录, 0次违规
INFO 2025-08-26 02:50:03,282 views 13068 33184 违规数据分析完成: 0条记录
INFO 2025-08-26 02:50:03,283 basehttp 13068 33184 "GET /api/monitor/violations/analytics/?range=24h HTTP/1.1" 200 481
INFO 2025-08-26 02:51:03,278 views 13068 20732 违规数据分析请求: range=24h, query_all=False
INFO 2025-08-26 02:51:03,284 services 13068 20732 违规数据分析完成: 0条记录, 0次违规
INFO 2025-08-26 02:51:03,284 views 13068 20732 违规数据分析完成: 0条记录
INFO 2025-08-26 02:51:03,285 basehttp 13068 20732 "GET /api/monitor/violations/analytics/?range=24h HTTP/1.1" 200 481
INFO 2025-08-26 02:52:03,288 views 13068 27880 违规数据分析请求: range=24h, query_all=False
INFO 2025-08-26 02:52:03,293 services 13068 27880 违规数据分析完成: 0条记录, 0次违规
INFO 2025-08-26 02:52:03,294 views 13068 27880 违规数据分析完成: 0条记录
INFO 2025-08-26 02:52:03,295 basehttp 13068 27880 "GET /api/monitor/violations/analytics/?range=24h HTTP/1.1" 200 481
INFO 2025-08-26 02:53:03,278 views 13068 31904 违规数据分析请求: range=24h, query_all=False
INFO 2025-08-26 02:53:03,284 services 13068 31904 违规数据分析完成: 0条记录, 0次违规
INFO 2025-08-26 02:53:03,284 views 13068 31904 违规数据分析完成: 0条记录
INFO 2025-08-26 02:53:03,285 basehttp 13068 31904 "GET /api/monitor/violations/analytics/?range=24h HTTP/1.1" 200 481
INFO 2025-08-26 02:54:03,282 views 13068 20864 违规数据分析请求: range=24h, query_all=False
INFO 2025-08-26 02:54:03,287 services 13068 20864 违规数据分析完成: 0条记录, 0次违规
INFO 2025-08-26 02:54:03,288 views 13068 20864 违规数据分析完成: 0条记录
INFO 2025-08-26 02:54:03,289 basehttp 13068 20864 "GET /api/monitor/violations/analytics/?range=24h HTTP/1.1" 200 481
INFO 2025-08-26 02:55:03,288 views 13068 3900 违规数据分析请求: range=24h, query_all=False
INFO 2025-08-26 02:55:03,295 services 13068 3900 违规数据分析完成: 0条记录, 0次违规
INFO 2025-08-26 02:55:03,296 views 13068 3900 违规数据分析完成: 0条记录
INFO 2025-08-26 02:55:03,297 basehttp 13068 3900 "GET /api/monitor/violations/analytics/?range=24h HTTP/1.1" 200 481
INFO 2025-08-26 02:56:03,284 views 13068 29088 违规数据分析请求: range=24h, query_all=False
INFO 2025-08-26 02:56:03,291 services 13068 29088 违规数据分析完成: 0条记录, 0次违规
INFO 2025-08-26 02:56:03,291 views 13068 29088 违规数据分析完成: 0条记录
INFO 2025-08-26 02:56:03,293 basehttp 13068 29088 "GET /api/monitor/violations/analytics/?range=24h HTTP/1.1" 200 481
INFO 2025-08-26 02:57:03,282 views 13068 30664 违规数据分析请求: range=24h, query_all=False
INFO 2025-08-26 02:57:03,289 services 13068 30664 违规数据分析完成: 0条记录, 0次违规
INFO 2025-08-26 02:57:03,289 views 13068 30664 违规数据分析完成: 0条记录
INFO 2025-08-26 02:57:03,292 basehttp 13068 30664 "GET /api/monitor/violations/analytics/?range=24h HTTP/1.1" 200 481
INFO 2025-08-26 02:58:03,280 views 13068 21100 违规数据分析请求: range=24h, query_all=False
INFO 2025-08-26 02:58:03,287 services 13068 21100 违规数据分析完成: 0条记录, 0次违规
INFO 2025-08-26 02:58:03,288 views 13068 21100 违规数据分析完成: 0条记录
INFO 2025-08-26 02:58:03,289 basehttp 13068 21100 "GET /api/monitor/violations/analytics/?range=24h HTTP/1.1" 200 481
INFO 2025-08-26 02:59:03,285 views 13068 31096 违规数据分析请求: range=24h, query_all=False
INFO 2025-08-26 02:59:03,292 services 13068 31096 违规数据分析完成: 0条记录, 0次违规
INFO 2025-08-26 02:59:03,293 views 13068 31096 违规数据分析完成: 0条记录
INFO 2025-08-26 02:59:03,294 basehttp 13068 31096 "GET /api/monitor/violations/analytics/?range=24h HTTP/1.1" 200 481
INFO 2025-08-26 03:00:03,276 views 13068 21976 违规数据分析请求: range=24h, query_all=False
INFO 2025-08-26 03:00:03,283 services 13068 21976 违规数据分析完成: 0条记录, 0次违规
INFO 2025-08-26 03:00:03,283 views 13068 21976 违规数据分析完成: 0条记录
INFO 2025-08-26 03:00:03,284 basehttp 13068 21976 "GET /api/monitor/violations/analytics/?range=24h HTTP/1.1" 200 481
INFO 2025-08-26 03:01:03,275 views 13068 33744 违规数据分析请求: range=24h, query_all=False
INFO 2025-08-26 03:01:03,281 services 13068 33744 违规数据分析完成: 0条记录, 0次违规
INFO 2025-08-26 03:01:03,281 views 13068 33744 违规数据分析完成: 0条记录
INFO 2025-08-26 03:01:03,282 basehttp 13068 33744 "GET /api/monitor/violations/analytics/?range=24h HTTP/1.1" 200 481
INFO 2025-08-26 03:02:03,279 views 13068 7588 违规数据分析请求: range=24h, query_all=False
INFO 2025-08-26 03:02:03,286 services 13068 7588 违规数据分析完成: 0条记录, 0次违规
INFO 2025-08-26 03:02:03,287 views 13068 7588 违规数据分析完成: 0条记录
INFO 2025-08-26 03:02:03,288 basehttp 13068 7588 "GET /api/monitor/violations/analytics/?range=24h HTTP/1.1" 200 481
INFO 2025-08-26 03:03:03,278 views 13068 28136 违规数据分析请求: range=24h, query_all=False
INFO 2025-08-26 03:03:03,284 services 13068 28136 违规数据分析完成: 0条记录, 0次违规
INFO 2025-08-26 03:03:03,286 views 13068 28136 违规数据分析完成: 0条记录
INFO 2025-08-26 03:03:03,287 basehttp 13068 28136 "GET /api/monitor/violations/analytics/?range=24h HTTP/1.1" 200 481
INFO 2025-08-26 03:04:03,275 views 13068 16636 违规数据分析请求: range=24h, query_all=False
INFO 2025-08-26 03:04:03,280 services 13068 16636 违规数据分析完成: 0条记录, 0次违规
INFO 2025-08-26 03:04:03,280 views 13068 16636 违规数据分析完成: 0条记录
INFO 2025-08-26 03:04:03,282 basehttp 13068 16636 "GET /api/monitor/violations/analytics/?range=24h HTTP/1.1" 200 481
INFO 2025-08-26 03:05:03,276 views 13068 30040 违规数据分析请求: range=24h, query_all=False
INFO 2025-08-26 03:05:03,283 services 13068 30040 违规数据分析完成: 0条记录, 0次违规
INFO 2025-08-26 03:05:03,284 views 13068 30040 违规数据分析完成: 0条记录
INFO 2025-08-26 03:05:03,285 basehttp 13068 30040 "GET /api/monitor/violations/analytics/?range=24h HTTP/1.1" 200 481
INFO 2025-08-26 03:06:03,278 views 13068 22888 违规数据分析请求: range=24h, query_all=False
INFO 2025-08-26 03:06:03,284 services 13068 22888 违规数据分析完成: 0条记录, 0次违规
INFO 2025-08-26 03:06:03,285 views 13068 22888 违规数据分析完成: 0条记录
INFO 2025-08-26 03:06:03,286 basehttp 13068 22888 "GET /api/monitor/violations/analytics/?range=24h HTTP/1.1" 200 481
INFO 2025-08-26 03:07:03,276 views 13068 22848 违规数据分析请求: range=24h, query_all=False
INFO 2025-08-26 03:07:03,282 services 13068 22848 违规数据分析完成: 0条记录, 0次违规
INFO 2025-08-26 03:07:03,282 views 13068 22848 违规数据分析完成: 0条记录
INFO 2025-08-26 03:07:03,283 basehttp 13068 22848 "GET /api/monitor/violations/analytics/?range=24h HTTP/1.1" 200 481
INFO 2025-08-26 03:08:03,282 views 13068 31808 违规数据分析请求: range=24h, query_all=False
INFO 2025-08-26 03:08:03,289 services 13068 31808 违规数据分析完成: 0条记录, 0次违规
INFO 2025-08-26 03:08:03,289 views 13068 31808 违规数据分析完成: 0条记录
INFO 2025-08-26 03:08:03,290 basehttp 13068 31808 "GET /api/monitor/violations/analytics/?range=24h HTTP/1.1" 200 481
INFO 2025-08-26 03:09:03,278 views 13068 10884 违规数据分析请求: range=24h, query_all=False
INFO 2025-08-26 03:09:03,284 services 13068 10884 违规数据分析完成: 0条记录, 0次违规
INFO 2025-08-26 03:09:03,285 views 13068 10884 违规数据分析完成: 0条记录
INFO 2025-08-26 03:09:03,286 basehttp 13068 10884 "GET /api/monitor/violations/analytics/?range=24h HTTP/1.1" 200 481
INFO 2025-08-26 03:10:03,277 views 13068 3244 违规数据分析请求: range=24h, query_all=False
INFO 2025-08-26 03:10:03,282 services 13068 3244 违规数据分析完成: 0条记录, 0次违规
INFO 2025-08-26 03:10:03,283 views 13068 3244 违规数据分析完成: 0条记录
INFO 2025-08-26 03:10:03,283 basehttp 13068 3244 "GET /api/monitor/violations/analytics/?range=24h HTTP/1.1" 200 481
INFO 2025-08-26 03:11:03,280 views 13068 5156 违规数据分析请求: range=24h, query_all=False
INFO 2025-08-26 03:11:03,287 services 13068 5156 违规数据分析完成: 0条记录, 0次违规
INFO 2025-08-26 03:11:03,287 views 13068 5156 违规数据分析完成: 0条记录
INFO 2025-08-26 03:11:03,288 basehttp 13068 5156 "GET /api/monitor/violations/analytics/?range=24h HTTP/1.1" 200 481
INFO 2025-08-26 03:12:03,273 views 13068 32368 违规数据分析请求: range=24h, query_all=False
INFO 2025-08-26 03:12:03,279 services 13068 32368 违规数据分析完成: 0条记录, 0次违规
INFO 2025-08-26 03:12:03,279 views 13068 32368 违规数据分析完成: 0条记录
INFO 2025-08-26 03:12:03,280 basehttp 13068 32368 "GET /api/monitor/violations/analytics/?range=24h HTTP/1.1" 200 481
INFO 2025-08-26 03:13:03,288 views 13068 24028 违规数据分析请求: range=24h, query_all=False
INFO 2025-08-26 03:13:03,294 services 13068 24028 违规数据分析完成: 0条记录, 0次违规
INFO 2025-08-26 03:13:03,295 views 13068 24028 违规数据分析完成: 0条记录
INFO 2025-08-26 03:13:03,296 basehttp 13068 24028 "GET /api/monitor/violations/analytics/?range=24h HTTP/1.1" 200 481
INFO 2025-08-26 03:14:03,286 views 13068 30992 违规数据分析请求: range=24h, query_all=False
INFO 2025-08-26 03:14:03,293 services 13068 30992 违规数据分析完成: 0条记录, 0次违规
INFO 2025-08-26 03:14:03,293 views 13068 30992 违规数据分析完成: 0条记录
INFO 2025-08-26 03:14:03,294 basehttp 13068 30992 "GET /api/monitor/violations/analytics/?range=24h HTTP/1.1" 200 481
INFO 2025-08-26 03:15:03,278 views 13068 27128 违规数据分析请求: range=24h, query_all=False
INFO 2025-08-26 03:15:03,285 services 13068 27128 违规数据分析完成: 0条记录, 0次违规
INFO 2025-08-26 03:15:03,285 views 13068 27128 违规数据分析完成: 0条记录
INFO 2025-08-26 03:15:03,286 basehttp 13068 27128 "GET /api/monitor/violations/analytics/?range=24h HTTP/1.1" 200 481
INFO 2025-08-26 03:16:03,285 views 13068 30964 违规数据分析请求: range=24h, query_all=False
INFO 2025-08-26 03:16:03,292 services 13068 30964 违规数据分析完成: 0条记录, 0次违规
INFO 2025-08-26 03:16:03,292 views 13068 30964 违规数据分析完成: 0条记录
INFO 2025-08-26 03:16:03,293 basehttp 13068 30964 "GET /api/monitor/violations/analytics/?range=24h HTTP/1.1" 200 481
INFO 2025-08-26 03:17:03,275 views 13068 31508 违规数据分析请求: range=24h, query_all=False
INFO 2025-08-26 03:17:03,282 services 13068 31508 违规数据分析完成: 0条记录, 0次违规
INFO 2025-08-26 03:17:03,283 views 13068 31508 违规数据分析完成: 0条记录
INFO 2025-08-26 03:17:03,284 basehttp 13068 31508 "GET /api/monitor/violations/analytics/?range=24h HTTP/1.1" 200 481
INFO 2025-08-26 03:18:03,283 views 13068 11172 违规数据分析请求: range=24h, query_all=False
INFO 2025-08-26 03:18:03,288 services 13068 11172 违规数据分析完成: 0条记录, 0次违规
INFO 2025-08-26 03:18:03,289 views 13068 11172 违规数据分析完成: 0条记录
INFO 2025-08-26 03:18:03,291 basehttp 13068 11172 "GET /api/monitor/violations/analytics/?range=24h HTTP/1.1" 200 481
INFO 2025-08-26 03:19:03,285 views 13068 3728 违规数据分析请求: range=24h, query_all=False
INFO 2025-08-26 03:19:03,291 services 13068 3728 违规数据分析完成: 0条记录, 0次违规
INFO 2025-08-26 03:19:03,292 views 13068 3728 违规数据分析完成: 0条记录
INFO 2025-08-26 03:19:03,293 basehttp 13068 3728 "GET /api/monitor/violations/analytics/?range=24h HTTP/1.1" 200 481
INFO 2025-08-26 03:20:03,274 views 13068 1368 违规数据分析请求: range=24h, query_all=False
INFO 2025-08-26 03:20:03,280 services 13068 1368 违规数据分析完成: 0条记录, 0次违规
INFO 2025-08-26 03:20:03,280 views 13068 1368 违规数据分析完成: 0条记录
INFO 2025-08-26 03:20:03,281 basehttp 13068 1368 "GET /api/monitor/violations/analytics/?range=24h HTTP/1.1" 200 481
INFO 2025-08-26 03:21:03,288 views 13068 33604 违规数据分析请求: range=24h, query_all=False
INFO 2025-08-26 03:21:03,294 services 13068 33604 违规数据分析完成: 0条记录, 0次违规
INFO 2025-08-26 03:21:03,295 views 13068 33604 违规数据分析完成: 0条记录
INFO 2025-08-26 03:21:03,296 basehttp 13068 33604 "GET /api/monitor/violations/analytics/?range=24h HTTP/1.1" 200 481
INFO 2025-08-26 03:22:03,277 views 13068 29812 违规数据分析请求: range=24h, query_all=False
INFO 2025-08-26 03:22:03,285 services 13068 29812 违规数据分析完成: 0条记录, 0次违规
INFO 2025-08-26 03:22:03,285 views 13068 29812 违规数据分析完成: 0条记录
INFO 2025-08-26 03:22:03,286 basehttp 13068 29812 "GET /api/monitor/violations/analytics/?range=24h HTTP/1.1" 200 481
INFO 2025-08-26 03:23:03,279 views 13068 2772 违规数据分析请求: range=24h, query_all=False
INFO 2025-08-26 03:23:03,288 services 13068 2772 违规数据分析完成: 0条记录, 0次违规
INFO 2025-08-26 03:23:03,288 views 13068 2772 违规数据分析完成: 0条记录
INFO 2025-08-26 03:23:03,289 basehttp 13068 2772 "GET /api/monitor/violations/analytics/?range=24h HTTP/1.1" 200 481
INFO 2025-08-26 03:24:03,283 views 13068 2648 违规数据分析请求: range=24h, query_all=False
INFO 2025-08-26 03:24:03,290 services 13068 2648 违规数据分析完成: 0条记录, 0次违规
INFO 2025-08-26 03:24:03,290 views 13068 2648 违规数据分析完成: 0条记录
INFO 2025-08-26 03:24:03,291 basehttp 13068 2648 "GET /api/monitor/violations/analytics/?range=24h HTTP/1.1" 200 481
INFO 2025-08-26 03:25:03,280 views 13068 30012 违规数据分析请求: range=24h, query_all=False
INFO 2025-08-26 03:25:03,286 services 13068 30012 违规数据分析完成: 0条记录, 0次违规
INFO 2025-08-26 03:25:03,287 views 13068 30012 违规数据分析完成: 0条记录
INFO 2025-08-26 03:25:03,288 basehttp 13068 30012 "GET /api/monitor/violations/analytics/?range=24h HTTP/1.1" 200 481
INFO 2025-08-26 03:26:03,285 views 13068 2768 违规数据分析请求: range=24h, query_all=False
INFO 2025-08-26 03:26:03,290 services 13068 2768 违规数据分析完成: 0条记录, 0次违规
INFO 2025-08-26 03:26:03,292 views 13068 2768 违规数据分析完成: 0条记录
INFO 2025-08-26 03:26:03,293 basehttp 13068 2768 "GET /api/monitor/violations/analytics/?range=24h HTTP/1.1" 200 481
INFO 2025-08-26 03:27:03,275 views 13068 31120 违规数据分析请求: range=24h, query_all=False
INFO 2025-08-26 03:27:03,282 services 13068 31120 违规数据分析完成: 0条记录, 0次违规
INFO 2025-08-26 03:27:03,283 views 13068 31120 违规数据分析完成: 0条记录
INFO 2025-08-26 03:27:03,284 basehttp 13068 31120 "GET /api/monitor/violations/analytics/?range=24h HTTP/1.1" 200 481
INFO 2025-08-26 03:28:03,289 views 13068 12892 违规数据分析请求: range=24h, query_all=False
INFO 2025-08-26 03:28:03,296 services 13068 12892 违规数据分析完成: 0条记录, 0次违规
INFO 2025-08-26 03:28:03,296 views 13068 12892 违规数据分析完成: 0条记录
INFO 2025-08-26 03:28:03,297 basehttp 13068 12892 "GET /api/monitor/violations/analytics/?range=24h HTTP/1.1" 200 481
INFO 2025-08-26 03:29:03,285 views 13068 22712 违规数据分析请求: range=24h, query_all=False
INFO 2025-08-26 03:29:03,292 services 13068 22712 违规数据分析完成: 0条记录, 0次违规
INFO 2025-08-26 03:29:03,293 views 13068 22712 违规数据分析完成: 0条记录
INFO 2025-08-26 03:29:03,294 basehttp 13068 22712 "GET /api/monitor/violations/analytics/?range=24h HTTP/1.1" 200 481
INFO 2025-08-26 03:30:03,277 views 13068 25892 违规数据分析请求: range=24h, query_all=False
INFO 2025-08-26 03:30:03,283 services 13068 25892 违规数据分析完成: 0条记录, 0次违规
INFO 2025-08-26 03:30:03,284 views 13068 25892 违规数据分析完成: 0条记录
INFO 2025-08-26 03:30:03,285 basehttp 13068 25892 "GET /api/monitor/violations/analytics/?range=24h HTTP/1.1" 200 481
INFO 2025-08-26 03:31:03,286 views 13068 30356 违规数据分析请求: range=24h, query_all=False
INFO 2025-08-26 03:31:03,290 services 13068 30356 违规数据分析完成: 0条记录, 0次违规
INFO 2025-08-26 03:31:03,291 views 13068 30356 违规数据分析完成: 0条记录
INFO 2025-08-26 03:31:03,293 basehttp 13068 30356 "GET /api/monitor/violations/analytics/?range=24h HTTP/1.1" 200 481
INFO 2025-08-26 03:32:03,281 views 13068 13268 违规数据分析请求: range=24h, query_all=False
INFO 2025-08-26 03:32:03,287 services 13068 13268 违规数据分析完成: 0条记录, 0次违规
INFO 2025-08-26 03:32:03,287 views 13068 13268 违规数据分析完成: 0条记录
INFO 2025-08-26 03:32:03,288 basehttp 13068 13268 "GET /api/monitor/violations/analytics/?range=24h HTTP/1.1" 200 481
INFO 2025-08-26 03:33:03,279 views 13068 18452 违规数据分析请求: range=24h, query_all=False
INFO 2025-08-26 03:33:03,285 services 13068 18452 违规数据分析完成: 0条记录, 0次违规
INFO 2025-08-26 03:33:03,286 views 13068 18452 违规数据分析完成: 0条记录
INFO 2025-08-26 03:33:03,287 basehttp 13068 18452 "GET /api/monitor/violations/analytics/?range=24h HTTP/1.1" 200 481
INFO 2025-08-26 03:34:03,274 views 13068 8712 违规数据分析请求: range=24h, query_all=False
INFO 2025-08-26 03:34:03,280 services 13068 8712 违规数据分析完成: 0条记录, 0次违规
INFO 2025-08-26 03:34:03,280 views 13068 8712 违规数据分析完成: 0条记录
INFO 2025-08-26 03:34:03,281 basehttp 13068 8712 "GET /api/monitor/violations/analytics/?range=24h HTTP/1.1" 200 481
INFO 2025-08-26 03:35:03,277 views 13068 20268 违规数据分析请求: range=24h, query_all=False
INFO 2025-08-26 03:35:03,284 services 13068 20268 违规数据分析完成: 0条记录, 0次违规
INFO 2025-08-26 03:35:03,284 views 13068 20268 违规数据分析完成: 0条记录
INFO 2025-08-26 03:35:03,285 basehttp 13068 20268 "GET /api/monitor/violations/analytics/?range=24h HTTP/1.1" 200 481
INFO 2025-08-26 03:36:03,273 views 13068 12784 违规数据分析请求: range=24h, query_all=False
INFO 2025-08-26 03:36:03,280 services 13068 12784 违规数据分析完成: 0条记录, 0次违规
INFO 2025-08-26 03:36:03,281 views 13068 12784 违规数据分析完成: 0条记录
INFO 2025-08-26 03:36:03,282 basehttp 13068 12784 "GET /api/monitor/violations/analytics/?range=24h HTTP/1.1" 200 481
INFO 2025-08-26 03:37:03,278 views 13068 7404 违规数据分析请求: range=24h, query_all=False
INFO 2025-08-26 03:37:03,285 services 13068 7404 违规数据分析完成: 0条记录, 0次违规
INFO 2025-08-26 03:37:03,286 views 13068 7404 违规数据分析完成: 0条记录
INFO 2025-08-26 03:37:03,287 basehttp 13068 7404 "GET /api/monitor/violations/analytics/?range=24h HTTP/1.1" 200 481
INFO 2025-08-26 03:38:03,285 views 13068 26128 违规数据分析请求: range=24h, query_all=False
INFO 2025-08-26 03:38:03,291 services 13068 26128 违规数据分析完成: 0条记录, 0次违规
INFO 2025-08-26 03:38:03,291 views 13068 26128 违规数据分析完成: 0条记录
INFO 2025-08-26 03:38:03,293 basehttp 13068 26128 "GET /api/monitor/violations/analytics/?range=24h HTTP/1.1" 200 481
INFO 2025-08-26 03:39:03,296 views 13068 7340 违规数据分析请求: range=24h, query_all=False
INFO 2025-08-26 03:39:03,304 services 13068 7340 违规数据分析完成: 0条记录, 0次违规
INFO 2025-08-26 03:39:03,304 views 13068 7340 违规数据分析完成: 0条记录
INFO 2025-08-26 03:39:03,305 basehttp 13068 7340 "GET /api/monitor/violations/analytics/?range=24h HTTP/1.1" 200 481
INFO 2025-08-26 03:40:03,287 views 13068 27516 违规数据分析请求: range=24h, query_all=False
INFO 2025-08-26 03:40:03,294 services 13068 27516 违规数据分析完成: 0条记录, 0次违规
INFO 2025-08-26 03:40:03,294 views 13068 27516 违规数据分析完成: 0条记录
INFO 2025-08-26 03:40:03,295 basehttp 13068 27516 "GET /api/monitor/violations/analytics/?range=24h HTTP/1.1" 200 481
INFO 2025-08-26 03:41:03,275 views 13068 15616 违规数据分析请求: range=24h, query_all=False
INFO 2025-08-26 03:41:03,282 services 13068 15616 违规数据分析完成: 0条记录, 0次违规
INFO 2025-08-26 03:41:03,282 views 13068 15616 违规数据分析完成: 0条记录
INFO 2025-08-26 03:41:03,283 basehttp 13068 15616 "GET /api/monitor/violations/analytics/?range=24h HTTP/1.1" 200 481
INFO 2025-08-26 03:42:03,276 views 13068 9368 违规数据分析请求: range=24h, query_all=False
INFO 2025-08-26 03:42:03,283 services 13068 9368 违规数据分析完成: 0条记录, 0次违规
INFO 2025-08-26 03:42:03,283 views 13068 9368 违规数据分析完成: 0条记录
INFO 2025-08-26 03:42:03,284 basehttp 13068 9368 "GET /api/monitor/violations/analytics/?range=24h HTTP/1.1" 200 481
INFO 2025-08-26 03:43:03,285 views 13068 28716 违规数据分析请求: range=24h, query_all=False
INFO 2025-08-26 03:43:03,290 services 13068 28716 违规数据分析完成: 0条记录, 0次违规
INFO 2025-08-26 03:43:03,290 views 13068 28716 违规数据分析完成: 0条记录
INFO 2025-08-26 03:43:03,291 basehttp 13068 28716 "GET /api/monitor/violations/analytics/?range=24h HTTP/1.1" 200 481
INFO 2025-08-26 03:44:03,281 views 13068 27292 违规数据分析请求: range=24h, query_all=False
INFO 2025-08-26 03:44:03,286 services 13068 27292 违规数据分析完成: 0条记录, 0次违规
INFO 2025-08-26 03:44:03,287 views 13068 27292 违规数据分析完成: 0条记录
INFO 2025-08-26 03:44:03,287 basehttp 13068 27292 "GET /api/monitor/violations/analytics/?range=24h HTTP/1.1" 200 481
INFO 2025-08-26 03:45:03,281 views 13068 16516 违规数据分析请求: range=24h, query_all=False
INFO 2025-08-26 03:45:03,288 services 13068 16516 违规数据分析完成: 0条记录, 0次违规
INFO 2025-08-26 03:45:03,288 views 13068 16516 违规数据分析完成: 0条记录
INFO 2025-08-26 03:45:03,289 basehttp 13068 16516 "GET /api/monitor/violations/analytics/?range=24h HTTP/1.1" 200 481
INFO 2025-08-26 03:46:03,285 views 13068 16852 违规数据分析请求: range=24h, query_all=False
INFO 2025-08-26 03:46:03,290 services 13068 16852 违规数据分析完成: 0条记录, 0次违规
INFO 2025-08-26 03:46:03,291 views 13068 16852 违规数据分析完成: 0条记录
INFO 2025-08-26 03:46:03,293 basehttp 13068 16852 "GET /api/monitor/violations/analytics/?range=24h HTTP/1.1" 200 481
INFO 2025-08-26 03:47:03,277 views 13068 30684 违规数据分析请求: range=24h, query_all=False
INFO 2025-08-26 03:47:03,284 services 13068 30684 违规数据分析完成: 0条记录, 0次违规
INFO 2025-08-26 03:47:03,284 views 13068 30684 违规数据分析完成: 0条记录
INFO 2025-08-26 03:47:03,285 basehttp 13068 30684 "GET /api/monitor/violations/analytics/?range=24h HTTP/1.1" 200 481
INFO 2025-08-26 03:48:03,274 views 13068 21836 违规数据分析请求: range=24h, query_all=False
INFO 2025-08-26 03:48:03,279 services 13068 21836 违规数据分析完成: 0条记录, 0次违规
INFO 2025-08-26 03:48:03,280 views 13068 21836 违规数据分析完成: 0条记录
INFO 2025-08-26 03:48:03,281 basehttp 13068 21836 "GET /api/monitor/violations/analytics/?range=24h HTTP/1.1" 200 481
INFO 2025-08-26 03:49:03,286 views 13068 33364 违规数据分析请求: range=24h, query_all=False
INFO 2025-08-26 03:49:03,294 services 13068 33364 违规数据分析完成: 0条记录, 0次违规
INFO 2025-08-26 03:49:03,295 views 13068 33364 违规数据分析完成: 0条记录
INFO 2025-08-26 03:49:03,298 basehttp 13068 33364 "GET /api/monitor/violations/analytics/?range=24h HTTP/1.1" 200 481
INFO 2025-08-26 03:50:03,275 views 13068 14268 违规数据分析请求: range=24h, query_all=False
INFO 2025-08-26 03:50:03,281 services 13068 14268 违规数据分析完成: 0条记录, 0次违规
INFO 2025-08-26 03:50:03,282 views 13068 14268 违规数据分析完成: 0条记录
INFO 2025-08-26 03:50:03,282 basehttp 13068 14268 "GET /api/monitor/violations/analytics/?range=24h HTTP/1.1" 200 481
INFO 2025-08-26 03:51:03,285 views 13068 31688 违规数据分析请求: range=24h, query_all=False
INFO 2025-08-26 03:51:03,291 services 13068 31688 违规数据分析完成: 0条记录, 0次违规
INFO 2025-08-26 03:51:03,292 views 13068 31688 违规数据分析完成: 0条记录
INFO 2025-08-26 03:51:03,292 basehttp 13068 31688 "GET /api/monitor/violations/analytics/?range=24h HTTP/1.1" 200 481
INFO 2025-08-26 03:52:03,281 views 13068 22840 违规数据分析请求: range=24h, query_all=False
INFO 2025-08-26 03:52:03,286 services 13068 22840 违规数据分析完成: 0条记录, 0次违规
INFO 2025-08-26 03:52:03,286 views 13068 22840 违规数据分析完成: 0条记录
INFO 2025-08-26 03:52:03,287 basehttp 13068 22840 "GET /api/monitor/violations/analytics/?range=24h HTTP/1.1" 200 481
INFO 2025-08-26 03:53:03,279 views 13068 31700 违规数据分析请求: range=24h, query_all=False
INFO 2025-08-26 03:53:03,286 services 13068 31700 违规数据分析完成: 0条记录, 0次违规
INFO 2025-08-26 03:53:03,286 views 13068 31700 违规数据分析完成: 0条记录
INFO 2025-08-26 03:53:03,288 basehttp 13068 31700 "GET /api/monitor/violations/analytics/?range=24h HTTP/1.1" 200 481
INFO 2025-08-26 03:54:03,282 views 13068 21696 违规数据分析请求: range=24h, query_all=False
INFO 2025-08-26 03:54:03,290 services 13068 21696 违规数据分析完成: 0条记录, 0次违规
INFO 2025-08-26 03:54:03,291 views 13068 21696 违规数据分析完成: 0条记录
INFO 2025-08-26 03:54:03,292 basehttp 13068 21696 "GET /api/monitor/violations/analytics/?range=24h HTTP/1.1" 200 481
INFO 2025-08-26 03:55:03,278 views 13068 30288 违规数据分析请求: range=24h, query_all=False
INFO 2025-08-26 03:55:03,286 services 13068 30288 违规数据分析完成: 0条记录, 0次违规
INFO 2025-08-26 03:55:03,286 views 13068 30288 违规数据分析完成: 0条记录
INFO 2025-08-26 03:55:03,288 basehttp 13068 30288 "GET /api/monitor/violations/analytics/?range=24h HTTP/1.1" 200 481
INFO 2025-08-26 03:56:03,285 views 13068 30420 违规数据分析请求: range=24h, query_all=False
INFO 2025-08-26 03:56:03,291 services 13068 30420 违规数据分析完成: 0条记录, 0次违规
INFO 2025-08-26 03:56:03,291 views 13068 30420 违规数据分析完成: 0条记录
INFO 2025-08-26 03:56:03,292 basehttp 13068 30420 "GET /api/monitor/violations/analytics/?range=24h HTTP/1.1" 200 481
INFO 2025-08-26 03:57:03,287 views 13068 23168 违规数据分析请求: range=24h, query_all=False
INFO 2025-08-26 03:57:03,294 services 13068 23168 违规数据分析完成: 0条记录, 0次违规
INFO 2025-08-26 03:57:03,294 views 13068 23168 违规数据分析完成: 0条记录
INFO 2025-08-26 03:57:03,295 basehttp 13068 23168 "GET /api/monitor/violations/analytics/?range=24h HTTP/1.1" 200 481
INFO 2025-08-26 03:58:03,279 views 13068 27932 违规数据分析请求: range=24h, query_all=False
INFO 2025-08-26 03:58:03,286 services 13068 27932 违规数据分析完成: 0条记录, 0次违规
INFO 2025-08-26 03:58:03,286 views 13068 27932 违规数据分析完成: 0条记录
INFO 2025-08-26 03:58:03,287 basehttp 13068 27932 "GET /api/monitor/violations/analytics/?range=24h HTTP/1.1" 200 481
INFO 2025-08-26 03:59:03,296 views 13068 2884 违规数据分析请求: range=24h, query_all=False
INFO 2025-08-26 03:59:03,301 services 13068 2884 违规数据分析完成: 0条记录, 0次违规
INFO 2025-08-26 03:59:03,301 views 13068 2884 违规数据分析完成: 0条记录
INFO 2025-08-26 03:59:03,302 basehttp 13068 2884 "GET /api/monitor/violations/analytics/?range=24h HTTP/1.1" 200 481
INFO 2025-08-26 04:00:03,277 views 13068 9368 违规数据分析请求: range=24h, query_all=False
INFO 2025-08-26 04:00:03,285 services 13068 9368 违规数据分析完成: 0条记录, 0次违规
INFO 2025-08-26 04:00:03,286 views 13068 9368 违规数据分析完成: 0条记录
INFO 2025-08-26 04:00:03,287 basehttp 13068 9368 "GET /api/monitor/violations/analytics/?range=24h HTTP/1.1" 200 481
INFO 2025-08-26 04:01:03,277 views 13068 8440 违规数据分析请求: range=24h, query_all=False
INFO 2025-08-26 04:01:03,284 services 13068 8440 违规数据分析完成: 0条记录, 0次违规
INFO 2025-08-26 04:01:03,284 views 13068 8440 违规数据分析完成: 0条记录
INFO 2025-08-26 04:01:03,285 basehttp 13068 8440 "GET /api/monitor/violations/analytics/?range=24h HTTP/1.1" 200 481
INFO 2025-08-26 04:02:03,279 views 13068 29460 违规数据分析请求: range=24h, query_all=False
INFO 2025-08-26 04:02:03,287 services 13068 29460 违规数据分析完成: 0条记录, 0次违规
INFO 2025-08-26 04:02:03,288 views 13068 29460 违规数据分析完成: 0条记录
INFO 2025-08-26 04:02:03,289 basehttp 13068 29460 "GET /api/monitor/violations/analytics/?range=24h HTTP/1.1" 200 481
INFO 2025-08-26 04:03:03,278 views 13068 22940 违规数据分析请求: range=24h, query_all=False
INFO 2025-08-26 04:03:03,286 services 13068 22940 违规数据分析完成: 0条记录, 0次违规
INFO 2025-08-26 04:03:03,287 views 13068 22940 违规数据分析完成: 0条记录
INFO 2025-08-26 04:03:03,288 basehttp 13068 22940 "GET /api/monitor/violations/analytics/?range=24h HTTP/1.1" 200 481
INFO 2025-08-26 04:04:03,285 views 13068 21732 违规数据分析请求: range=24h, query_all=False
INFO 2025-08-26 04:04:03,293 services 13068 21732 违规数据分析完成: 0条记录, 0次违规
INFO 2025-08-26 04:04:03,293 views 13068 21732 违规数据分析完成: 0条记录
INFO 2025-08-26 04:04:03,295 basehttp 13068 21732 "GET /api/monitor/violations/analytics/?range=24h HTTP/1.1" 200 481
INFO 2025-08-26 04:05:03,281 views 13068 33164 违规数据分析请求: range=24h, query_all=False
INFO 2025-08-26 04:05:03,288 services 13068 33164 违规数据分析完成: 0条记录, 0次违规
INFO 2025-08-26 04:05:03,289 views 13068 33164 违规数据分析完成: 0条记录
INFO 2025-08-26 04:05:03,290 basehttp 13068 33164 "GET /api/monitor/violations/analytics/?range=24h HTTP/1.1" 200 481
INFO 2025-08-26 04:06:03,288 views 13068 31976 违规数据分析请求: range=24h, query_all=False
INFO 2025-08-26 04:06:03,294 services 13068 31976 违规数据分析完成: 0条记录, 0次违规
INFO 2025-08-26 04:06:03,294 views 13068 31976 违规数据分析完成: 0条记录
INFO 2025-08-26 04:06:03,295 basehttp 13068 31976 "GET /api/monitor/violations/analytics/?range=24h HTTP/1.1" 200 481
INFO 2025-08-26 04:07:03,276 views 13068 6724 违规数据分析请求: range=24h, query_all=False
INFO 2025-08-26 04:07:03,282 services 13068 6724 违规数据分析完成: 0条记录, 0次违规
INFO 2025-08-26 04:07:03,283 views 13068 6724 违规数据分析完成: 0条记录
INFO 2025-08-26 04:07:03,284 basehttp 13068 6724 "GET /api/monitor/violations/analytics/?range=24h HTTP/1.1" 200 481
INFO 2025-08-26 04:08:03,289 views 13068 29632 违规数据分析请求: range=24h, query_all=False
INFO 2025-08-26 04:08:03,295 services 13068 29632 违规数据分析完成: 0条记录, 0次违规
INFO 2025-08-26 04:08:03,295 views 13068 29632 违规数据分析完成: 0条记录
INFO 2025-08-26 04:08:03,297 basehttp 13068 29632 "GET /api/monitor/violations/analytics/?range=24h HTTP/1.1" 200 481
INFO 2025-08-26 04:09:03,283 views 13068 27068 违规数据分析请求: range=24h, query_all=False
INFO 2025-08-26 04:09:03,290 services 13068 27068 违规数据分析完成: 0条记录, 0次违规
INFO 2025-08-26 04:09:03,290 views 13068 27068 违规数据分析完成: 0条记录
INFO 2025-08-26 04:09:03,291 basehttp 13068 27068 "GET /api/monitor/violations/analytics/?range=24h HTTP/1.1" 200 481
INFO 2025-08-26 04:10:03,282 views 13068 30580 违规数据分析请求: range=24h, query_all=False
INFO 2025-08-26 04:10:03,289 services 13068 30580 违规数据分析完成: 0条记录, 0次违规
INFO 2025-08-26 04:10:03,290 views 13068 30580 违规数据分析完成: 0条记录
INFO 2025-08-26 04:10:03,291 basehttp 13068 30580 "GET /api/monitor/violations/analytics/?range=24h HTTP/1.1" 200 481
INFO 2025-08-26 04:11:03,279 views 13068 29564 违规数据分析请求: range=24h, query_all=False
INFO 2025-08-26 04:11:03,286 services 13068 29564 违规数据分析完成: 0条记录, 0次违规
INFO 2025-08-26 04:11:03,287 views 13068 29564 违规数据分析完成: 0条记录
INFO 2025-08-26 04:11:03,288 basehttp 13068 29564 "GET /api/monitor/violations/analytics/?range=24h HTTP/1.1" 200 481
INFO 2025-08-26 04:12:03,278 views 13068 30200 违规数据分析请求: range=24h, query_all=False
INFO 2025-08-26 04:12:03,286 services 13068 30200 违规数据分析完成: 0条记录, 0次违规
INFO 2025-08-26 04:12:03,286 views 13068 30200 违规数据分析完成: 0条记录
INFO 2025-08-26 04:12:03,287 basehttp 13068 30200 "GET /api/monitor/violations/analytics/?range=24h HTTP/1.1" 200 481
INFO 2025-08-26 04:13:03,284 views 13068 21056 违规数据分析请求: range=24h, query_all=False
INFO 2025-08-26 04:13:03,291 services 13068 21056 违规数据分析完成: 0条记录, 0次违规
INFO 2025-08-26 04:13:03,291 views 13068 21056 违规数据分析完成: 0条记录
INFO 2025-08-26 04:13:03,293 basehttp 13068 21056 "GET /api/monitor/violations/analytics/?range=24h HTTP/1.1" 200 481
INFO 2025-08-26 04:14:03,290 views 13068 20336 违规数据分析请求: range=24h, query_all=False
INFO 2025-08-26 04:14:03,297 services 13068 20336 违规数据分析完成: 0条记录, 0次违规
INFO 2025-08-26 04:14:03,298 views 13068 20336 违规数据分析完成: 0条记录
INFO 2025-08-26 04:14:03,299 basehttp 13068 20336 "GET /api/monitor/violations/analytics/?range=24h HTTP/1.1" 200 481
INFO 2025-08-26 04:15:03,284 views 13068 19616 违规数据分析请求: range=24h, query_all=False
INFO 2025-08-26 04:15:03,293 services 13068 19616 违规数据分析完成: 0条记录, 0次违规
INFO 2025-08-26 04:15:03,293 views 13068 19616 违规数据分析完成: 0条记录
INFO 2025-08-26 04:15:03,294 basehttp 13068 19616 "GET /api/monitor/violations/analytics/?range=24h HTTP/1.1" 200 481
INFO 2025-08-26 04:16:03,291 views 13068 7284 违规数据分析请求: range=24h, query_all=False
INFO 2025-08-26 04:16:03,298 services 13068 7284 违规数据分析完成: 0条记录, 0次违规
INFO 2025-08-26 04:16:03,299 views 13068 7284 违规数据分析完成: 0条记录
INFO 2025-08-26 04:16:03,300 basehttp 13068 7284 "GET /api/monitor/violations/analytics/?range=24h HTTP/1.1" 200 481
INFO 2025-08-26 04:17:03,286 views 13068 31248 违规数据分析请求: range=24h, query_all=False
INFO 2025-08-26 04:17:03,292 services 13068 31248 违规数据分析完成: 0条记录, 0次违规
INFO 2025-08-26 04:17:03,292 views 13068 31248 违规数据分析完成: 0条记录
INFO 2025-08-26 04:17:03,293 basehttp 13068 31248 "GET /api/monitor/violations/analytics/?range=24h HTTP/1.1" 200 481
INFO 2025-08-26 04:18:03,287 views 13068 19780 违规数据分析请求: range=24h, query_all=False
INFO 2025-08-26 04:18:03,294 services 13068 19780 违规数据分析完成: 0条记录, 0次违规
INFO 2025-08-26 04:18:03,294 views 13068 19780 违规数据分析完成: 0条记录
INFO 2025-08-26 04:18:03,295 basehttp 13068 19780 "GET /api/monitor/violations/analytics/?range=24h HTTP/1.1" 200 481
INFO 2025-08-26 04:19:03,274 views 13068 30644 违规数据分析请求: range=24h, query_all=False
INFO 2025-08-26 04:19:03,282 services 13068 30644 违规数据分析完成: 0条记录, 0次违规
INFO 2025-08-26 04:19:03,282 views 13068 30644 违规数据分析完成: 0条记录
INFO 2025-08-26 04:19:03,283 basehttp 13068 30644 "GET /api/monitor/violations/analytics/?range=24h HTTP/1.1" 200 481
INFO 2025-08-26 04:20:03,279 views 13068 19952 违规数据分析请求: range=24h, query_all=False
INFO 2025-08-26 04:20:03,287 services 13068 19952 违规数据分析完成: 0条记录, 0次违规
INFO 2025-08-26 04:20:03,287 views 13068 19952 违规数据分析完成: 0条记录
INFO 2025-08-26 04:20:03,288 basehttp 13068 19952 "GET /api/monitor/violations/analytics/?range=24h HTTP/1.1" 200 481
INFO 2025-08-26 04:21:03,286 views 13068 32204 违规数据分析请求: range=24h, query_all=False
INFO 2025-08-26 04:21:03,293 services 13068 32204 违规数据分析完成: 0条记录, 0次违规
INFO 2025-08-26 04:21:03,293 views 13068 32204 违规数据分析完成: 0条记录
INFO 2025-08-26 04:21:03,294 basehttp 13068 32204 "GET /api/monitor/violations/analytics/?range=24h HTTP/1.1" 200 481
INFO 2025-08-26 04:22:03,280 views 13068 27784 违规数据分析请求: range=24h, query_all=False
INFO 2025-08-26 04:22:03,287 services 13068 27784 违规数据分析完成: 0条记录, 0次违规
INFO 2025-08-26 04:22:03,288 views 13068 27784 违规数据分析完成: 0条记录
INFO 2025-08-26 04:22:03,290 basehttp 13068 27784 "GET /api/monitor/violations/analytics/?range=24h HTTP/1.1" 200 481
INFO 2025-08-26 04:23:03,280 views 13068 28152 违规数据分析请求: range=24h, query_all=False
INFO 2025-08-26 04:23:03,286 services 13068 28152 违规数据分析完成: 0条记录, 0次违规
INFO 2025-08-26 04:23:03,287 views 13068 28152 违规数据分析完成: 0条记录
INFO 2025-08-26 04:23:03,287 basehttp 13068 28152 "GET /api/monitor/violations/analytics/?range=24h HTTP/1.1" 200 481
INFO 2025-08-26 04:24:03,288 views 13068 31732 违规数据分析请求: range=24h, query_all=False
INFO 2025-08-26 04:24:03,294 services 13068 31732 违规数据分析完成: 0条记录, 0次违规
INFO 2025-08-26 04:24:03,295 views 13068 31732 违规数据分析完成: 0条记录
INFO 2025-08-26 04:24:03,296 basehttp 13068 31732 "GET /api/monitor/violations/analytics/?range=24h HTTP/1.1" 200 481
INFO 2025-08-26 04:25:03,280 views 13068 25180 违规数据分析请求: range=24h, query_all=False
INFO 2025-08-26 04:25:03,289 services 13068 25180 违规数据分析完成: 0条记录, 0次违规
INFO 2025-08-26 04:25:03,289 views 13068 25180 违规数据分析完成: 0条记录
INFO 2025-08-26 04:25:03,290 basehttp 13068 25180 "GET /api/monitor/violations/analytics/?range=24h HTTP/1.1" 200 481
INFO 2025-08-26 04:26:03,275 views 13068 20268 违规数据分析请求: range=24h, query_all=False
INFO 2025-08-26 04:26:03,281 services 13068 20268 违规数据分析完成: 0条记录, 0次违规
INFO 2025-08-26 04:26:03,282 views 13068 20268 违规数据分析完成: 0条记录
INFO 2025-08-26 04:26:03,283 basehttp 13068 20268 "GET /api/monitor/violations/analytics/?range=24h HTTP/1.1" 200 481
INFO 2025-08-26 04:27:03,290 views 13068 27516 违规数据分析请求: range=24h, query_all=False
INFO 2025-08-26 04:27:03,296 services 13068 27516 违规数据分析完成: 0条记录, 0次违规
INFO 2025-08-26 04:27:03,296 views 13068 27516 违规数据分析完成: 0条记录
INFO 2025-08-26 04:27:03,297 basehttp 13068 27516 "GET /api/monitor/violations/analytics/?range=24h HTTP/1.1" 200 481
INFO 2025-08-26 04:28:03,292 views 13068 22160 违规数据分析请求: range=24h, query_all=False
INFO 2025-08-26 04:28:03,298 services 13068 22160 违规数据分析完成: 0条记录, 0次违规
INFO 2025-08-26 04:28:03,298 views 13068 22160 违规数据分析完成: 0条记录
INFO 2025-08-26 04:28:03,300 basehttp 13068 22160 "GET /api/monitor/violations/analytics/?range=24h HTTP/1.1" 200 481
INFO 2025-08-26 04:29:03,275 views 13068 32376 违规数据分析请求: range=24h, query_all=False
INFO 2025-08-26 04:29:03,281 services 13068 32376 违规数据分析完成: 0条记录, 0次违规
INFO 2025-08-26 04:29:03,281 views 13068 32376 违规数据分析完成: 0条记录
INFO 2025-08-26 04:29:03,282 basehttp 13068 32376 "GET /api/monitor/violations/analytics/?range=24h HTTP/1.1" 200 481
INFO 2025-08-26 04:30:03,282 views 13068 25416 违规数据分析请求: range=24h, query_all=False
INFO 2025-08-26 04:30:03,288 services 13068 25416 违规数据分析完成: 0条记录, 0次违规
INFO 2025-08-26 04:30:03,288 views 13068 25416 违规数据分析完成: 0条记录
INFO 2025-08-26 04:30:03,289 basehttp 13068 25416 "GET /api/monitor/violations/analytics/?range=24h HTTP/1.1" 200 481
INFO 2025-08-26 04:31:03,284 views 13068 30684 违规数据分析请求: range=24h, query_all=False
INFO 2025-08-26 04:31:03,291 services 13068 30684 违规数据分析完成: 0条记录, 0次违规
INFO 2025-08-26 04:31:03,292 views 13068 30684 违规数据分析完成: 0条记录
INFO 2025-08-26 04:31:03,293 basehttp 13068 30684 "GET /api/monitor/violations/analytics/?range=24h HTTP/1.1" 200 481
INFO 2025-08-26 04:32:03,285 views 13068 25360 违规数据分析请求: range=24h, query_all=False
INFO 2025-08-26 04:32:03,290 services 13068 25360 违规数据分析完成: 0条记录, 0次违规
INFO 2025-08-26 04:32:03,290 views 13068 25360 违规数据分析完成: 0条记录
INFO 2025-08-26 04:32:03,292 basehttp 13068 25360 "GET /api/monitor/violations/analytics/?range=24h HTTP/1.1" 200 481
INFO 2025-08-26 04:33:03,282 views 13068 16036 违规数据分析请求: range=24h, query_all=False
INFO 2025-08-26 04:33:03,287 services 13068 16036 违规数据分析完成: 0条记录, 0次违规
INFO 2025-08-26 04:33:03,287 views 13068 16036 违规数据分析完成: 0条记录
INFO 2025-08-26 04:33:03,289 basehttp 13068 16036 "GET /api/monitor/violations/analytics/?range=24h HTTP/1.1" 200 481
INFO 2025-08-26 04:34:03,286 views 13068 24172 违规数据分析请求: range=24h, query_all=False
INFO 2025-08-26 04:34:03,293 services 13068 24172 违规数据分析完成: 0条记录, 0次违规
INFO 2025-08-26 04:34:03,294 views 13068 24172 违规数据分析完成: 0条记录
INFO 2025-08-26 04:34:03,295 basehttp 13068 24172 "GET /api/monitor/violations/analytics/?range=24h HTTP/1.1" 200 481
INFO 2025-08-26 04:35:03,287 views 13068 27444 违规数据分析请求: range=24h, query_all=False
INFO 2025-08-26 04:35:03,293 services 13068 27444 违规数据分析完成: 0条记录, 0次违规
INFO 2025-08-26 04:35:03,293 views 13068 27444 违规数据分析完成: 0条记录
INFO 2025-08-26 04:35:03,295 basehttp 13068 27444 "GET /api/monitor/violations/analytics/?range=24h HTTP/1.1" 200 481
INFO 2025-08-26 04:36:03,275 views 13068 25288 违规数据分析请求: range=24h, query_all=False
INFO 2025-08-26 04:36:03,284 services 13068 25288 违规数据分析完成: 0条记录, 0次违规
INFO 2025-08-26 04:36:03,285 views 13068 25288 违规数据分析完成: 0条记录
INFO 2025-08-26 04:36:03,287 basehttp 13068 25288 "GET /api/monitor/violations/analytics/?range=24h HTTP/1.1" 200 481
INFO 2025-08-26 04:37:03,281 views 13068 13112 违规数据分析请求: range=24h, query_all=False
INFO 2025-08-26 04:37:03,287 services 13068 13112 违规数据分析完成: 0条记录, 0次违规
INFO 2025-08-26 04:37:03,287 views 13068 13112 违规数据分析完成: 0条记录
INFO 2025-08-26 04:37:03,287 basehttp 13068 13112 "GET /api/monitor/violations/analytics/?range=24h HTTP/1.1" 200 481
INFO 2025-08-26 04:38:03,277 views 13068 30316 违规数据分析请求: range=24h, query_all=False
INFO 2025-08-26 04:38:03,283 services 13068 30316 违规数据分析完成: 0条记录, 0次违规
INFO 2025-08-26 04:38:03,283 views 13068 30316 违规数据分析完成: 0条记录
INFO 2025-08-26 04:38:03,284 basehttp 13068 30316 "GET /api/monitor/violations/analytics/?range=24h HTTP/1.1" 200 481
INFO 2025-08-26 04:39:03,277 views 13068 33412 违规数据分析请求: range=24h, query_all=False
INFO 2025-08-26 04:39:03,283 services 13068 33412 违规数据分析完成: 0条记录, 0次违规
INFO 2025-08-26 04:39:03,284 views 13068 33412 违规数据分析完成: 0条记录
INFO 2025-08-26 04:39:03,284 basehttp 13068 33412 "GET /api/monitor/violations/analytics/?range=24h HTTP/1.1" 200 481
INFO 2025-08-26 04:40:03,288 views 13068 16144 违规数据分析请求: range=24h, query_all=False
INFO 2025-08-26 04:40:03,295 services 13068 16144 违规数据分析完成: 0条记录, 0次违规
INFO 2025-08-26 04:40:03,295 views 13068 16144 违规数据分析完成: 0条记录
INFO 2025-08-26 04:40:03,298 basehttp 13068 16144 "GET /api/monitor/violations/analytics/?range=24h HTTP/1.1" 200 481
INFO 2025-08-26 04:41:03,286 views 13068 18688 违规数据分析请求: range=24h, query_all=False
INFO 2025-08-26 04:41:03,292 services 13068 18688 违规数据分析完成: 0条记录, 0次违规
INFO 2025-08-26 04:41:03,292 views 13068 18688 违规数据分析完成: 0条记录
INFO 2025-08-26 04:41:03,294 basehttp 13068 18688 "GET /api/monitor/violations/analytics/?range=24h HTTP/1.1" 200 481
INFO 2025-08-26 04:42:03,287 views 13068 24152 违规数据分析请求: range=24h, query_all=False
INFO 2025-08-26 04:42:03,294 services 13068 24152 违规数据分析完成: 0条记录, 0次违规
INFO 2025-08-26 04:42:03,294 views 13068 24152 违规数据分析完成: 0条记录
INFO 2025-08-26 04:42:03,296 basehttp 13068 24152 "GET /api/monitor/violations/analytics/?range=24h HTTP/1.1" 200 481
INFO 2025-08-26 04:43:03,280 views 13068 18384 违规数据分析请求: range=24h, query_all=False
INFO 2025-08-26 04:43:03,285 services 13068 18384 违规数据分析完成: 0条记录, 0次违规
INFO 2025-08-26 04:43:03,286 views 13068 18384 违规数据分析完成: 0条记录
INFO 2025-08-26 04:43:03,286 basehttp 13068 18384 "GET /api/monitor/violations/analytics/?range=24h HTTP/1.1" 200 481
INFO 2025-08-26 04:44:03,278 views 13068 23644 违规数据分析请求: range=24h, query_all=False
INFO 2025-08-26 04:44:03,283 services 13068 23644 违规数据分析完成: 0条记录, 0次违规
INFO 2025-08-26 04:44:03,283 views 13068 23644 违规数据分析完成: 0条记录
INFO 2025-08-26 04:44:03,284 basehttp 13068 23644 "GET /api/monitor/violations/analytics/?range=24h HTTP/1.1" 200 481
INFO 2025-08-26 04:45:03,284 views 13068 16016 违规数据分析请求: range=24h, query_all=False
INFO 2025-08-26 04:45:03,292 services 13068 16016 违规数据分析完成: 0条记录, 0次违规
INFO 2025-08-26 04:45:03,292 views 13068 16016 违规数据分析完成: 0条记录
INFO 2025-08-26 04:45:03,294 basehttp 13068 16016 "GET /api/monitor/violations/analytics/?range=24h HTTP/1.1" 200 481
INFO 2025-08-26 04:46:03,286 views 13068 4484 违规数据分析请求: range=24h, query_all=False
INFO 2025-08-26 04:46:03,292 services 13068 4484 违规数据分析完成: 0条记录, 0次违规
INFO 2025-08-26 04:46:03,292 views 13068 4484 违规数据分析完成: 0条记录
INFO 2025-08-26 04:46:03,293 basehttp 13068 4484 "GET /api/monitor/violations/analytics/?range=24h HTTP/1.1" 200 481
INFO 2025-08-26 04:47:03,291 views 13068 20092 违规数据分析请求: range=24h, query_all=False
INFO 2025-08-26 04:47:03,298 services 13068 20092 违规数据分析完成: 0条记录, 0次违规
INFO 2025-08-26 04:47:03,298 views 13068 20092 违规数据分析完成: 0条记录
INFO 2025-08-26 04:47:03,299 basehttp 13068 20092 "GET /api/monitor/violations/analytics/?range=24h HTTP/1.1" 200 481
INFO 2025-08-26 04:48:03,280 views 13068 23184 违规数据分析请求: range=24h, query_all=False
INFO 2025-08-26 04:48:03,286 services 13068 23184 违规数据分析完成: 0条记录, 0次违规
INFO 2025-08-26 04:48:03,287 views 13068 23184 违规数据分析完成: 0条记录
INFO 2025-08-26 04:48:03,288 basehttp 13068 23184 "GET /api/monitor/violations/analytics/?range=24h HTTP/1.1" 200 481
INFO 2025-08-26 04:49:03,281 views 13068 21016 违规数据分析请求: range=24h, query_all=False
INFO 2025-08-26 04:49:03,287 services 13068 21016 违规数据分析完成: 0条记录, 0次违规
INFO 2025-08-26 04:49:03,288 views 13068 21016 违规数据分析完成: 0条记录
INFO 2025-08-26 04:49:03,288 basehttp 13068 21016 "GET /api/monitor/violations/analytics/?range=24h HTTP/1.1" 200 481
INFO 2025-08-26 04:50:03,284 views 13068 16400 违规数据分析请求: range=24h, query_all=False
INFO 2025-08-26 04:50:03,291 services 13068 16400 违规数据分析完成: 0条记录, 0次违规
INFO 2025-08-26 04:50:03,291 views 13068 16400 违规数据分析完成: 0条记录
INFO 2025-08-26 04:50:03,292 basehttp 13068 16400 "GET /api/monitor/violations/analytics/?range=24h HTTP/1.1" 200 481
INFO 2025-08-26 04:51:03,287 views 13068 10472 违规数据分析请求: range=24h, query_all=False
INFO 2025-08-26 04:51:03,295 services 13068 10472 违规数据分析完成: 0条记录, 0次违规
INFO 2025-08-26 04:51:03,295 views 13068 10472 违规数据分析完成: 0条记录
INFO 2025-08-26 04:51:03,296 basehttp 13068 10472 "GET /api/monitor/violations/analytics/?range=24h HTTP/1.1" 200 481
INFO 2025-08-26 04:52:03,278 views 13068 29908 违规数据分析请求: range=24h, query_all=False
INFO 2025-08-26 04:52:03,284 services 13068 29908 违规数据分析完成: 0条记录, 0次违规
INFO 2025-08-26 04:52:03,284 views 13068 29908 违规数据分析完成: 0条记录
INFO 2025-08-26 04:52:03,286 basehttp 13068 29908 "GET /api/monitor/violations/analytics/?range=24h HTTP/1.1" 200 481
INFO 2025-08-26 04:53:03,277 views 13068 28356 违规数据分析请求: range=24h, query_all=False
INFO 2025-08-26 04:53:03,286 services 13068 28356 违规数据分析完成: 0条记录, 0次违规
INFO 2025-08-26 04:53:03,286 views 13068 28356 违规数据分析完成: 0条记录
INFO 2025-08-26 04:53:03,287 basehttp 13068 28356 "GET /api/monitor/violations/analytics/?range=24h HTTP/1.1" 200 481
INFO 2025-08-26 04:54:03,286 views 13068 23332 违规数据分析请求: range=24h, query_all=False
INFO 2025-08-26 04:54:03,293 services 13068 23332 违规数据分析完成: 0条记录, 0次违规
INFO 2025-08-26 04:54:03,293 views 13068 23332 违规数据分析完成: 0条记录
INFO 2025-08-26 04:54:03,295 basehttp 13068 23332 "GET /api/monitor/violations/analytics/?range=24h HTTP/1.1" 200 481
INFO 2025-08-26 04:55:03,278 views 13068 17604 违规数据分析请求: range=24h, query_all=False
INFO 2025-08-26 04:55:03,284 services 13068 17604 违规数据分析完成: 0条记录, 0次违规
INFO 2025-08-26 04:55:03,285 views 13068 17604 违规数据分析完成: 0条记录
INFO 2025-08-26 04:55:03,286 basehttp 13068 17604 "GET /api/monitor/violations/analytics/?range=24h HTTP/1.1" 200 481
INFO 2025-08-26 04:56:03,282 views 13068 20672 违规数据分析请求: range=24h, query_all=False
INFO 2025-08-26 04:56:03,289 services 13068 20672 违规数据分析完成: 0条记录, 0次违规
INFO 2025-08-26 04:56:03,289 views 13068 20672 违规数据分析完成: 0条记录
INFO 2025-08-26 04:56:03,290 basehttp 13068 20672 "GET /api/monitor/violations/analytics/?range=24h HTTP/1.1" 200 481
INFO 2025-08-26 04:57:03,288 views 13068 30256 违规数据分析请求: range=24h, query_all=False
INFO 2025-08-26 04:57:03,297 services 13068 30256 违规数据分析完成: 0条记录, 0次违规
INFO 2025-08-26 04:57:03,297 views 13068 30256 违规数据分析完成: 0条记录
INFO 2025-08-26 04:57:03,298 basehttp 13068 30256 "GET /api/monitor/violations/analytics/?range=24h HTTP/1.1" 200 481
INFO 2025-08-26 04:58:03,282 views 13068 32432 违规数据分析请求: range=24h, query_all=False
INFO 2025-08-26 04:58:03,290 services 13068 32432 违规数据分析完成: 0条记录, 0次违规
INFO 2025-08-26 04:58:03,291 views 13068 32432 违规数据分析完成: 0条记录
INFO 2025-08-26 04:58:03,293 basehttp 13068 32432 "GET /api/monitor/violations/analytics/?range=24h HTTP/1.1" 200 481
INFO 2025-08-26 04:59:03,290 views 13068 28528 违规数据分析请求: range=24h, query_all=False
INFO 2025-08-26 04:59:03,297 services 13068 28528 违规数据分析完成: 0条记录, 0次违规
INFO 2025-08-26 04:59:03,297 views 13068 28528 违规数据分析完成: 0条记录
INFO 2025-08-26 04:59:03,298 basehttp 13068 28528 "GET /api/monitor/violations/analytics/?range=24h HTTP/1.1" 200 481
INFO 2025-08-26 05:00:03,284 views 13068 28140 违规数据分析请求: range=24h, query_all=False
INFO 2025-08-26 05:00:03,290 services 13068 28140 违规数据分析完成: 0条记录, 0次违规
INFO 2025-08-26 05:00:03,291 views 13068 28140 违规数据分析完成: 0条记录
INFO 2025-08-26 05:00:03,292 basehttp 13068 28140 "GET /api/monitor/violations/analytics/?range=24h HTTP/1.1" 200 481
INFO 2025-08-26 05:01:03,289 views 13068 31456 违规数据分析请求: range=24h, query_all=False
INFO 2025-08-26 05:01:03,296 services 13068 31456 违规数据分析完成: 0条记录, 0次违规
INFO 2025-08-26 05:01:03,296 views 13068 31456 违规数据分析完成: 0条记录
INFO 2025-08-26 05:01:03,298 basehttp 13068 31456 "GET /api/monitor/violations/analytics/?range=24h HTTP/1.1" 200 481
INFO 2025-08-26 05:02:03,286 views 13068 19264 违规数据分析请求: range=24h, query_all=False
INFO 2025-08-26 05:02:03,292 services 13068 19264 违规数据分析完成: 0条记录, 0次违规
INFO 2025-08-26 05:02:03,292 views 13068 19264 违规数据分析完成: 0条记录
INFO 2025-08-26 05:02:03,293 basehttp 13068 19264 "GET /api/monitor/violations/analytics/?range=24h HTTP/1.1" 200 481
INFO 2025-08-26 05:03:03,281 views 13068 2556 违规数据分析请求: range=24h, query_all=False
INFO 2025-08-26 05:03:03,288 services 13068 2556 违规数据分析完成: 0条记录, 0次违规
INFO 2025-08-26 05:03:03,289 views 13068 2556 违规数据分析完成: 0条记录
INFO 2025-08-26 05:03:03,290 basehttp 13068 2556 "GET /api/monitor/violations/analytics/?range=24h HTTP/1.1" 200 481
INFO 2025-08-26 05:04:03,284 views 13068 11608 违规数据分析请求: range=24h, query_all=False
INFO 2025-08-26 05:04:03,291 services 13068 11608 违规数据分析完成: 0条记录, 0次违规
INFO 2025-08-26 05:04:03,292 views 13068 11608 违规数据分析完成: 0条记录
INFO 2025-08-26 05:04:03,293 basehttp 13068 11608 "GET /api/monitor/violations/analytics/?range=24h HTTP/1.1" 200 481
INFO 2025-08-26 05:05:03,289 views 13068 15356 违规数据分析请求: range=24h, query_all=False
INFO 2025-08-26 05:05:03,295 services 13068 15356 违规数据分析完成: 0条记录, 0次违规
INFO 2025-08-26 05:05:03,295 views 13068 15356 违规数据分析完成: 0条记录
INFO 2025-08-26 05:05:03,298 basehttp 13068 15356 "GET /api/monitor/violations/analytics/?range=24h HTTP/1.1" 200 481
INFO 2025-08-26 05:06:03,279 views 13068 30840 违规数据分析请求: range=24h, query_all=False
INFO 2025-08-26 05:06:03,285 services 13068 30840 违规数据分析完成: 0条记录, 0次违规
INFO 2025-08-26 05:06:03,286 views 13068 30840 违规数据分析完成: 0条记录
INFO 2025-08-26 05:06:03,288 basehttp 13068 30840 "GET /api/monitor/violations/analytics/?range=24h HTTP/1.1" 200 481
INFO 2025-08-26 05:07:03,289 views 13068 26644 违规数据分析请求: range=24h, query_all=False
INFO 2025-08-26 05:07:03,295 services 13068 26644 违规数据分析完成: 0条记录, 0次违规
INFO 2025-08-26 05:07:03,296 views 13068 26644 违规数据分析完成: 0条记录
INFO 2025-08-26 05:07:03,297 basehttp 13068 26644 "GET /api/monitor/violations/analytics/?range=24h HTTP/1.1" 200 481
INFO 2025-08-26 05:08:03,278 views 13068 4524 违规数据分析请求: range=24h, query_all=False
INFO 2025-08-26 05:08:03,285 services 13068 4524 违规数据分析完成: 0条记录, 0次违规
INFO 2025-08-26 05:08:03,287 views 13068 4524 违规数据分析完成: 0条记录
INFO 2025-08-26 05:08:03,289 basehttp 13068 4524 "GET /api/monitor/violations/analytics/?range=24h HTTP/1.1" 200 481
INFO 2025-08-26 05:09:03,282 views 13068 21440 违规数据分析请求: range=24h, query_all=False
INFO 2025-08-26 05:09:03,291 services 13068 21440 违规数据分析完成: 0条记录, 0次违规
INFO 2025-08-26 05:09:03,291 views 13068 21440 违规数据分析完成: 0条记录
INFO 2025-08-26 05:09:03,292 basehttp 13068 21440 "GET /api/monitor/violations/analytics/?range=24h HTTP/1.1" 200 481
INFO 2025-08-26 05:10:03,286 views 13068 23332 违规数据分析请求: range=24h, query_all=False
INFO 2025-08-26 05:10:03,293 services 13068 23332 违规数据分析完成: 0条记录, 0次违规
INFO 2025-08-26 05:10:03,294 views 13068 23332 违规数据分析完成: 0条记录
INFO 2025-08-26 05:10:03,295 basehttp 13068 23332 "GET /api/monitor/violations/analytics/?range=24h HTTP/1.1" 200 481
INFO 2025-08-26 05:11:03,287 views 13068 31932 违规数据分析请求: range=24h, query_all=False
INFO 2025-08-26 05:11:03,294 services 13068 31932 违规数据分析完成: 0条记录, 0次违规
INFO 2025-08-26 05:11:03,294 views 13068 31932 违规数据分析完成: 0条记录
INFO 2025-08-26 05:11:03,296 basehttp 13068 31932 "GET /api/monitor/violations/analytics/?range=24h HTTP/1.1" 200 481
INFO 2025-08-26 05:12:03,290 views 13068 21480 违规数据分析请求: range=24h, query_all=False
INFO 2025-08-26 05:12:03,297 services 13068 21480 违规数据分析完成: 0条记录, 0次违规
INFO 2025-08-26 05:12:03,297 views 13068 21480 违规数据分析完成: 0条记录
INFO 2025-08-26 05:12:03,298 basehttp 13068 21480 "GET /api/monitor/violations/analytics/?range=24h HTTP/1.1" 200 481
INFO 2025-08-26 05:13:03,284 views 13068 21692 违规数据分析请求: range=24h, query_all=False
INFO 2025-08-26 05:13:03,291 services 13068 21692 违规数据分析完成: 0条记录, 0次违规
INFO 2025-08-26 05:13:03,292 views 13068 21692 违规数据分析完成: 0条记录
INFO 2025-08-26 05:13:03,293 basehttp 13068 21692 "GET /api/monitor/violations/analytics/?range=24h HTTP/1.1" 200 481
INFO 2025-08-26 05:14:03,276 views 13068 9748 违规数据分析请求: range=24h, query_all=False
INFO 2025-08-26 05:14:03,283 services 13068 9748 违规数据分析完成: 0条记录, 0次违规
INFO 2025-08-26 05:14:03,283 views 13068 9748 违规数据分析完成: 0条记录
INFO 2025-08-26 05:14:03,284 basehttp 13068 9748 "GET /api/monitor/violations/analytics/?range=24h HTTP/1.1" 200 481
INFO 2025-08-26 05:15:03,284 views 13068 8140 违规数据分析请求: range=24h, query_all=False
INFO 2025-08-26 05:15:03,290 services 13068 8140 违规数据分析完成: 0条记录, 0次违规
INFO 2025-08-26 05:15:03,290 views 13068 8140 违规数据分析完成: 0条记录
INFO 2025-08-26 05:15:03,292 basehttp 13068 8140 "GET /api/monitor/violations/analytics/?range=24h HTTP/1.1" 200 481
INFO 2025-08-26 05:16:03,279 views 13068 22952 违规数据分析请求: range=24h, query_all=False
INFO 2025-08-26 05:16:03,285 services 13068 22952 违规数据分析完成: 0条记录, 0次违规
INFO 2025-08-26 05:16:03,285 views 13068 22952 违规数据分析完成: 0条记录
INFO 2025-08-26 05:16:03,286 basehttp 13068 22952 "GET /api/monitor/violations/analytics/?range=24h HTTP/1.1" 200 481
INFO 2025-08-26 05:17:03,278 views 13068 25744 违规数据分析请求: range=24h, query_all=False
INFO 2025-08-26 05:17:03,285 services 13068 25744 违规数据分析完成: 0条记录, 0次违规
INFO 2025-08-26 05:17:03,286 views 13068 25744 违规数据分析完成: 0条记录
INFO 2025-08-26 05:17:03,287 basehttp 13068 25744 "GET /api/monitor/violations/analytics/?range=24h HTTP/1.1" 200 481
INFO 2025-08-26 05:18:03,286 views 13068 22128 违规数据分析请求: range=24h, query_all=False
INFO 2025-08-26 05:18:03,291 services 13068 22128 违规数据分析完成: 0条记录, 0次违规
INFO 2025-08-26 05:18:03,292 views 13068 22128 违规数据分析完成: 0条记录
INFO 2025-08-26 05:18:03,293 basehttp 13068 22128 "GET /api/monitor/violations/analytics/?range=24h HTTP/1.1" 200 481
INFO 2025-08-26 05:19:03,287 views 13068 22436 违规数据分析请求: range=24h, query_all=False
INFO 2025-08-26 05:19:03,297 services 13068 22436 违规数据分析完成: 0条记录, 0次违规
INFO 2025-08-26 05:19:03,297 views 13068 22436 违规数据分析完成: 0条记录
INFO 2025-08-26 05:19:03,298 basehttp 13068 22436 "GET /api/monitor/violations/analytics/?range=24h HTTP/1.1" 200 481
INFO 2025-08-26 05:20:03,277 views 13068 30360 违规数据分析请求: range=24h, query_all=False
INFO 2025-08-26 05:20:03,285 services 13068 30360 违规数据分析完成: 0条记录, 0次违规
INFO 2025-08-26 05:20:03,286 views 13068 30360 违规数据分析完成: 0条记录
INFO 2025-08-26 05:20:03,287 basehttp 13068 30360 "GET /api/monitor/violations/analytics/?range=24h HTTP/1.1" 200 481
INFO 2025-08-26 05:21:03,282 views 13068 31120 违规数据分析请求: range=24h, query_all=False
INFO 2025-08-26 05:21:03,288 services 13068 31120 违规数据分析完成: 0条记录, 0次违规
INFO 2025-08-26 05:21:03,289 views 13068 31120 违规数据分析完成: 0条记录
INFO 2025-08-26 05:21:03,290 basehttp 13068 31120 "GET /api/monitor/violations/analytics/?range=24h HTTP/1.1" 200 481
INFO 2025-08-26 05:22:03,290 views 13068 33212 违规数据分析请求: range=24h, query_all=False
INFO 2025-08-26 05:22:03,296 services 13068 33212 违规数据分析完成: 0条记录, 0次违规
INFO 2025-08-26 05:22:03,297 views 13068 33212 违规数据分析完成: 0条记录
INFO 2025-08-26 05:22:03,298 basehttp 13068 33212 "GET /api/monitor/violations/analytics/?range=24h HTTP/1.1" 200 481
INFO 2025-08-26 05:23:03,278 views 13068 27468 违规数据分析请求: range=24h, query_all=False
INFO 2025-08-26 05:23:03,285 services 13068 27468 违规数据分析完成: 0条记录, 0次违规
INFO 2025-08-26 05:23:03,285 views 13068 27468 违规数据分析完成: 0条记录
INFO 2025-08-26 05:23:03,286 basehttp 13068 27468 "GET /api/monitor/violations/analytics/?range=24h HTTP/1.1" 200 481
INFO 2025-08-26 05:24:03,281 views 13068 14768 违规数据分析请求: range=24h, query_all=False
INFO 2025-08-26 05:24:03,286 services 13068 14768 违规数据分析完成: 0条记录, 0次违规
INFO 2025-08-26 05:24:03,287 views 13068 14768 违规数据分析完成: 0条记录
INFO 2025-08-26 05:24:03,288 basehttp 13068 14768 "GET /api/monitor/violations/analytics/?range=24h HTTP/1.1" 200 481
INFO 2025-08-26 05:25:03,283 views 13068 17956 违规数据分析请求: range=24h, query_all=False
INFO 2025-08-26 05:25:03,289 services 13068 17956 违规数据分析完成: 0条记录, 0次违规
INFO 2025-08-26 05:25:03,290 views 13068 17956 违规数据分析完成: 0条记录
INFO 2025-08-26 05:25:03,291 basehttp 13068 17956 "GET /api/monitor/violations/analytics/?range=24h HTTP/1.1" 200 481
INFO 2025-08-26 05:26:03,289 views 13068 31916 违规数据分析请求: range=24h, query_all=False
INFO 2025-08-26 05:26:03,295 services 13068 31916 违规数据分析完成: 0条记录, 0次违规
INFO 2025-08-26 05:26:03,296 views 13068 31916 违规数据分析完成: 0条记录
INFO 2025-08-26 05:26:03,296 basehttp 13068 31916 "GET /api/monitor/violations/analytics/?range=24h HTTP/1.1" 200 481
INFO 2025-08-26 05:27:03,276 views 13068 32416 违规数据分析请求: range=24h, query_all=False
INFO 2025-08-26 05:27:03,283 services 13068 32416 违规数据分析完成: 0条记录, 0次违规
INFO 2025-08-26 05:27:03,284 views 13068 32416 违规数据分析完成: 0条记录
INFO 2025-08-26 05:27:03,285 basehttp 13068 32416 "GET /api/monitor/violations/analytics/?range=24h HTTP/1.1" 200 481
INFO 2025-08-26 05:28:03,278 views 13068 30480 违规数据分析请求: range=24h, query_all=False
INFO 2025-08-26 05:28:03,283 services 13068 30480 违规数据分析完成: 0条记录, 0次违规
INFO 2025-08-26 05:28:03,284 views 13068 30480 违规数据分析完成: 0条记录
INFO 2025-08-26 05:28:03,284 basehttp 13068 30480 "GET /api/monitor/violations/analytics/?range=24h HTTP/1.1" 200 481
INFO 2025-08-26 05:29:03,290 views 13068 23236 违规数据分析请求: range=24h, query_all=False
INFO 2025-08-26 05:29:03,297 services 13068 23236 违规数据分析完成: 0条记录, 0次违规
INFO 2025-08-26 05:29:03,297 views 13068 23236 违规数据分析完成: 0条记录
INFO 2025-08-26 05:29:03,298 basehttp 13068 23236 "GET /api/monitor/violations/analytics/?range=24h HTTP/1.1" 200 481
INFO 2025-08-26 05:30:03,280 views 13068 23656 违规数据分析请求: range=24h, query_all=False
INFO 2025-08-26 05:30:03,288 services 13068 23656 违规数据分析完成: 0条记录, 0次违规
INFO 2025-08-26 05:30:03,288 views 13068 23656 违规数据分析完成: 0条记录
INFO 2025-08-26 05:30:03,289 basehttp 13068 23656 "GET /api/monitor/violations/analytics/?range=24h HTTP/1.1" 200 481
INFO 2025-08-26 05:31:03,272 views 13068 16612 违规数据分析请求: range=24h, query_all=False
INFO 2025-08-26 05:31:03,281 services 13068 16612 违规数据分析完成: 0条记录, 0次违规
INFO 2025-08-26 05:31:03,281 views 13068 16612 违规数据分析完成: 0条记录
INFO 2025-08-26 05:31:03,283 basehttp 13068 16612 "GET /api/monitor/violations/analytics/?range=24h HTTP/1.1" 200 481
INFO 2025-08-26 05:32:03,283 views 13068 3244 违规数据分析请求: range=24h, query_all=False
INFO 2025-08-26 05:32:03,289 services 13068 3244 违规数据分析完成: 0条记录, 0次违规
INFO 2025-08-26 05:32:03,289 views 13068 3244 违规数据分析完成: 0条记录
INFO 2025-08-26 05:32:03,290 basehttp 13068 3244 "GET /api/monitor/violations/analytics/?range=24h HTTP/1.1" 200 481
INFO 2025-08-26 05:33:03,287 views 13068 27548 违规数据分析请求: range=24h, query_all=False
INFO 2025-08-26 05:33:03,293 services 13068 27548 违规数据分析完成: 0条记录, 0次违规
INFO 2025-08-26 05:33:03,294 views 13068 27548 违规数据分析完成: 0条记录
INFO 2025-08-26 05:33:03,295 basehttp 13068 27548 "GET /api/monitor/violations/analytics/?range=24h HTTP/1.1" 200 481
INFO 2025-08-26 05:34:03,287 views 13068 21808 违规数据分析请求: range=24h, query_all=False
INFO 2025-08-26 05:34:03,293 services 13068 21808 违规数据分析完成: 0条记录, 0次违规
INFO 2025-08-26 05:34:03,293 views 13068 21808 违规数据分析完成: 0条记录
INFO 2025-08-26 05:34:03,294 basehttp 13068 21808 "GET /api/monitor/violations/analytics/?range=24h HTTP/1.1" 200 481
INFO 2025-08-26 05:35:03,289 views 13068 11864 违规数据分析请求: range=24h, query_all=False
INFO 2025-08-26 05:35:03,296 services 13068 11864 违规数据分析完成: 0条记录, 0次违规
INFO 2025-08-26 05:35:03,296 views 13068 11864 违规数据分析完成: 0条记录
INFO 2025-08-26 05:35:03,297 basehttp 13068 11864 "GET /api/monitor/violations/analytics/?range=24h HTTP/1.1" 200 481
INFO 2025-08-26 05:36:03,283 views 13068 26804 违规数据分析请求: range=24h, query_all=False
INFO 2025-08-26 05:36:03,290 services 13068 26804 违规数据分析完成: 0条记录, 0次违规
INFO 2025-08-26 05:36:03,291 views 13068 26804 违规数据分析完成: 0条记录
INFO 2025-08-26 05:36:03,292 basehttp 13068 26804 "GET /api/monitor/violations/analytics/?range=24h HTTP/1.1" 200 481
INFO 2025-08-26 05:37:03,286 views 13068 19444 违规数据分析请求: range=24h, query_all=False
INFO 2025-08-26 05:37:03,292 services 13068 19444 违规数据分析完成: 0条记录, 0次违规
INFO 2025-08-26 05:37:03,292 views 13068 19444 违规数据分析完成: 0条记录
INFO 2025-08-26 05:37:03,293 basehttp 13068 19444 "GET /api/monitor/violations/analytics/?range=24h HTTP/1.1" 200 481
INFO 2025-08-26 05:38:03,289 views 13068 21080 违规数据分析请求: range=24h, query_all=False
INFO 2025-08-26 05:38:03,296 services 13068 21080 违规数据分析完成: 0条记录, 0次违规
INFO 2025-08-26 05:38:03,297 views 13068 21080 违规数据分析完成: 0条记录
INFO 2025-08-26 05:38:03,298 basehttp 13068 21080 "GET /api/monitor/violations/analytics/?range=24h HTTP/1.1" 200 481
INFO 2025-08-26 05:39:03,289 views 13068 25404 违规数据分析请求: range=24h, query_all=False
INFO 2025-08-26 05:39:03,296 services 13068 25404 违规数据分析完成: 0条记录, 0次违规
INFO 2025-08-26 05:39:03,296 views 13068 25404 违规数据分析完成: 0条记录
INFO 2025-08-26 05:39:03,297 basehttp 13068 25404 "GET /api/monitor/violations/analytics/?range=24h HTTP/1.1" 200 481
INFO 2025-08-26 05:40:03,281 views 13068 23832 违规数据分析请求: range=24h, query_all=False
INFO 2025-08-26 05:40:03,291 services 13068 23832 违规数据分析完成: 0条记录, 0次违规
INFO 2025-08-26 05:40:03,292 views 13068 23832 违规数据分析完成: 0条记录
INFO 2025-08-26 05:40:03,294 basehttp 13068 23832 "GET /api/monitor/violations/analytics/?range=24h HTTP/1.1" 200 481
INFO 2025-08-26 05:41:03,282 views 13068 19872 违规数据分析请求: range=24h, query_all=False
INFO 2025-08-26 05:41:03,290 services 13068 19872 违规数据分析完成: 0条记录, 0次违规
INFO 2025-08-26 05:41:03,290 views 13068 19872 违规数据分析完成: 0条记录
INFO 2025-08-26 05:41:03,291 basehttp 13068 19872 "GET /api/monitor/violations/analytics/?range=24h HTTP/1.1" 200 481
INFO 2025-08-26 05:42:03,286 views 13068 13944 违规数据分析请求: range=24h, query_all=False
INFO 2025-08-26 05:42:03,293 services 13068 13944 违规数据分析完成: 0条记录, 0次违规
INFO 2025-08-26 05:42:03,294 views 13068 13944 违规数据分析完成: 0条记录
INFO 2025-08-26 05:42:03,296 basehttp 13068 13944 "GET /api/monitor/violations/analytics/?range=24h HTTP/1.1" 200 481
INFO 2025-08-26 05:43:03,280 views 13068 33436 违规数据分析请求: range=24h, query_all=False
INFO 2025-08-26 05:43:03,286 services 13068 33436 违规数据分析完成: 0条记录, 0次违规
INFO 2025-08-26 05:43:03,286 views 13068 33436 违规数据分析完成: 0条记录
INFO 2025-08-26 05:43:03,288 basehttp 13068 33436 "GET /api/monitor/violations/analytics/?range=24h HTTP/1.1" 200 481
INFO 2025-08-26 05:44:03,277 views 13068 10536 违规数据分析请求: range=24h, query_all=False
INFO 2025-08-26 05:44:03,281 services 13068 10536 违规数据分析完成: 0条记录, 0次违规
INFO 2025-08-26 05:44:03,282 views 13068 10536 违规数据分析完成: 0条记录
INFO 2025-08-26 05:44:03,283 basehttp 13068 10536 "GET /api/monitor/violations/analytics/?range=24h HTTP/1.1" 200 481
INFO 2025-08-26 05:45:03,278 views 13068 17404 违规数据分析请求: range=24h, query_all=False
INFO 2025-08-26 05:45:03,283 services 13068 17404 违规数据分析完成: 0条记录, 0次违规
INFO 2025-08-26 05:45:03,284 views 13068 17404 违规数据分析完成: 0条记录
INFO 2025-08-26 05:45:03,285 basehttp 13068 17404 "GET /api/monitor/violations/analytics/?range=24h HTTP/1.1" 200 481
INFO 2025-08-26 05:46:03,282 views 13068 9432 违规数据分析请求: range=24h, query_all=False
INFO 2025-08-26 05:46:03,289 services 13068 9432 违规数据分析完成: 0条记录, 0次违规
INFO 2025-08-26 05:46:03,290 views 13068 9432 违规数据分析完成: 0条记录
INFO 2025-08-26 05:46:03,291 basehttp 13068 9432 "GET /api/monitor/violations/analytics/?range=24h HTTP/1.1" 200 481
INFO 2025-08-26 05:47:03,278 views 13068 31120 违规数据分析请求: range=24h, query_all=False
INFO 2025-08-26 05:47:03,287 services 13068 31120 违规数据分析完成: 0条记录, 0次违规
INFO 2025-08-26 05:47:03,287 views 13068 31120 违规数据分析完成: 0条记录
INFO 2025-08-26 05:47:03,288 basehttp 13068 31120 "GET /api/monitor/violations/analytics/?range=24h HTTP/1.1" 200 481
INFO 2025-08-26 05:48:03,282 views 13068 17768 违规数据分析请求: range=24h, query_all=False
INFO 2025-08-26 05:48:03,290 services 13068 17768 违规数据分析完成: 0条记录, 0次违规
INFO 2025-08-26 05:48:03,290 views 13068 17768 违规数据分析完成: 0条记录
INFO 2025-08-26 05:48:03,291 basehttp 13068 17768 "GET /api/monitor/violations/analytics/?range=24h HTTP/1.1" 200 481
INFO 2025-08-26 05:49:03,276 views 13068 31824 违规数据分析请求: range=24h, query_all=False
INFO 2025-08-26 05:49:03,281 services 13068 31824 违规数据分析完成: 0条记录, 0次违规
INFO 2025-08-26 05:49:03,281 views 13068 31824 违规数据分析完成: 0条记录
INFO 2025-08-26 05:49:03,282 basehttp 13068 31824 "GET /api/monitor/violations/analytics/?range=24h HTTP/1.1" 200 481
INFO 2025-08-26 05:50:03,280 views 13068 13268 违规数据分析请求: range=24h, query_all=False
INFO 2025-08-26 05:50:03,284 services 13068 13268 违规数据分析完成: 0条记录, 0次违规
INFO 2025-08-26 05:50:03,285 views 13068 13268 违规数据分析完成: 0条记录
INFO 2025-08-26 05:50:03,287 basehttp 13068 13268 "GET /api/monitor/violations/analytics/?range=24h HTTP/1.1" 200 481
INFO 2025-08-26 05:51:03,284 views 13068 19284 违规数据分析请求: range=24h, query_all=False
INFO 2025-08-26 05:51:03,291 services 13068 19284 违规数据分析完成: 0条记录, 0次违规
INFO 2025-08-26 05:51:03,291 views 13068 19284 违规数据分析完成: 0条记录
INFO 2025-08-26 05:51:03,292 basehttp 13068 19284 "GET /api/monitor/violations/analytics/?range=24h HTTP/1.1" 200 481
INFO 2025-08-26 05:52:03,286 views 13068 31856 违规数据分析请求: range=24h, query_all=False
INFO 2025-08-26 05:52:03,292 services 13068 31856 违规数据分析完成: 0条记录, 0次违规
INFO 2025-08-26 05:52:03,293 views 13068 31856 违规数据分析完成: 0条记录
INFO 2025-08-26 05:52:03,295 basehttp 13068 31856 "GET /api/monitor/violations/analytics/?range=24h HTTP/1.1" 200 481
INFO 2025-08-26 05:53:03,275 views 13068 4752 违规数据分析请求: range=24h, query_all=False
INFO 2025-08-26 05:53:03,282 services 13068 4752 违规数据分析完成: 0条记录, 0次违规
INFO 2025-08-26 05:53:03,283 views 13068 4752 违规数据分析完成: 0条记录
INFO 2025-08-26 05:53:03,284 basehttp 13068 4752 "GET /api/monitor/violations/analytics/?range=24h HTTP/1.1" 200 481
INFO 2025-08-26 05:54:03,275 views 13068 14172 违规数据分析请求: range=24h, query_all=False
INFO 2025-08-26 05:54:03,280 services 13068 14172 违规数据分析完成: 0条记录, 0次违规
INFO 2025-08-26 05:54:03,281 views 13068 14172 违规数据分析完成: 0条记录
INFO 2025-08-26 05:54:03,282 basehttp 13068 14172 "GET /api/monitor/violations/analytics/?range=24h HTTP/1.1" 200 481
INFO 2025-08-26 05:55:03,278 views 13068 30776 违规数据分析请求: range=24h, query_all=False
INFO 2025-08-26 05:55:03,283 services 13068 30776 违规数据分析完成: 0条记录, 0次违规
INFO 2025-08-26 05:55:03,284 views 13068 30776 违规数据分析完成: 0条记录
INFO 2025-08-26 05:55:03,285 basehttp 13068 30776 "GET /api/monitor/violations/analytics/?range=24h HTTP/1.1" 200 481
INFO 2025-08-26 05:56:03,279 views 13068 17996 违规数据分析请求: range=24h, query_all=False
INFO 2025-08-26 05:56:03,286 services 13068 17996 违规数据分析完成: 0条记录, 0次违规
INFO 2025-08-26 05:56:03,286 views 13068 17996 违规数据分析完成: 0条记录
INFO 2025-08-26 05:56:03,287 basehttp 13068 17996 "GET /api/monitor/violations/analytics/?range=24h HTTP/1.1" 200 481
INFO 2025-08-26 05:57:03,272 views 13068 23156 违规数据分析请求: range=24h, query_all=False
INFO 2025-08-26 05:57:03,279 services 13068 23156 违规数据分析完成: 0条记录, 0次违规
INFO 2025-08-26 05:57:03,279 views 13068 23156 违规数据分析完成: 0条记录
INFO 2025-08-26 05:57:03,280 basehttp 13068 23156 "GET /api/monitor/violations/analytics/?range=24h HTTP/1.1" 200 481
INFO 2025-08-26 05:58:03,292 views 13068 31272 违规数据分析请求: range=24h, query_all=False
INFO 2025-08-26 05:58:03,298 services 13068 31272 违规数据分析完成: 0条记录, 0次违规
INFO 2025-08-26 05:58:03,298 views 13068 31272 违规数据分析完成: 0条记录
INFO 2025-08-26 05:58:03,300 basehttp 13068 31272 "GET /api/monitor/violations/analytics/?range=24h HTTP/1.1" 200 481
INFO 2025-08-26 05:59:03,277 views 13068 19872 违规数据分析请求: range=24h, query_all=False
INFO 2025-08-26 05:59:03,282 services 13068 19872 违规数据分析完成: 0条记录, 0次违规
INFO 2025-08-26 05:59:03,283 views 13068 19872 违规数据分析完成: 0条记录
INFO 2025-08-26 05:59:03,285 basehttp 13068 19872 "GET /api/monitor/violations/analytics/?range=24h HTTP/1.1" 200 481
INFO 2025-08-26 06:00:03,284 views 13068 26960 违规数据分析请求: range=24h, query_all=False
INFO 2025-08-26 06:00:03,291 services 13068 26960 违规数据分析完成: 0条记录, 0次违规
INFO 2025-08-26 06:00:03,291 views 13068 26960 违规数据分析完成: 0条记录
INFO 2025-08-26 06:00:03,294 basehttp 13068 26960 "GET /api/monitor/violations/analytics/?range=24h HTTP/1.1" 200 481
INFO 2025-08-26 06:01:03,284 views 13068 28524 违规数据分析请求: range=24h, query_all=False
INFO 2025-08-26 06:01:03,292 services 13068 28524 违规数据分析完成: 0条记录, 0次违规
INFO 2025-08-26 06:01:03,292 views 13068 28524 违规数据分析完成: 0条记录
INFO 2025-08-26 06:01:03,295 basehttp 13068 28524 "GET /api/monitor/violations/analytics/?range=24h HTTP/1.1" 200 481
INFO 2025-08-26 06:02:03,284 views 13068 17600 违规数据分析请求: range=24h, query_all=False
INFO 2025-08-26 06:02:03,291 services 13068 17600 违规数据分析完成: 0条记录, 0次违规
INFO 2025-08-26 06:02:03,291 views 13068 17600 违规数据分析完成: 0条记录
INFO 2025-08-26 06:02:03,292 basehttp 13068 17600 "GET /api/monitor/violations/analytics/?range=24h HTTP/1.1" 200 481
INFO 2025-08-26 06:03:03,276 views 13068 33732 违规数据分析请求: range=24h, query_all=False
INFO 2025-08-26 06:03:03,282 services 13068 33732 违规数据分析完成: 0条记录, 0次违规
INFO 2025-08-26 06:03:03,283 views 13068 33732 违规数据分析完成: 0条记录
INFO 2025-08-26 06:03:03,284 basehttp 13068 33732 "GET /api/monitor/violations/analytics/?range=24h HTTP/1.1" 200 481
INFO 2025-08-26 06:04:03,282 views 13068 14144 违规数据分析请求: range=24h, query_all=False
INFO 2025-08-26 06:04:03,291 services 13068 14144 违规数据分析完成: 0条记录, 0次违规
INFO 2025-08-26 06:04:03,292 views 13068 14144 违规数据分析完成: 0条记录
INFO 2025-08-26 06:04:03,293 basehttp 13068 14144 "GET /api/monitor/violations/analytics/?range=24h HTTP/1.1" 200 481
INFO 2025-08-26 06:05:03,287 views 13068 28288 违规数据分析请求: range=24h, query_all=False
INFO 2025-08-26 06:05:03,294 services 13068 28288 违规数据分析完成: 0条记录, 0次违规
INFO 2025-08-26 06:05:03,295 views 13068 28288 违规数据分析完成: 0条记录
INFO 2025-08-26 06:05:03,295 basehttp 13068 28288 "GET /api/monitor/violations/analytics/?range=24h HTTP/1.1" 200 481
INFO 2025-08-26 06:06:03,283 views 13068 32908 违规数据分析请求: range=24h, query_all=False
INFO 2025-08-26 06:06:03,290 services 13068 32908 违规数据分析完成: 0条记录, 0次违规
INFO 2025-08-26 06:06:03,290 views 13068 32908 违规数据分析完成: 0条记录
INFO 2025-08-26 06:06:03,291 basehttp 13068 32908 "GET /api/monitor/violations/analytics/?range=24h HTTP/1.1" 200 481
INFO 2025-08-26 06:07:03,278 views 13068 9352 违规数据分析请求: range=24h, query_all=False
INFO 2025-08-26 06:07:03,284 services 13068 9352 违规数据分析完成: 0条记录, 0次违规
INFO 2025-08-26 06:07:03,285 views 13068 9352 违规数据分析完成: 0条记录
INFO 2025-08-26 06:07:03,286 basehttp 13068 9352 "GET /api/monitor/violations/analytics/?range=24h HTTP/1.1" 200 481
INFO 2025-08-26 06:08:03,276 views 13068 30364 违规数据分析请求: range=24h, query_all=False
INFO 2025-08-26 06:08:03,283 services 13068 30364 违规数据分析完成: 0条记录, 0次违规
INFO 2025-08-26 06:08:03,283 views 13068 30364 违规数据分析完成: 0条记录
INFO 2025-08-26 06:08:03,284 basehttp 13068 30364 "GET /api/monitor/violations/analytics/?range=24h HTTP/1.1" 200 481
INFO 2025-08-26 06:09:03,283 views 13068 22072 违规数据分析请求: range=24h, query_all=False
INFO 2025-08-26 06:09:03,291 services 13068 22072 违规数据分析完成: 0条记录, 0次违规
INFO 2025-08-26 06:09:03,291 views 13068 22072 违规数据分析完成: 0条记录
INFO 2025-08-26 06:09:03,292 basehttp 13068 22072 "GET /api/monitor/violations/analytics/?range=24h HTTP/1.1" 200 481
INFO 2025-08-26 06:10:03,287 views 13068 25676 违规数据分析请求: range=24h, query_all=False
INFO 2025-08-26 06:10:03,294 services 13068 25676 违规数据分析完成: 0条记录, 0次违规
INFO 2025-08-26 06:10:03,295 views 13068 25676 违规数据分析完成: 0条记录
INFO 2025-08-26 06:10:03,296 basehttp 13068 25676 "GET /api/monitor/violations/analytics/?range=24h HTTP/1.1" 200 481
INFO 2025-08-26 06:11:03,281 views 13068 29632 违规数据分析请求: range=24h, query_all=False
INFO 2025-08-26 06:11:03,288 services 13068 29632 违规数据分析完成: 0条记录, 0次违规
INFO 2025-08-26 06:11:03,289 views 13068 29632 违规数据分析完成: 0条记录
INFO 2025-08-26 06:11:03,290 basehttp 13068 29632 "GET /api/monitor/violations/analytics/?range=24h HTTP/1.1" 200 481
INFO 2025-08-26 06:12:03,285 views 13068 23980 违规数据分析请求: range=24h, query_all=False
INFO 2025-08-26 06:12:03,292 services 13068 23980 违规数据分析完成: 0条记录, 0次违规
INFO 2025-08-26 06:12:03,292 views 13068 23980 违规数据分析完成: 0条记录
INFO 2025-08-26 06:12:03,293 basehttp 13068 23980 "GET /api/monitor/violations/analytics/?range=24h HTTP/1.1" 200 481
INFO 2025-08-26 06:13:03,288 views 13068 31824 违规数据分析请求: range=24h, query_all=False
INFO 2025-08-26 06:13:03,293 services 13068 31824 违规数据分析完成: 0条记录, 0次违规
INFO 2025-08-26 06:13:03,293 views 13068 31824 违规数据分析完成: 0条记录
INFO 2025-08-26 06:13:03,295 basehttp 13068 31824 "GET /api/monitor/violations/analytics/?range=24h HTTP/1.1" 200 481
INFO 2025-08-26 06:14:03,280 views 13068 19448 违规数据分析请求: range=24h, query_all=False
INFO 2025-08-26 06:14:03,286 services 13068 19448 违规数据分析完成: 0条记录, 0次违规
INFO 2025-08-26 06:14:03,288 views 13068 19448 违规数据分析完成: 0条记录
INFO 2025-08-26 06:14:03,289 basehttp 13068 19448 "GET /api/monitor/violations/analytics/?range=24h HTTP/1.1" 200 481
INFO 2025-08-26 06:15:03,283 views 13068 4576 违规数据分析请求: range=24h, query_all=False
INFO 2025-08-26 06:15:03,289 services 13068 4576 违规数据分析完成: 0条记录, 0次违规
INFO 2025-08-26 06:15:03,290 views 13068 4576 违规数据分析完成: 0条记录
INFO 2025-08-26 06:15:03,291 basehttp 13068 4576 "GET /api/monitor/violations/analytics/?range=24h HTTP/1.1" 200 481
INFO 2025-08-26 06:16:03,288 views 13068 30028 违规数据分析请求: range=24h, query_all=False
INFO 2025-08-26 06:16:03,296 services 13068 30028 违规数据分析完成: 0条记录, 0次违规
INFO 2025-08-26 06:16:03,297 views 13068 30028 违规数据分析完成: 0条记录
INFO 2025-08-26 06:16:03,299 basehttp 13068 30028 "GET /api/monitor/violations/analytics/?range=24h HTTP/1.1" 200 481
INFO 2025-08-26 06:17:03,282 views 13068 23520 违规数据分析请求: range=24h, query_all=False
INFO 2025-08-26 06:17:03,287 services 13068 23520 违规数据分析完成: 0条记录, 0次违规
INFO 2025-08-26 06:17:03,287 views 13068 23520 违规数据分析完成: 0条记录
INFO 2025-08-26 06:17:03,288 basehttp 13068 23520 "GET /api/monitor/violations/analytics/?range=24h HTTP/1.1" 200 481
INFO 2025-08-26 06:18:03,281 views 13068 31096 违规数据分析请求: range=24h, query_all=False
INFO 2025-08-26 06:18:03,289 services 13068 31096 违规数据分析完成: 0条记录, 0次违规
INFO 2025-08-26 06:18:03,289 views 13068 31096 违规数据分析完成: 0条记录
INFO 2025-08-26 06:18:03,290 basehttp 13068 31096 "GET /api/monitor/violations/analytics/?range=24h HTTP/1.1" 200 481
INFO 2025-08-26 06:19:03,282 views 13068 30788 违规数据分析请求: range=24h, query_all=False
INFO 2025-08-26 06:19:03,288 services 13068 30788 违规数据分析完成: 0条记录, 0次违规
INFO 2025-08-26 06:19:03,289 views 13068 30788 违规数据分析完成: 0条记录
INFO 2025-08-26 06:19:03,290 basehttp 13068 30788 "GET /api/monitor/violations/analytics/?range=24h HTTP/1.1" 200 481
INFO 2025-08-26 06:20:03,287 views 13068 31808 违规数据分析请求: range=24h, query_all=False
INFO 2025-08-26 06:20:03,294 services 13068 31808 违规数据分析完成: 0条记录, 0次违规
INFO 2025-08-26 06:20:03,294 views 13068 31808 违规数据分析完成: 0条记录
INFO 2025-08-26 06:20:03,295 basehttp 13068 31808 "GET /api/monitor/violations/analytics/?range=24h HTTP/1.1" 200 481
INFO 2025-08-26 06:21:03,283 views 13068 32204 违规数据分析请求: range=24h, query_all=False
INFO 2025-08-26 06:21:03,289 services 13068 32204 违规数据分析完成: 0条记录, 0次违规
INFO 2025-08-26 06:21:03,290 views 13068 32204 违规数据分析完成: 0条记录
INFO 2025-08-26 06:21:03,292 basehttp 13068 32204 "GET /api/monitor/violations/analytics/?range=24h HTTP/1.1" 200 481
INFO 2025-08-26 06:22:03,276 views 13068 33304 违规数据分析请求: range=24h, query_all=False
INFO 2025-08-26 06:22:03,282 services 13068 33304 违规数据分析完成: 0条记录, 0次违规
INFO 2025-08-26 06:22:03,282 views 13068 33304 违规数据分析完成: 0条记录
INFO 2025-08-26 06:22:03,284 basehttp 13068 33304 "GET /api/monitor/violations/analytics/?range=24h HTTP/1.1" 200 481
INFO 2025-08-26 06:23:03,277 views 13068 4740 违规数据分析请求: range=24h, query_all=False
INFO 2025-08-26 06:23:03,284 services 13068 4740 违规数据分析完成: 0条记录, 0次违规
INFO 2025-08-26 06:23:03,284 views 13068 4740 违规数据分析完成: 0条记录
INFO 2025-08-26 06:23:03,285 basehttp 13068 4740 "GET /api/monitor/violations/analytics/?range=24h HTTP/1.1" 200 481
INFO 2025-08-26 06:24:03,282 views 13068 9192 违规数据分析请求: range=24h, query_all=False
INFO 2025-08-26 06:24:03,288 services 13068 9192 违规数据分析完成: 0条记录, 0次违规
INFO 2025-08-26 06:24:03,289 views 13068 9192 违规数据分析完成: 0条记录
INFO 2025-08-26 06:24:03,290 basehttp 13068 9192 "GET /api/monitor/violations/analytics/?range=24h HTTP/1.1" 200 481
INFO 2025-08-26 06:25:03,284 views 13068 29220 违规数据分析请求: range=24h, query_all=False
INFO 2025-08-26 06:25:03,291 services 13068 29220 违规数据分析完成: 0条记录, 0次违规
INFO 2025-08-26 06:25:03,291 views 13068 29220 违规数据分析完成: 0条记录
INFO 2025-08-26 06:25:03,292 basehttp 13068 29220 "GET /api/monitor/violations/analytics/?range=24h HTTP/1.1" 200 481
INFO 2025-08-26 06:26:03,277 views 13068 16632 违规数据分析请求: range=24h, query_all=False
INFO 2025-08-26 06:26:03,283 services 13068 16632 违规数据分析完成: 0条记录, 0次违规
INFO 2025-08-26 06:26:03,284 views 13068 16632 违规数据分析完成: 0条记录
INFO 2025-08-26 06:26:03,285 basehttp 13068 16632 "GET /api/monitor/violations/analytics/?range=24h HTTP/1.1" 200 481
INFO 2025-08-26 06:27:03,278 views 13068 28316 违规数据分析请求: range=24h, query_all=False
INFO 2025-08-26 06:27:03,285 services 13068 28316 违规数据分析完成: 0条记录, 0次违规
INFO 2025-08-26 06:27:03,286 views 13068 28316 违规数据分析完成: 0条记录
INFO 2025-08-26 06:27:03,287 basehttp 13068 28316 "GET /api/monitor/violations/analytics/?range=24h HTTP/1.1" 200 481
INFO 2025-08-26 06:28:03,289 views 13068 33556 违规数据分析请求: range=24h, query_all=False
INFO 2025-08-26 06:28:03,294 services 13068 33556 违规数据分析完成: 0条记录, 0次违规
INFO 2025-08-26 06:28:03,294 views 13068 33556 违规数据分析完成: 0条记录
INFO 2025-08-26 06:28:03,296 basehttp 13068 33556 "GET /api/monitor/violations/analytics/?range=24h HTTP/1.1" 200 481
INFO 2025-08-26 06:29:03,283 views 13068 25260 违规数据分析请求: range=24h, query_all=False
INFO 2025-08-26 06:29:03,292 services 13068 25260 违规数据分析完成: 0条记录, 0次违规
INFO 2025-08-26 06:29:03,292 views 13068 25260 违规数据分析完成: 0条记录
INFO 2025-08-26 06:29:03,294 basehttp 13068 25260 "GET /api/monitor/violations/analytics/?range=24h HTTP/1.1" 200 481
INFO 2025-08-26 06:30:03,286 views 13068 27068 违规数据分析请求: range=24h, query_all=False
INFO 2025-08-26 06:30:03,293 services 13068 27068 违规数据分析完成: 0条记录, 0次违规
INFO 2025-08-26 06:30:03,294 views 13068 27068 违规数据分析完成: 0条记录
INFO 2025-08-26 06:30:03,295 basehttp 13068 27068 "GET /api/monitor/violations/analytics/?range=24h HTTP/1.1" 200 481
INFO 2025-08-26 06:31:03,287 views 13068 2884 违规数据分析请求: range=24h, query_all=False
INFO 2025-08-26 06:31:03,294 services 13068 2884 违规数据分析完成: 0条记录, 0次违规
INFO 2025-08-26 06:31:03,294 views 13068 2884 违规数据分析完成: 0条记录
INFO 2025-08-26 06:31:03,295 basehttp 13068 2884 "GET /api/monitor/violations/analytics/?range=24h HTTP/1.1" 200 481
INFO 2025-08-26 06:32:03,282 views 13068 23420 违规数据分析请求: range=24h, query_all=False
INFO 2025-08-26 06:32:03,289 services 13068 23420 违规数据分析完成: 0条记录, 0次违规
INFO 2025-08-26 06:32:03,289 views 13068 23420 违规数据分析完成: 0条记录
INFO 2025-08-26 06:32:03,291 basehttp 13068 23420 "GET /api/monitor/violations/analytics/?range=24h HTTP/1.1" 200 481
INFO 2025-08-26 06:33:03,288 views 13068 32488 违规数据分析请求: range=24h, query_all=False
INFO 2025-08-26 06:33:03,292 services 13068 32488 违规数据分析完成: 0条记录, 0次违规
INFO 2025-08-26 06:33:03,293 views 13068 32488 违规数据分析完成: 0条记录
INFO 2025-08-26 06:33:03,296 basehttp 13068 32488 "GET /api/monitor/violations/analytics/?range=24h HTTP/1.1" 200 481
INFO 2025-08-26 06:34:03,286 views 13068 28900 违规数据分析请求: range=24h, query_all=False
INFO 2025-08-26 06:34:03,293 services 13068 28900 违规数据分析完成: 0条记录, 0次违规
INFO 2025-08-26 06:34:03,294 views 13068 28900 违规数据分析完成: 0条记录
INFO 2025-08-26 06:34:03,295 basehttp 13068 28900 "GET /api/monitor/violations/analytics/?range=24h HTTP/1.1" 200 481
INFO 2025-08-26 06:35:03,280 views 13068 33412 违规数据分析请求: range=24h, query_all=False
INFO 2025-08-26 06:35:03,286 services 13068 33412 违规数据分析完成: 0条记录, 0次违规
INFO 2025-08-26 06:35:03,286 views 13068 33412 违规数据分析完成: 0条记录
INFO 2025-08-26 06:35:03,288 basehttp 13068 33412 "GET /api/monitor/violations/analytics/?range=24h HTTP/1.1" 200 481
INFO 2025-08-26 06:36:03,276 views 13068 31756 违规数据分析请求: range=24h, query_all=False
INFO 2025-08-26 06:36:03,284 services 13068 31756 违规数据分析完成: 0条记录, 0次违规
INFO 2025-08-26 06:36:03,284 views 13068 31756 违规数据分析完成: 0条记录
INFO 2025-08-26 06:36:03,286 basehttp 13068 31756 "GET /api/monitor/violations/analytics/?range=24h HTTP/1.1" 200 481
INFO 2025-08-26 06:37:03,278 views 13068 31924 违规数据分析请求: range=24h, query_all=False
INFO 2025-08-26 06:37:03,284 services 13068 31924 违规数据分析完成: 0条记录, 0次违规
INFO 2025-08-26 06:37:03,284 views 13068 31924 违规数据分析完成: 0条记录
INFO 2025-08-26 06:37:03,285 basehttp 13068 31924 "GET /api/monitor/violations/analytics/?range=24h HTTP/1.1" 200 481
INFO 2025-08-26 06:38:03,287 views 13068 16696 违规数据分析请求: range=24h, query_all=False
INFO 2025-08-26 06:38:03,293 services 13068 16696 违规数据分析完成: 0条记录, 0次违规
INFO 2025-08-26 06:38:03,294 views 13068 16696 违规数据分析完成: 0条记录
INFO 2025-08-26 06:38:03,295 basehttp 13068 16696 "GET /api/monitor/violations/analytics/?range=24h HTTP/1.1" 200 481
INFO 2025-08-26 06:39:03,282 views 13068 16432 违规数据分析请求: range=24h, query_all=False
INFO 2025-08-26 06:39:03,287 services 13068 16432 违规数据分析完成: 0条记录, 0次违规
INFO 2025-08-26 06:39:03,287 views 13068 16432 违规数据分析完成: 0条记录
INFO 2025-08-26 06:39:03,289 basehttp 13068 16432 "GET /api/monitor/violations/analytics/?range=24h HTTP/1.1" 200 481
INFO 2025-08-26 06:40:03,285 views 13068 21748 违规数据分析请求: range=24h, query_all=False
INFO 2025-08-26 06:40:03,293 services 13068 21748 违规数据分析完成: 0条记录, 0次违规
INFO 2025-08-26 06:40:03,293 views 13068 21748 违规数据分析完成: 0条记录
INFO 2025-08-26 06:40:03,295 basehttp 13068 21748 "GET /api/monitor/violations/analytics/?range=24h HTTP/1.1" 200 481
INFO 2025-08-26 06:41:03,277 views 13068 33428 违规数据分析请求: range=24h, query_all=False
INFO 2025-08-26 06:41:03,283 services 13068 33428 违规数据分析完成: 0条记录, 0次违规
INFO 2025-08-26 06:41:03,284 views 13068 33428 违规数据分析完成: 0条记录
INFO 2025-08-26 06:41:03,285 basehttp 13068 33428 "GET /api/monitor/violations/analytics/?range=24h HTTP/1.1" 200 481
INFO 2025-08-26 06:42:03,279 views 13068 28288 违规数据分析请求: range=24h, query_all=False
INFO 2025-08-26 06:42:03,283 services 13068 28288 违规数据分析完成: 0条记录, 0次违规
INFO 2025-08-26 06:42:03,284 views 13068 28288 违规数据分析完成: 0条记录
INFO 2025-08-26 06:42:03,284 basehttp 13068 28288 "GET /api/monitor/violations/analytics/?range=24h HTTP/1.1" 200 481
INFO 2025-08-26 06:43:03,291 views 13068 9432 违规数据分析请求: range=24h, query_all=False
INFO 2025-08-26 06:43:03,297 services 13068 9432 违规数据分析完成: 0条记录, 0次违规
INFO 2025-08-26 06:43:03,298 views 13068 9432 违规数据分析完成: 0条记录
INFO 2025-08-26 06:43:03,299 basehttp 13068 9432 "GET /api/monitor/violations/analytics/?range=24h HTTP/1.1" 200 481
INFO 2025-08-26 06:44:03,276 views 13068 33760 违规数据分析请求: range=24h, query_all=False
INFO 2025-08-26 06:44:03,284 services 13068 33760 违规数据分析完成: 0条记录, 0次违规
INFO 2025-08-26 06:44:03,284 views 13068 33760 违规数据分析完成: 0条记录
INFO 2025-08-26 06:44:03,285 basehttp 13068 33760 "GET /api/monitor/violations/analytics/?range=24h HTTP/1.1" 200 481
INFO 2025-08-26 06:45:03,284 views 13068 23228 违规数据分析请求: range=24h, query_all=False
INFO 2025-08-26 06:45:03,290 services 13068 23228 违规数据分析完成: 0条记录, 0次违规
INFO 2025-08-26 06:45:03,291 views 13068 23228 违规数据分析完成: 0条记录
INFO 2025-08-26 06:45:03,291 basehttp 13068 23228 "GET /api/monitor/violations/analytics/?range=24h HTTP/1.1" 200 481
INFO 2025-08-26 06:46:03,283 views 13068 4920 违规数据分析请求: range=24h, query_all=False
INFO 2025-08-26 06:46:03,290 services 13068 4920 违规数据分析完成: 0条记录, 0次违规
INFO 2025-08-26 06:46:03,291 views 13068 4920 违规数据分析完成: 0条记录
INFO 2025-08-26 06:46:03,293 basehttp 13068 4920 "GET /api/monitor/violations/analytics/?range=24h HTTP/1.1" 200 481
INFO 2025-08-26 06:47:03,288 views 13068 20080 违规数据分析请求: range=24h, query_all=False
INFO 2025-08-26 06:47:03,295 services 13068 20080 违规数据分析完成: 0条记录, 0次违规
INFO 2025-08-26 06:47:03,295 views 13068 20080 违规数据分析完成: 0条记录
INFO 2025-08-26 06:47:03,297 basehttp 13068 20080 "GET /api/monitor/violations/analytics/?range=24h HTTP/1.1" 200 481
INFO 2025-08-26 06:48:03,289 views 13068 27812 违规数据分析请求: range=24h, query_all=False
INFO 2025-08-26 06:48:03,297 services 13068 27812 违规数据分析完成: 0条记录, 0次违规
INFO 2025-08-26 06:48:03,298 views 13068 27812 违规数据分析完成: 0条记录
INFO 2025-08-26 06:48:03,299 basehttp 13068 27812 "GET /api/monitor/violations/analytics/?range=24h HTTP/1.1" 200 481
INFO 2025-08-26 06:49:03,286 views 13068 33356 违规数据分析请求: range=24h, query_all=False
INFO 2025-08-26 06:49:03,294 services 13068 33356 违规数据分析完成: 0条记录, 0次违规
INFO 2025-08-26 06:49:03,295 views 13068 33356 违规数据分析完成: 0条记录
INFO 2025-08-26 06:49:03,296 basehttp 13068 33356 "GET /api/monitor/violations/analytics/?range=24h HTTP/1.1" 200 481
INFO 2025-08-26 06:50:03,283 views 13068 31372 违规数据分析请求: range=24h, query_all=False
INFO 2025-08-26 06:50:03,290 services 13068 31372 违规数据分析完成: 0条记录, 0次违规
INFO 2025-08-26 06:50:03,290 views 13068 31372 违规数据分析完成: 0条记录
INFO 2025-08-26 06:50:03,291 basehttp 13068 31372 "GET /api/monitor/violations/analytics/?range=24h HTTP/1.1" 200 481
INFO 2025-08-26 06:51:03,272 views 13068 20300 违规数据分析请求: range=24h, query_all=False
INFO 2025-08-26 06:51:03,279 services 13068 20300 违规数据分析完成: 0条记录, 0次违规
INFO 2025-08-26 06:51:03,279 views 13068 20300 违规数据分析完成: 0条记录
INFO 2025-08-26 06:51:03,279 basehttp 13068 20300 "GET /api/monitor/violations/analytics/?range=24h HTTP/1.1" 200 481
INFO 2025-08-26 06:52:03,277 views 13068 33748 违规数据分析请求: range=24h, query_all=False
INFO 2025-08-26 06:52:03,283 services 13068 33748 违规数据分析完成: 0条记录, 0次违规
INFO 2025-08-26 06:52:03,284 views 13068 33748 违规数据分析完成: 0条记录
INFO 2025-08-26 06:52:03,285 basehttp 13068 33748 "GET /api/monitor/violations/analytics/?range=24h HTTP/1.1" 200 481
INFO 2025-08-26 06:53:03,278 views 13068 23388 违规数据分析请求: range=24h, query_all=False
INFO 2025-08-26 06:53:03,286 services 13068 23388 违规数据分析完成: 0条记录, 0次违规
INFO 2025-08-26 06:53:03,287 views 13068 23388 违规数据分析完成: 0条记录
INFO 2025-08-26 06:53:03,288 basehttp 13068 23388 "GET /api/monitor/violations/analytics/?range=24h HTTP/1.1" 200 481
INFO 2025-08-26 06:54:03,287 views 13068 32008 违规数据分析请求: range=24h, query_all=False
INFO 2025-08-26 06:54:03,293 services 13068 32008 违规数据分析完成: 0条记录, 0次违规
INFO 2025-08-26 06:54:03,293 views 13068 32008 违规数据分析完成: 0条记录
INFO 2025-08-26 06:54:03,294 basehttp 13068 32008 "GET /api/monitor/violations/analytics/?range=24h HTTP/1.1" 200 481
INFO 2025-08-26 06:55:03,274 views 13068 12084 违规数据分析请求: range=24h, query_all=False
INFO 2025-08-26 06:55:03,280 services 13068 12084 违规数据分析完成: 0条记录, 0次违规
INFO 2025-08-26 06:55:03,281 views 13068 12084 违规数据分析完成: 0条记录
INFO 2025-08-26 06:55:03,282 basehttp 13068 12084 "GET /api/monitor/violations/analytics/?range=24h HTTP/1.1" 200 481
INFO 2025-08-26 06:56:03,284 views 13068 5580 违规数据分析请求: range=24h, query_all=False
INFO 2025-08-26 06:56:03,289 services 13068 5580 违规数据分析完成: 0条记录, 0次违规
INFO 2025-08-26 06:56:03,289 views 13068 5580 违规数据分析完成: 0条记录
INFO 2025-08-26 06:56:03,290 basehttp 13068 5580 "GET /api/monitor/violations/analytics/?range=24h HTTP/1.1" 200 481
INFO 2025-08-26 06:57:03,282 views 13068 19092 违规数据分析请求: range=24h, query_all=False
INFO 2025-08-26 06:57:03,287 services 13068 19092 违规数据分析完成: 0条记录, 0次违规
INFO 2025-08-26 06:57:03,287 views 13068 19092 违规数据分析完成: 0条记录
INFO 2025-08-26 06:57:03,288 basehttp 13068 19092 "GET /api/monitor/violations/analytics/?range=24h HTTP/1.1" 200 481
INFO 2025-08-26 06:58:03,287 views 13068 29952 违规数据分析请求: range=24h, query_all=False
INFO 2025-08-26 06:58:03,293 services 13068 29952 违规数据分析完成: 0条记录, 0次违规
INFO 2025-08-26 06:58:03,294 views 13068 29952 违规数据分析完成: 0条记录
INFO 2025-08-26 06:58:03,295 basehttp 13068 29952 "GET /api/monitor/violations/analytics/?range=24h HTTP/1.1" 200 481
INFO 2025-08-26 06:59:03,285 views 13068 31788 违规数据分析请求: range=24h, query_all=False
INFO 2025-08-26 06:59:03,293 services 13068 31788 违规数据分析完成: 0条记录, 0次违规
INFO 2025-08-26 06:59:03,293 views 13068 31788 违规数据分析完成: 0条记录
INFO 2025-08-26 06:59:03,294 basehttp 13068 31788 "GET /api/monitor/violations/analytics/?range=24h HTTP/1.1" 200 481
INFO 2025-08-26 07:00:03,279 views 13068 27184 违规数据分析请求: range=24h, query_all=False
INFO 2025-08-26 07:00:03,286 services 13068 27184 违规数据分析完成: 0条记录, 0次违规
INFO 2025-08-26 07:00:03,286 views 13068 27184 违规数据分析完成: 0条记录
INFO 2025-08-26 07:00:03,287 basehttp 13068 27184 "GET /api/monitor/violations/analytics/?range=24h HTTP/1.1" 200 481
INFO 2025-08-26 07:01:03,282 views 13068 33652 违规数据分析请求: range=24h, query_all=False
INFO 2025-08-26 07:01:03,288 services 13068 33652 违规数据分析完成: 0条记录, 0次违规
INFO 2025-08-26 07:01:03,288 views 13068 33652 违规数据分析完成: 0条记录
INFO 2025-08-26 07:01:03,289 basehttp 13068 33652 "GET /api/monitor/violations/analytics/?range=24h HTTP/1.1" 200 481
INFO 2025-08-26 07:02:03,282 views 13068 31924 违规数据分析请求: range=24h, query_all=False
INFO 2025-08-26 07:02:03,288 services 13068 31924 违规数据分析完成: 0条记录, 0次违规
INFO 2025-08-26 07:02:03,289 views 13068 31924 违规数据分析完成: 0条记录
INFO 2025-08-26 07:02:03,291 basehttp 13068 31924 "GET /api/monitor/violations/analytics/?range=24h HTTP/1.1" 200 481
INFO 2025-08-26 07:03:03,285 views 13068 24680 违规数据分析请求: range=24h, query_all=False
INFO 2025-08-26 07:03:03,290 services 13068 24680 违规数据分析完成: 0条记录, 0次违规
INFO 2025-08-26 07:03:03,291 views 13068 24680 违规数据分析完成: 0条记录
INFO 2025-08-26 07:03:03,292 basehttp 13068 24680 "GET /api/monitor/violations/analytics/?range=24h HTTP/1.1" 200 481
INFO 2025-08-26 07:04:03,282 views 13068 23608 违规数据分析请求: range=24h, query_all=False
INFO 2025-08-26 07:04:03,289 services 13068 23608 违规数据分析完成: 0条记录, 0次违规
INFO 2025-08-26 07:04:03,290 views 13068 23608 违规数据分析完成: 0条记录
INFO 2025-08-26 07:04:03,291 basehttp 13068 23608 "GET /api/monitor/violations/analytics/?range=24h HTTP/1.1" 200 481
INFO 2025-08-26 07:05:03,280 views 13068 33512 违规数据分析请求: range=24h, query_all=False
INFO 2025-08-26 07:05:03,286 services 13068 33512 违规数据分析完成: 0条记录, 0次违规
INFO 2025-08-26 07:05:03,286 views 13068 33512 违规数据分析完成: 0条记录
INFO 2025-08-26 07:05:03,287 basehttp 13068 33512 "GET /api/monitor/violations/analytics/?range=24h HTTP/1.1" 200 481
INFO 2025-08-26 07:06:03,283 views 13068 27468 违规数据分析请求: range=24h, query_all=False
INFO 2025-08-26 07:06:03,290 services 13068 27468 违规数据分析完成: 0条记录, 0次违规
INFO 2025-08-26 07:06:03,290 views 13068 27468 违规数据分析完成: 0条记录
INFO 2025-08-26 07:06:03,291 basehttp 13068 27468 "GET /api/monitor/violations/analytics/?range=24h HTTP/1.1" 200 481
INFO 2025-08-26 07:07:03,276 views 13068 23496 违规数据分析请求: range=24h, query_all=False
INFO 2025-08-26 07:07:03,281 services 13068 23496 违规数据分析完成: 0条记录, 0次违规
INFO 2025-08-26 07:07:03,282 views 13068 23496 违规数据分析完成: 0条记录
INFO 2025-08-26 07:07:03,282 basehttp 13068 23496 "GET /api/monitor/violations/analytics/?range=24h HTTP/1.1" 200 481
INFO 2025-08-26 07:08:03,282 views 13068 7348 违规数据分析请求: range=24h, query_all=False
INFO 2025-08-26 07:08:03,289 services 13068 7348 违规数据分析完成: 0条记录, 0次违规
INFO 2025-08-26 07:08:03,290 views 13068 7348 违规数据分析完成: 0条记录
INFO 2025-08-26 07:08:03,291 basehttp 13068 7348 "GET /api/monitor/violations/analytics/?range=24h HTTP/1.1" 200 481
INFO 2025-08-26 07:09:03,279 views 13068 11140 违规数据分析请求: range=24h, query_all=False
INFO 2025-08-26 07:09:03,286 services 13068 11140 违规数据分析完成: 0条记录, 0次违规
INFO 2025-08-26 07:09:03,286 views 13068 11140 违规数据分析完成: 0条记录
INFO 2025-08-26 07:09:03,288 basehttp 13068 11140 "GET /api/monitor/violations/analytics/?range=24h HTTP/1.1" 200 481
INFO 2025-08-26 07:10:03,277 views 13068 9276 违规数据分析请求: range=24h, query_all=False
INFO 2025-08-26 07:10:03,285 services 13068 9276 违规数据分析完成: 0条记录, 0次违规
INFO 2025-08-26 07:10:03,285 views 13068 9276 违规数据分析完成: 0条记录
INFO 2025-08-26 07:10:03,286 basehttp 13068 9276 "GET /api/monitor/violations/analytics/?range=24h HTTP/1.1" 200 481
INFO 2025-08-26 07:11:03,284 views 13068 22500 违规数据分析请求: range=24h, query_all=False
INFO 2025-08-26 07:11:03,291 services 13068 22500 违规数据分析完成: 0条记录, 0次违规
INFO 2025-08-26 07:11:03,292 views 13068 22500 违规数据分析完成: 0条记录
INFO 2025-08-26 07:11:03,292 basehttp 13068 22500 "GET /api/monitor/violations/analytics/?range=24h HTTP/1.1" 200 481
INFO 2025-08-26 07:12:03,285 views 13068 25224 违规数据分析请求: range=24h, query_all=False
INFO 2025-08-26 07:12:03,291 services 13068 25224 违规数据分析完成: 0条记录, 0次违规
INFO 2025-08-26 07:12:03,292 views 13068 25224 违规数据分析完成: 0条记录
INFO 2025-08-26 07:12:03,293 basehttp 13068 25224 "GET /api/monitor/violations/analytics/?range=24h HTTP/1.1" 200 481
INFO 2025-08-26 07:13:03,273 views 13068 31996 违规数据分析请求: range=24h, query_all=False
INFO 2025-08-26 07:13:03,279 services 13068 31996 违规数据分析完成: 0条记录, 0次违规
INFO 2025-08-26 07:13:03,279 views 13068 31996 违规数据分析完成: 0条记录
INFO 2025-08-26 07:13:03,280 basehttp 13068 31996 "GET /api/monitor/violations/analytics/?range=24h HTTP/1.1" 200 481
INFO 2025-08-26 07:14:03,283 views 13068 4192 违规数据分析请求: range=24h, query_all=False
INFO 2025-08-26 07:14:03,290 services 13068 4192 违规数据分析完成: 0条记录, 0次违规
INFO 2025-08-26 07:14:03,290 views 13068 4192 违规数据分析完成: 0条记录
INFO 2025-08-26 07:14:03,292 basehttp 13068 4192 "GET /api/monitor/violations/analytics/?range=24h HTTP/1.1" 200 481
INFO 2025-08-26 07:15:03,282 views 13068 29952 违规数据分析请求: range=24h, query_all=False
INFO 2025-08-26 07:15:03,286 services 13068 29952 违规数据分析完成: 0条记录, 0次违规
INFO 2025-08-26 07:15:03,287 views 13068 29952 违规数据分析完成: 0条记录
INFO 2025-08-26 07:15:03,288 basehttp 13068 29952 "GET /api/monitor/violations/analytics/?range=24h HTTP/1.1" 200 481
INFO 2025-08-26 07:16:03,278 views 13068 23564 违规数据分析请求: range=24h, query_all=False
INFO 2025-08-26 07:16:03,286 services 13068 23564 违规数据分析完成: 0条记录, 0次违规
INFO 2025-08-26 07:16:03,286 views 13068 23564 违规数据分析完成: 0条记录
INFO 2025-08-26 07:16:03,288 basehttp 13068 23564 "GET /api/monitor/violations/analytics/?range=24h HTTP/1.1" 200 481
INFO 2025-08-26 07:17:03,286 views 13068 32688 违规数据分析请求: range=24h, query_all=False
INFO 2025-08-26 07:17:03,292 services 13068 32688 违规数据分析完成: 0条记录, 0次违规
INFO 2025-08-26 07:17:03,293 views 13068 32688 违规数据分析完成: 0条记录
INFO 2025-08-26 07:17:03,293 basehttp 13068 32688 "GET /api/monitor/violations/analytics/?range=24h HTTP/1.1" 200 481
INFO 2025-08-26 07:18:03,276 views 13068 33788 违规数据分析请求: range=24h, query_all=False
INFO 2025-08-26 07:18:03,282 services 13068 33788 违规数据分析完成: 0条记录, 0次违规
INFO 2025-08-26 07:18:03,284 views 13068 33788 违规数据分析完成: 0条记录
INFO 2025-08-26 07:18:03,285 basehttp 13068 33788 "GET /api/monitor/violations/analytics/?range=24h HTTP/1.1" 200 481
INFO 2025-08-26 07:19:03,277 views 13068 33080 违规数据分析请求: range=24h, query_all=False
INFO 2025-08-26 07:19:03,283 services 13068 33080 违规数据分析完成: 0条记录, 0次违规
INFO 2025-08-26 07:19:03,283 views 13068 33080 违规数据分析完成: 0条记录
INFO 2025-08-26 07:19:03,285 basehttp 13068 33080 "GET /api/monitor/violations/analytics/?range=24h HTTP/1.1" 200 481
INFO 2025-08-26 07:20:03,283 views 13068 29788 违规数据分析请求: range=24h, query_all=False
INFO 2025-08-26 07:20:03,289 services 13068 29788 违规数据分析完成: 0条记录, 0次违规
INFO 2025-08-26 07:20:03,290 views 13068 29788 违规数据分析完成: 0条记录
INFO 2025-08-26 07:20:03,292 basehttp 13068 29788 "GET /api/monitor/violations/analytics/?range=24h HTTP/1.1" 200 481
INFO 2025-08-26 07:21:03,298 views 13068 24980 违规数据分析请求: range=24h, query_all=False
INFO 2025-08-26 07:21:03,315 services 13068 24980 违规数据分析完成: 0条记录, 0次违规
INFO 2025-08-26 07:21:03,316 views 13068 24980 违规数据分析完成: 0条记录
INFO 2025-08-26 07:21:03,317 basehttp 13068 24980 "GET /api/monitor/violations/analytics/?range=24h HTTP/1.1" 200 481
INFO 2025-08-26 07:22:03,283 views 13068 27492 违规数据分析请求: range=24h, query_all=False
INFO 2025-08-26 07:22:03,289 services 13068 27492 违规数据分析完成: 0条记录, 0次违规
INFO 2025-08-26 07:22:03,290 views 13068 27492 违规数据分析完成: 0条记录
INFO 2025-08-26 07:22:03,291 basehttp 13068 27492 "GET /api/monitor/violations/analytics/?range=24h HTTP/1.1" 200 481
INFO 2025-08-26 07:23:03,280 views 13068 33316 违规数据分析请求: range=24h, query_all=False
INFO 2025-08-26 07:23:03,286 services 13068 33316 违规数据分析完成: 0条记录, 0次违规
INFO 2025-08-26 07:23:03,286 views 13068 33316 违规数据分析完成: 0条记录
INFO 2025-08-26 07:23:03,287 basehttp 13068 33316 "GET /api/monitor/violations/analytics/?range=24h HTTP/1.1" 200 481
INFO 2025-08-26 07:24:03,282 views 13068 6032 违规数据分析请求: range=24h, query_all=False
INFO 2025-08-26 07:24:03,288 services 13068 6032 违规数据分析完成: 0条记录, 0次违规
INFO 2025-08-26 07:24:03,289 views 13068 6032 违规数据分析完成: 0条记录
INFO 2025-08-26 07:24:03,289 basehttp 13068 6032 "GET /api/monitor/violations/analytics/?range=24h HTTP/1.1" 200 481
INFO 2025-08-26 07:25:03,288 views 13068 28520 违规数据分析请求: range=24h, query_all=False
INFO 2025-08-26 07:25:03,295 services 13068 28520 违规数据分析完成: 0条记录, 0次违规
INFO 2025-08-26 07:25:03,296 views 13068 28520 违规数据分析完成: 0条记录
INFO 2025-08-26 07:25:03,297 basehttp 13068 28520 "GET /api/monitor/violations/analytics/?range=24h HTTP/1.1" 200 481
INFO 2025-08-26 07:26:03,283 views 13068 8268 违规数据分析请求: range=24h, query_all=False
INFO 2025-08-26 07:26:03,289 services 13068 8268 违规数据分析完成: 0条记录, 0次违规
INFO 2025-08-26 07:26:03,289 views 13068 8268 违规数据分析完成: 0条记录
INFO 2025-08-26 07:26:03,290 basehttp 13068 8268 "GET /api/monitor/violations/analytics/?range=24h HTTP/1.1" 200 481
INFO 2025-08-26 07:27:03,278 views 13068 30844 违规数据分析请求: range=24h, query_all=False
INFO 2025-08-26 07:27:03,284 services 13068 30844 违规数据分析完成: 0条记录, 0次违规
INFO 2025-08-26 07:27:03,285 views 13068 30844 违规数据分析完成: 0条记录
INFO 2025-08-26 07:27:03,286 basehttp 13068 30844 "GET /api/monitor/violations/analytics/?range=24h HTTP/1.1" 200 481
INFO 2025-08-26 07:28:03,284 views 13068 20244 违规数据分析请求: range=24h, query_all=False
INFO 2025-08-26 07:28:03,292 services 13068 20244 违规数据分析完成: 0条记录, 0次违规
INFO 2025-08-26 07:28:03,292 views 13068 20244 违规数据分析完成: 0条记录
INFO 2025-08-26 07:28:03,293 basehttp 13068 20244 "GET /api/monitor/violations/analytics/?range=24h HTTP/1.1" 200 481
INFO 2025-08-26 07:29:03,273 views 13068 29056 违规数据分析请求: range=24h, query_all=False
INFO 2025-08-26 07:29:03,282 services 13068 29056 违规数据分析完成: 0条记录, 0次违规
INFO 2025-08-26 07:29:03,282 views 13068 29056 违规数据分析完成: 0条记录
INFO 2025-08-26 07:29:03,283 basehttp 13068 29056 "GET /api/monitor/violations/analytics/?range=24h HTTP/1.1" 200 481
INFO 2025-08-26 07:30:03,283 views 13068 32744 违规数据分析请求: range=24h, query_all=False
INFO 2025-08-26 07:30:03,290 services 13068 32744 违规数据分析完成: 0条记录, 0次违规
INFO 2025-08-26 07:30:03,290 views 13068 32744 违规数据分析完成: 0条记录
INFO 2025-08-26 07:30:03,291 basehttp 13068 32744 "GET /api/monitor/violations/analytics/?range=24h HTTP/1.1" 200 481
INFO 2025-08-26 07:31:03,277 views 13068 30132 违规数据分析请求: range=24h, query_all=False
INFO 2025-08-26 07:31:03,285 services 13068 30132 违规数据分析完成: 0条记录, 0次违规
INFO 2025-08-26 07:31:03,285 views 13068 30132 违规数据分析完成: 0条记录
INFO 2025-08-26 07:31:03,286 basehttp 13068 30132 "GET /api/monitor/violations/analytics/?range=24h HTTP/1.1" 200 481
INFO 2025-08-26 07:32:03,284 views 13068 30892 违规数据分析请求: range=24h, query_all=False
INFO 2025-08-26 07:32:03,292 services 13068 30892 违规数据分析完成: 0条记录, 0次违规
INFO 2025-08-26 07:32:03,292 views 13068 30892 违规数据分析完成: 0条记录
INFO 2025-08-26 07:32:03,293 basehttp 13068 30892 "GET /api/monitor/violations/analytics/?range=24h HTTP/1.1" 200 481
INFO 2025-08-26 07:33:03,280 views 13068 22860 违规数据分析请求: range=24h, query_all=False
INFO 2025-08-26 07:33:03,286 services 13068 22860 违规数据分析完成: 0条记录, 0次违规
INFO 2025-08-26 07:33:03,286 views 13068 22860 违规数据分析完成: 0条记录
INFO 2025-08-26 07:33:03,287 basehttp 13068 22860 "GET /api/monitor/violations/analytics/?range=24h HTTP/1.1" 200 481
INFO 2025-08-26 07:34:03,291 views 13068 31296 违规数据分析请求: range=24h, query_all=False
INFO 2025-08-26 07:34:03,297 services 13068 31296 违规数据分析完成: 0条记录, 0次违规
INFO 2025-08-26 07:34:03,297 views 13068 31296 违规数据分析完成: 0条记录
INFO 2025-08-26 07:34:03,298 basehttp 13068 31296 "GET /api/monitor/violations/analytics/?range=24h HTTP/1.1" 200 481
INFO 2025-08-26 07:35:03,285 views 13068 28164 违规数据分析请求: range=24h, query_all=False
INFO 2025-08-26 07:35:03,290 services 13068 28164 违规数据分析完成: 0条记录, 0次违规
INFO 2025-08-26 07:35:03,291 views 13068 28164 违规数据分析完成: 0条记录
INFO 2025-08-26 07:35:03,293 basehttp 13068 28164 "GET /api/monitor/violations/analytics/?range=24h HTTP/1.1" 200 481
INFO 2025-08-26 07:36:03,275 views 13068 29252 违规数据分析请求: range=24h, query_all=False
INFO 2025-08-26 07:36:03,283 services 13068 29252 违规数据分析完成: 0条记录, 0次违规
INFO 2025-08-26 07:36:03,284 views 13068 29252 违规数据分析完成: 0条记录
INFO 2025-08-26 07:36:03,285 basehttp 13068 29252 "GET /api/monitor/violations/analytics/?range=24h HTTP/1.1" 200 481
INFO 2025-08-26 07:37:03,279 views 13068 4264 违规数据分析请求: range=24h, query_all=False
INFO 2025-08-26 07:37:03,286 services 13068 4264 违规数据分析完成: 0条记录, 0次违规
INFO 2025-08-26 07:37:03,287 views 13068 4264 违规数据分析完成: 0条记录
INFO 2025-08-26 07:37:03,288 basehttp 13068 4264 "GET /api/monitor/violations/analytics/?range=24h HTTP/1.1" 200 481
INFO 2025-08-26 07:38:03,276 views 13068 33564 违规数据分析请求: range=24h, query_all=False
INFO 2025-08-26 07:38:03,282 services 13068 33564 违规数据分析完成: 0条记录, 0次违规
INFO 2025-08-26 07:38:03,283 views 13068 33564 违规数据分析完成: 0条记录
INFO 2025-08-26 07:38:03,283 basehttp 13068 33564 "GET /api/monitor/violations/analytics/?range=24h HTTP/1.1" 200 481
INFO 2025-08-26 07:39:03,275 views 13068 30940 违规数据分析请求: range=24h, query_all=False
INFO 2025-08-26 07:39:03,281 services 13068 30940 违规数据分析完成: 0条记录, 0次违规
INFO 2025-08-26 07:39:03,282 views 13068 30940 违规数据分析完成: 0条记录
INFO 2025-08-26 07:39:03,283 basehttp 13068 30940 "GET /api/monitor/violations/analytics/?range=24h HTTP/1.1" 200 481
INFO 2025-08-26 07:40:03,282 views 13068 24152 违规数据分析请求: range=24h, query_all=False
INFO 2025-08-26 07:40:03,288 services 13068 24152 违规数据分析完成: 0条记录, 0次违规
INFO 2025-08-26 07:40:03,288 views 13068 24152 违规数据分析完成: 0条记录
INFO 2025-08-26 07:40:03,290 basehttp 13068 24152 "GET /api/monitor/violations/analytics/?range=24h HTTP/1.1" 200 481
INFO 2025-08-26 07:41:03,289 views 13068 26872 违规数据分析请求: range=24h, query_all=False
INFO 2025-08-26 07:41:03,296 services 13068 26872 违规数据分析完成: 0条记录, 0次违规
INFO 2025-08-26 07:41:03,297 views 13068 26872 违规数据分析完成: 0条记录
INFO 2025-08-26 07:41:03,297 basehttp 13068 26872 "GET /api/monitor/violations/analytics/?range=24h HTTP/1.1" 200 481
INFO 2025-08-26 07:42:03,271 views 13068 26184 违规数据分析请求: range=24h, query_all=False
INFO 2025-08-26 07:42:03,278 services 13068 26184 违规数据分析完成: 0条记录, 0次违规
INFO 2025-08-26 07:42:03,279 views 13068 26184 违规数据分析完成: 0条记录
INFO 2025-08-26 07:42:03,280 basehttp 13068 26184 "GET /api/monitor/violations/analytics/?range=24h HTTP/1.1" 200 481
INFO 2025-08-26 07:43:03,282 views 13068 17768 违规数据分析请求: range=24h, query_all=False
INFO 2025-08-26 07:43:03,291 services 13068 17768 违规数据分析完成: 0条记录, 0次违规
INFO 2025-08-26 07:43:03,292 views 13068 17768 违规数据分析完成: 0条记录
INFO 2025-08-26 07:43:03,293 basehttp 13068 17768 "GET /api/monitor/violations/analytics/?range=24h HTTP/1.1" 200 481
INFO 2025-08-26 07:44:03,279 views 13068 25216 违规数据分析请求: range=24h, query_all=False
INFO 2025-08-26 07:44:03,285 services 13068 25216 违规数据分析完成: 0条记录, 0次违规
INFO 2025-08-26 07:44:03,286 views 13068 25216 违规数据分析完成: 0条记录
INFO 2025-08-26 07:44:03,288 basehttp 13068 25216 "GET /api/monitor/violations/analytics/?range=24h HTTP/1.1" 200 481
INFO 2025-08-26 07:45:03,290 views 13068 27036 违规数据分析请求: range=24h, query_all=False
INFO 2025-08-26 07:45:03,297 services 13068 27036 违规数据分析完成: 0条记录, 0次违规
INFO 2025-08-26 07:45:03,297 views 13068 27036 违规数据分析完成: 0条记录
INFO 2025-08-26 07:45:03,299 basehttp 13068 27036 "GET /api/monitor/violations/analytics/?range=24h HTTP/1.1" 200 481
INFO 2025-08-26 07:46:03,283 views 13068 29964 违规数据分析请求: range=24h, query_all=False
INFO 2025-08-26 07:46:03,289 services 13068 29964 违规数据分析完成: 0条记录, 0次违规
INFO 2025-08-26 07:46:03,289 views 13068 29964 违规数据分析完成: 0条记录
INFO 2025-08-26 07:46:03,291 basehttp 13068 29964 "GET /api/monitor/violations/analytics/?range=24h HTTP/1.1" 200 481
INFO 2025-08-26 07:47:03,284 views 13068 17592 违规数据分析请求: range=24h, query_all=False
INFO 2025-08-26 07:47:03,291 services 13068 17592 违规数据分析完成: 0条记录, 0次违规
INFO 2025-08-26 07:47:03,291 views 13068 17592 违规数据分析完成: 0条记录
INFO 2025-08-26 07:47:03,292 basehttp 13068 17592 "GET /api/monitor/violations/analytics/?range=24h HTTP/1.1" 200 481
INFO 2025-08-26 07:48:03,273 views 13068 28420 违规数据分析请求: range=24h, query_all=False
INFO 2025-08-26 07:48:03,278 services 13068 28420 违规数据分析完成: 0条记录, 0次违规
INFO 2025-08-26 07:48:03,278 views 13068 28420 违规数据分析完成: 0条记录
INFO 2025-08-26 07:48:03,281 basehttp 13068 28420 "GET /api/monitor/violations/analytics/?range=24h HTTP/1.1" 200 481
INFO 2025-08-26 07:49:03,277 views 13068 33624 违规数据分析请求: range=24h, query_all=False
INFO 2025-08-26 07:49:03,283 services 13068 33624 违规数据分析完成: 0条记录, 0次违规
INFO 2025-08-26 07:49:03,283 views 13068 33624 违规数据分析完成: 0条记录
INFO 2025-08-26 07:49:03,284 basehttp 13068 33624 "GET /api/monitor/violations/analytics/?range=24h HTTP/1.1" 200 481
INFO 2025-08-26 07:50:03,274 views 13068 27060 违规数据分析请求: range=24h, query_all=False
INFO 2025-08-26 07:50:03,279 services 13068 27060 违规数据分析完成: 0条记录, 0次违规
INFO 2025-08-26 07:50:03,280 views 13068 27060 违规数据分析完成: 0条记录
INFO 2025-08-26 07:50:03,280 basehttp 13068 27060 "GET /api/monitor/violations/analytics/?range=24h HTTP/1.1" 200 481
INFO 2025-08-26 07:51:03,275 views 13068 19020 违规数据分析请求: range=24h, query_all=False
INFO 2025-08-26 07:51:03,281 services 13068 19020 违规数据分析完成: 0条记录, 0次违规
INFO 2025-08-26 07:51:03,282 views 13068 19020 违规数据分析完成: 0条记录
INFO 2025-08-26 07:51:03,284 basehttp 13068 19020 "GET /api/monitor/violations/analytics/?range=24h HTTP/1.1" 200 481
INFO 2025-08-26 07:52:03,286 views 13068 30476 违规数据分析请求: range=24h, query_all=False
INFO 2025-08-26 07:52:03,293 services 13068 30476 违规数据分析完成: 0条记录, 0次违规
INFO 2025-08-26 07:52:03,294 views 13068 30476 违规数据分析完成: 0条记录
INFO 2025-08-26 07:52:03,295 basehttp 13068 30476 "GET /api/monitor/violations/analytics/?range=24h HTTP/1.1" 200 481
INFO 2025-08-26 07:53:03,291 views 13068 32796 违规数据分析请求: range=24h, query_all=False
INFO 2025-08-26 07:53:03,298 services 13068 32796 违规数据分析完成: 0条记录, 0次违规
INFO 2025-08-26 07:53:03,298 views 13068 32796 违规数据分析完成: 0条记录
INFO 2025-08-26 07:53:03,299 basehttp 13068 32796 "GET /api/monitor/violations/analytics/?range=24h HTTP/1.1" 200 481
INFO 2025-08-26 07:54:03,288 views 13068 24328 违规数据分析请求: range=24h, query_all=False
INFO 2025-08-26 07:54:03,296 services 13068 24328 违规数据分析完成: 0条记录, 0次违规
INFO 2025-08-26 07:54:03,296 views 13068 24328 违规数据分析完成: 0条记录
INFO 2025-08-26 07:54:03,297 basehttp 13068 24328 "GET /api/monitor/violations/analytics/?range=24h HTTP/1.1" 200 481
INFO 2025-08-26 07:55:03,285 views 13068 3252 违规数据分析请求: range=24h, query_all=False
INFO 2025-08-26 07:55:03,292 services 13068 3252 违规数据分析完成: 0条记录, 0次违规
INFO 2025-08-26 07:55:03,292 views 13068 3252 违规数据分析完成: 0条记录
INFO 2025-08-26 07:55:03,293 basehttp 13068 3252 "GET /api/monitor/violations/analytics/?range=24h HTTP/1.1" 200 481
INFO 2025-08-26 07:56:03,278 views 13068 31828 违规数据分析请求: range=24h, query_all=False
INFO 2025-08-26 07:56:03,285 services 13068 31828 违规数据分析完成: 0条记录, 0次违规
INFO 2025-08-26 07:56:03,285 views 13068 31828 违规数据分析完成: 0条记录
INFO 2025-08-26 07:56:03,285 basehttp 13068 31828 "GET /api/monitor/violations/analytics/?range=24h HTTP/1.1" 200 481
INFO 2025-08-26 07:57:03,277 views 13068 28020 违规数据分析请求: range=24h, query_all=False
INFO 2025-08-26 07:57:03,283 services 13068 28020 违规数据分析完成: 0条记录, 0次违规
INFO 2025-08-26 07:57:03,284 views 13068 28020 违规数据分析完成: 0条记录
INFO 2025-08-26 07:57:03,286 basehttp 13068 28020 "GET /api/monitor/violations/analytics/?range=24h HTTP/1.1" 200 481
INFO 2025-08-26 07:58:03,287 views 13068 19580 违规数据分析请求: range=24h, query_all=False
INFO 2025-08-26 07:58:03,293 services 13068 19580 违规数据分析完成: 0条记录, 0次违规
INFO 2025-08-26 07:58:03,294 views 13068 19580 违规数据分析完成: 0条记录
INFO 2025-08-26 07:58:03,295 basehttp 13068 19580 "GET /api/monitor/violations/analytics/?range=24h HTTP/1.1" 200 481
INFO 2025-08-26 07:59:03,277 views 13068 21696 违规数据分析请求: range=24h, query_all=False
INFO 2025-08-26 07:59:03,283 services 13068 21696 违规数据分析完成: 0条记录, 0次违规
INFO 2025-08-26 07:59:03,284 views 13068 21696 违规数据分析完成: 0条记录
INFO 2025-08-26 07:59:03,285 basehttp 13068 21696 "GET /api/monitor/violations/analytics/?range=24h HTTP/1.1" 200 481
INFO 2025-08-26 08:00:03,288 views 13068 31556 违规数据分析请求: range=24h, query_all=False
INFO 2025-08-26 08:00:03,294 services 13068 31556 违规数据分析完成: 0条记录, 0次违规
INFO 2025-08-26 08:00:03,294 views 13068 31556 违规数据分析完成: 0条记录
INFO 2025-08-26 08:00:03,295 basehttp 13068 31556 "GET /api/monitor/violations/analytics/?range=24h HTTP/1.1" 200 481
INFO 2025-08-26 08:01:03,281 views 13068 17480 违规数据分析请求: range=24h, query_all=False
INFO 2025-08-26 08:01:03,288 services 13068 17480 违规数据分析完成: 0条记录, 0次违规
INFO 2025-08-26 08:01:03,288 views 13068 17480 违规数据分析完成: 0条记录
INFO 2025-08-26 08:01:03,289 basehttp 13068 17480 "GET /api/monitor/violations/analytics/?range=24h HTTP/1.1" 200 481
INFO 2025-08-26 08:02:03,289 views 13068 20476 违规数据分析请求: range=24h, query_all=False
INFO 2025-08-26 08:02:03,295 services 13068 20476 违规数据分析完成: 0条记录, 0次违规
INFO 2025-08-26 08:02:03,295 views 13068 20476 违规数据分析完成: 0条记录
INFO 2025-08-26 08:02:03,296 basehttp 13068 20476 "GET /api/monitor/violations/analytics/?range=24h HTTP/1.1" 200 481
INFO 2025-08-26 08:03:03,280 views 13068 6120 违规数据分析请求: range=24h, query_all=False
INFO 2025-08-26 08:03:03,287 services 13068 6120 违规数据分析完成: 0条记录, 0次违规
INFO 2025-08-26 08:03:03,287 views 13068 6120 违规数据分析完成: 0条记录
INFO 2025-08-26 08:03:03,288 basehttp 13068 6120 "GET /api/monitor/violations/analytics/?range=24h HTTP/1.1" 200 481
INFO 2025-08-26 08:04:03,278 views 13068 20080 违规数据分析请求: range=24h, query_all=False
INFO 2025-08-26 08:04:03,284 services 13068 20080 违规数据分析完成: 0条记录, 0次违规
INFO 2025-08-26 08:04:03,285 views 13068 20080 违规数据分析完成: 0条记录
INFO 2025-08-26 08:04:03,287 basehttp 13068 20080 "GET /api/monitor/violations/analytics/?range=24h HTTP/1.1" 200 481
INFO 2025-08-26 08:05:03,285 views 13068 6916 违规数据分析请求: range=24h, query_all=False
INFO 2025-08-26 08:05:03,295 services 13068 6916 违规数据分析完成: 0条记录, 0次违规
INFO 2025-08-26 08:05:03,295 views 13068 6916 违规数据分析完成: 0条记录
INFO 2025-08-26 08:05:03,298 basehttp 13068 6916 "GET /api/monitor/violations/analytics/?range=24h HTTP/1.1" 200 481
INFO 2025-08-26 08:06:03,279 views 13068 23960 违规数据分析请求: range=24h, query_all=False
INFO 2025-08-26 08:06:03,284 services 13068 23960 违规数据分析完成: 0条记录, 0次违规
INFO 2025-08-26 08:06:03,284 views 13068 23960 违规数据分析完成: 0条记录
INFO 2025-08-26 08:06:03,285 basehttp 13068 23960 "GET /api/monitor/violations/analytics/?range=24h HTTP/1.1" 200 481
INFO 2025-08-26 08:07:03,288 views 13068 25288 违规数据分析请求: range=24h, query_all=False
INFO 2025-08-26 08:07:03,296 services 13068 25288 违规数据分析完成: 0条记录, 0次违规
INFO 2025-08-26 08:07:03,296 views 13068 25288 违规数据分析完成: 0条记录
INFO 2025-08-26 08:07:03,298 basehttp 13068 25288 "GET /api/monitor/violations/analytics/?range=24h HTTP/1.1" 200 481
INFO 2025-08-26 08:08:03,289 views 13068 31268 违规数据分析请求: range=24h, query_all=False
INFO 2025-08-26 08:08:03,294 services 13068 31268 违规数据分析完成: 0条记录, 0次违规
INFO 2025-08-26 08:08:03,294 views 13068 31268 违规数据分析完成: 0条记录
INFO 2025-08-26 08:08:03,295 basehttp 13068 31268 "GET /api/monitor/violations/analytics/?range=24h HTTP/1.1" 200 481
INFO 2025-08-26 08:09:03,282 views 13068 5380 违规数据分析请求: range=24h, query_all=False
INFO 2025-08-26 08:09:03,290 services 13068 5380 违规数据分析完成: 0条记录, 0次违规
INFO 2025-08-26 08:09:03,291 views 13068 5380 违规数据分析完成: 0条记录
INFO 2025-08-26 08:09:03,291 basehttp 13068 5380 "GET /api/monitor/violations/analytics/?range=24h HTTP/1.1" 200 481
INFO 2025-08-26 08:10:03,288 views 13068 32228 违规数据分析请求: range=24h, query_all=False
INFO 2025-08-26 08:10:03,295 services 13068 32228 违规数据分析完成: 0条记录, 0次违规
INFO 2025-08-26 08:10:03,296 views 13068 32228 违规数据分析完成: 0条记录
INFO 2025-08-26 08:10:03,298 basehttp 13068 32228 "GET /api/monitor/violations/analytics/?range=24h HTTP/1.1" 200 481
INFO 2025-08-26 08:11:03,277 views 13068 26056 违规数据分析请求: range=24h, query_all=False
INFO 2025-08-26 08:11:03,285 services 13068 26056 违规数据分析完成: 0条记录, 0次违规
INFO 2025-08-26 08:11:03,285 views 13068 26056 违规数据分析完成: 0条记录
INFO 2025-08-26 08:11:03,287 basehttp 13068 26056 "GET /api/monitor/violations/analytics/?range=24h HTTP/1.1" 200 481
INFO 2025-08-26 08:12:03,287 views 13068 27200 违规数据分析请求: range=24h, query_all=False
INFO 2025-08-26 08:12:03,295 services 13068 27200 违规数据分析完成: 0条记录, 0次违规
INFO 2025-08-26 08:12:03,297 views 13068 27200 违规数据分析完成: 0条记录
INFO 2025-08-26 08:12:03,298 basehttp 13068 27200 "GET /api/monitor/violations/analytics/?range=24h HTTP/1.1" 200 481
INFO 2025-08-26 08:13:03,283 views 13068 17292 违规数据分析请求: range=24h, query_all=False
INFO 2025-08-26 08:13:03,291 services 13068 17292 违规数据分析完成: 0条记录, 0次违规
INFO 2025-08-26 08:13:03,292 views 13068 17292 违规数据分析完成: 0条记录
INFO 2025-08-26 08:13:03,293 basehttp 13068 17292 "GET /api/monitor/violations/analytics/?range=24h HTTP/1.1" 200 481
INFO 2025-08-26 08:14:03,289 views 13068 3288 违规数据分析请求: range=24h, query_all=False
INFO 2025-08-26 08:14:03,295 services 13068 3288 违规数据分析完成: 0条记录, 0次违规
INFO 2025-08-26 08:14:03,295 views 13068 3288 违规数据分析完成: 0条记录
INFO 2025-08-26 08:14:03,296 basehttp 13068 3288 "GET /api/monitor/violations/analytics/?range=24h HTTP/1.1" 200 481
INFO 2025-08-26 08:15:03,274 views 13068 30940 违规数据分析请求: range=24h, query_all=False
INFO 2025-08-26 08:15:03,280 services 13068 30940 违规数据分析完成: 0条记录, 0次违规
INFO 2025-08-26 08:15:03,282 views 13068 30940 违规数据分析完成: 0条记录
INFO 2025-08-26 08:15:03,283 basehttp 13068 30940 "GET /api/monitor/violations/analytics/?range=24h HTTP/1.1" 200 481
INFO 2025-08-26 08:16:03,288 views 13068 26108 违规数据分析请求: range=24h, query_all=False
INFO 2025-08-26 08:16:03,296 services 13068 26108 违规数据分析完成: 0条记录, 0次违规
INFO 2025-08-26 08:16:03,296 views 13068 26108 违规数据分析完成: 0条记录
INFO 2025-08-26 08:16:03,297 basehttp 13068 26108 "GET /api/monitor/violations/analytics/?range=24h HTTP/1.1" 200 481
INFO 2025-08-26 08:17:03,276 views 13068 30788 违规数据分析请求: range=24h, query_all=False
INFO 2025-08-26 08:17:03,282 services 13068 30788 违规数据分析完成: 0条记录, 0次违规
INFO 2025-08-26 08:17:03,282 views 13068 30788 违规数据分析完成: 0条记录
INFO 2025-08-26 08:17:03,283 basehttp 13068 30788 "GET /api/monitor/violations/analytics/?range=24h HTTP/1.1" 200 481
INFO 2025-08-26 08:18:03,276 views 13068 33084 违规数据分析请求: range=24h, query_all=False
INFO 2025-08-26 08:18:03,283 services 13068 33084 违规数据分析完成: 0条记录, 0次违规
INFO 2025-08-26 08:18:03,284 views 13068 33084 违规数据分析完成: 0条记录
INFO 2025-08-26 08:18:03,285 basehttp 13068 33084 "GET /api/monitor/violations/analytics/?range=24h HTTP/1.1" 200 481
INFO 2025-08-26 08:19:03,280 views 13068 28572 违规数据分析请求: range=24h, query_all=False
INFO 2025-08-26 08:19:03,287 services 13068 28572 违规数据分析完成: 0条记录, 0次违规
INFO 2025-08-26 08:19:03,287 views 13068 28572 违规数据分析完成: 0条记录
INFO 2025-08-26 08:19:03,289 basehttp 13068 28572 "GET /api/monitor/violations/analytics/?range=24h HTTP/1.1" 200 481
INFO 2025-08-26 08:20:03,281 views 13068 10924 违规数据分析请求: range=24h, query_all=False
INFO 2025-08-26 08:20:03,287 services 13068 10924 违规数据分析完成: 0条记录, 0次违规
INFO 2025-08-26 08:20:03,288 views 13068 10924 违规数据分析完成: 0条记录
INFO 2025-08-26 08:20:03,289 basehttp 13068 10924 "GET /api/monitor/violations/analytics/?range=24h HTTP/1.1" 200 481
INFO 2025-08-26 08:21:03,279 views 13068 33108 违规数据分析请求: range=24h, query_all=False
INFO 2025-08-26 08:21:03,282 services 13068 33108 违规数据分析完成: 0条记录, 0次违规
INFO 2025-08-26 08:21:03,284 views 13068 33108 违规数据分析完成: 0条记录
INFO 2025-08-26 08:21:03,285 basehttp 13068 33108 "GET /api/monitor/violations/analytics/?range=24h HTTP/1.1" 200 481
INFO 2025-08-26 08:22:03,282 views 13068 22824 违规数据分析请求: range=24h, query_all=False
INFO 2025-08-26 08:22:03,290 services 13068 22824 违规数据分析完成: 0条记录, 0次违规
INFO 2025-08-26 08:22:03,290 views 13068 22824 违规数据分析完成: 0条记录
INFO 2025-08-26 08:22:03,292 basehttp 13068 22824 "GET /api/monitor/violations/analytics/?range=24h HTTP/1.1" 200 481
INFO 2025-08-26 08:23:03,272 views 13068 28964 违规数据分析请求: range=24h, query_all=False
INFO 2025-08-26 08:23:03,277 services 13068 28964 违规数据分析完成: 0条记录, 0次违规
INFO 2025-08-26 08:23:03,278 views 13068 28964 违规数据分析完成: 0条记录
INFO 2025-08-26 08:23:03,279 basehttp 13068 28964 "GET /api/monitor/violations/analytics/?range=24h HTTP/1.1" 200 481
INFO 2025-08-26 08:24:03,282 views 13068 22912 违规数据分析请求: range=24h, query_all=False
INFO 2025-08-26 08:24:03,288 services 13068 22912 违规数据分析完成: 0条记录, 0次违规
INFO 2025-08-26 08:24:03,289 views 13068 22912 违规数据分析完成: 0条记录
INFO 2025-08-26 08:24:03,290 basehttp 13068 22912 "GET /api/monitor/violations/analytics/?range=24h HTTP/1.1" 200 481
INFO 2025-08-26 08:25:03,285 views 13068 27176 违规数据分析请求: range=24h, query_all=False
INFO 2025-08-26 08:25:03,292 services 13068 27176 违规数据分析完成: 0条记录, 0次违规
INFO 2025-08-26 08:25:03,293 views 13068 27176 违规数据分析完成: 0条记录
INFO 2025-08-26 08:25:03,294 basehttp 13068 27176 "GET /api/monitor/violations/analytics/?range=24h HTTP/1.1" 200 481
INFO 2025-08-26 08:26:03,276 views 13068 12752 违规数据分析请求: range=24h, query_all=False
INFO 2025-08-26 08:26:03,283 services 13068 12752 违规数据分析完成: 0条记录, 0次违规
INFO 2025-08-26 08:26:03,283 views 13068 12752 违规数据分析完成: 0条记录
INFO 2025-08-26 08:26:03,284 basehttp 13068 12752 "GET /api/monitor/violations/analytics/?range=24h HTTP/1.1" 200 481
INFO 2025-08-26 08:27:03,289 views 13068 25468 违规数据分析请求: range=24h, query_all=False
INFO 2025-08-26 08:27:03,296 services 13068 25468 违规数据分析完成: 0条记录, 0次违规
INFO 2025-08-26 08:27:03,297 views 13068 25468 违规数据分析完成: 0条记录
INFO 2025-08-26 08:27:03,298 basehttp 13068 25468 "GET /api/monitor/violations/analytics/?range=24h HTTP/1.1" 200 481
INFO 2025-08-26 08:28:03,287 views 13068 9368 违规数据分析请求: range=24h, query_all=False
INFO 2025-08-26 08:28:03,292 services 13068 9368 违规数据分析完成: 0条记录, 0次违规
INFO 2025-08-26 08:28:03,293 views 13068 9368 违规数据分析完成: 0条记录
INFO 2025-08-26 08:28:03,294 basehttp 13068 9368 "GET /api/monitor/violations/analytics/?range=24h HTTP/1.1" 200 481
INFO 2025-08-26 08:29:03,288 views 13068 16036 违规数据分析请求: range=24h, query_all=False
INFO 2025-08-26 08:29:03,294 services 13068 16036 违规数据分析完成: 0条记录, 0次违规
INFO 2025-08-26 08:29:03,294 views 13068 16036 违规数据分析完成: 0条记录
INFO 2025-08-26 08:29:03,295 basehttp 13068 16036 "GET /api/monitor/violations/analytics/?range=24h HTTP/1.1" 200 481
INFO 2025-08-26 08:30:03,281 views 13068 6728 违规数据分析请求: range=24h, query_all=False
INFO 2025-08-26 08:30:03,288 services 13068 6728 违规数据分析完成: 0条记录, 0次违规
INFO 2025-08-26 08:30:03,289 views 13068 6728 违规数据分析完成: 0条记录
INFO 2025-08-26 08:30:03,291 basehttp 13068 6728 "GET /api/monitor/violations/analytics/?range=24h HTTP/1.1" 200 481
INFO 2025-08-26 08:31:03,275 views 13068 15440 违规数据分析请求: range=24h, query_all=False
INFO 2025-08-26 08:31:03,280 services 13068 15440 违规数据分析完成: 0条记录, 0次违规
INFO 2025-08-26 08:31:03,281 views 13068 15440 违规数据分析完成: 0条记录
INFO 2025-08-26 08:31:03,282 basehttp 13068 15440 "GET /api/monitor/violations/analytics/?range=24h HTTP/1.1" 200 481
INFO 2025-08-26 08:32:03,284 views 13068 7524 违规数据分析请求: range=24h, query_all=False
INFO 2025-08-26 08:32:03,291 services 13068 7524 违规数据分析完成: 0条记录, 0次违规
INFO 2025-08-26 08:32:03,292 views 13068 7524 违规数据分析完成: 0条记录
INFO 2025-08-26 08:32:03,292 basehttp 13068 7524 "GET /api/monitor/violations/analytics/?range=24h HTTP/1.1" 200 481
INFO 2025-08-26 08:33:03,273 views 13068 19436 违规数据分析请求: range=24h, query_all=False
INFO 2025-08-26 08:33:03,277 services 13068 19436 违规数据分析完成: 0条记录, 0次违规
INFO 2025-08-26 08:33:03,278 views 13068 19436 违规数据分析完成: 0条记录
INFO 2025-08-26 08:33:03,280 basehttp 13068 19436 "GET /api/monitor/violations/analytics/?range=24h HTTP/1.1" 200 481
INFO 2025-08-26 08:34:03,283 views 13068 10396 违规数据分析请求: range=24h, query_all=False
INFO 2025-08-26 08:34:03,290 services 13068 10396 违规数据分析完成: 0条记录, 0次违规
INFO 2025-08-26 08:34:03,290 views 13068 10396 违规数据分析完成: 0条记录
INFO 2025-08-26 08:34:03,291 basehttp 13068 10396 "GET /api/monitor/violations/analytics/?range=24h HTTP/1.1" 200 481
INFO 2025-08-26 08:35:03,279 views 13068 25472 违规数据分析请求: range=24h, query_all=False
INFO 2025-08-26 08:35:03,286 services 13068 25472 违规数据分析完成: 0条记录, 0次违规
INFO 2025-08-26 08:35:03,286 views 13068 25472 违规数据分析完成: 0条记录
INFO 2025-08-26 08:35:03,288 basehttp 13068 25472 "GET /api/monitor/violations/analytics/?range=24h HTTP/1.1" 200 481
INFO 2025-08-26 08:36:03,275 views 13068 28356 违规数据分析请求: range=24h, query_all=False
INFO 2025-08-26 08:36:03,281 services 13068 28356 违规数据分析完成: 0条记录, 0次违规
INFO 2025-08-26 08:36:03,282 views 13068 28356 违规数据分析完成: 0条记录
INFO 2025-08-26 08:36:03,283 basehttp 13068 28356 "GET /api/monitor/violations/analytics/?range=24h HTTP/1.1" 200 481
INFO 2025-08-26 08:37:03,280 views 13068 33432 违规数据分析请求: range=24h, query_all=False
INFO 2025-08-26 08:37:03,285 services 13068 33432 违规数据分析完成: 0条记录, 0次违规
INFO 2025-08-26 08:37:03,286 views 13068 33432 违规数据分析完成: 0条记录
INFO 2025-08-26 08:37:03,287 basehttp 13068 33432 "GET /api/monitor/violations/analytics/?range=24h HTTP/1.1" 200 481
INFO 2025-08-26 08:38:03,285 views 13068 14824 违规数据分析请求: range=24h, query_all=False
INFO 2025-08-26 08:38:03,293 services 13068 14824 违规数据分析完成: 0条记录, 0次违规
INFO 2025-08-26 08:38:03,293 views 13068 14824 违规数据分析完成: 0条记录
INFO 2025-08-26 08:38:03,295 basehttp 13068 14824 "GET /api/monitor/violations/analytics/?range=24h HTTP/1.1" 200 481
INFO 2025-08-26 08:39:03,288 views 13068 14492 违规数据分析请求: range=24h, query_all=False
INFO 2025-08-26 08:39:03,295 services 13068 14492 违规数据分析完成: 0条记录, 0次违规
INFO 2025-08-26 08:39:03,295 views 13068 14492 违规数据分析完成: 0条记录
INFO 2025-08-26 08:39:03,296 basehttp 13068 14492 "GET /api/monitor/violations/analytics/?range=24h HTTP/1.1" 200 481
INFO 2025-08-26 08:40:03,283 views 13068 31952 违规数据分析请求: range=24h, query_all=False
INFO 2025-08-26 08:40:03,289 services 13068 31952 违规数据分析完成: 0条记录, 0次违规
INFO 2025-08-26 08:40:03,289 views 13068 31952 违规数据分析完成: 0条记录
INFO 2025-08-26 08:40:03,290 basehttp 13068 31952 "GET /api/monitor/violations/analytics/?range=24h HTTP/1.1" 200 481
INFO 2025-08-26 08:41:03,277 views 13068 21752 违规数据分析请求: range=24h, query_all=False
INFO 2025-08-26 08:41:03,283 services 13068 21752 违规数据分析完成: 0条记录, 0次违规
INFO 2025-08-26 08:41:03,284 views 13068 21752 违规数据分析完成: 0条记录
INFO 2025-08-26 08:41:03,285 basehttp 13068 21752 "GET /api/monitor/violations/analytics/?range=24h HTTP/1.1" 200 481
INFO 2025-08-26 08:42:03,285 views 13068 31892 违规数据分析请求: range=24h, query_all=False
INFO 2025-08-26 08:42:03,290 services 13068 31892 违规数据分析完成: 0条记录, 0次违规
INFO 2025-08-26 08:42:03,291 views 13068 31892 违规数据分析完成: 0条记录
INFO 2025-08-26 08:42:03,292 basehttp 13068 31892 "GET /api/monitor/violations/analytics/?range=24h HTTP/1.1" 200 481
INFO 2025-08-26 08:43:03,281 views 13068 16228 违规数据分析请求: range=24h, query_all=False
INFO 2025-08-26 08:43:03,289 services 13068 16228 违规数据分析完成: 0条记录, 0次违规
INFO 2025-08-26 08:43:03,290 views 13068 16228 违规数据分析完成: 0条记录
INFO 2025-08-26 08:43:03,291 basehttp 13068 16228 "GET /api/monitor/violations/analytics/?range=24h HTTP/1.1" 200 481
INFO 2025-08-26 08:44:03,284 views 13068 3372 违规数据分析请求: range=24h, query_all=False
INFO 2025-08-26 08:44:03,290 services 13068 3372 违规数据分析完成: 0条记录, 0次违规
INFO 2025-08-26 08:44:03,290 views 13068 3372 违规数据分析完成: 0条记录
INFO 2025-08-26 08:44:03,291 basehttp 13068 3372 "GET /api/monitor/violations/analytics/?range=24h HTTP/1.1" 200 481
INFO 2025-08-26 08:45:03,288 views 13068 11196 违规数据分析请求: range=24h, query_all=False
INFO 2025-08-26 08:45:03,295 services 13068 11196 违规数据分析完成: 0条记录, 0次违规
INFO 2025-08-26 08:45:03,295 views 13068 11196 违规数据分析完成: 0条记录
INFO 2025-08-26 08:45:03,296 basehttp 13068 11196 "GET /api/monitor/violations/analytics/?range=24h HTTP/1.1" 200 481
INFO 2025-08-26 08:46:03,287 views 13068 11776 违规数据分析请求: range=24h, query_all=False
INFO 2025-08-26 08:46:03,293 services 13068 11776 违规数据分析完成: 0条记录, 0次违规
INFO 2025-08-26 08:46:03,294 views 13068 11776 违规数据分析完成: 0条记录
INFO 2025-08-26 08:46:03,296 basehttp 13068 11776 "GET /api/monitor/violations/analytics/?range=24h HTTP/1.1" 200 481
INFO 2025-08-26 08:47:03,274 views 13068 3868 违规数据分析请求: range=24h, query_all=False
INFO 2025-08-26 08:47:03,282 services 13068 3868 违规数据分析完成: 0条记录, 0次违规
INFO 2025-08-26 08:47:03,283 views 13068 3868 违规数据分析完成: 0条记录
INFO 2025-08-26 08:47:03,284 basehttp 13068 3868 "GET /api/monitor/violations/analytics/?range=24h HTTP/1.1" 200 481
INFO 2025-08-26 08:48:03,280 views 13068 29952 违规数据分析请求: range=24h, query_all=False
INFO 2025-08-26 08:48:03,286 services 13068 29952 违规数据分析完成: 0条记录, 0次违规
INFO 2025-08-26 08:48:03,286 views 13068 29952 违规数据分析完成: 0条记录
INFO 2025-08-26 08:48:03,287 basehttp 13068 29952 "GET /api/monitor/violations/analytics/?range=24h HTTP/1.1" 200 481
INFO 2025-08-26 08:49:03,288 views 13068 17896 违规数据分析请求: range=24h, query_all=False
INFO 2025-08-26 08:49:03,295 services 13068 17896 违规数据分析完成: 0条记录, 0次违规
INFO 2025-08-26 08:49:03,296 views 13068 17896 违规数据分析完成: 0条记录
INFO 2025-08-26 08:49:03,297 basehttp 13068 17896 "GET /api/monitor/violations/analytics/?range=24h HTTP/1.1" 200 481
INFO 2025-08-26 08:50:03,290 views 13068 16816 违规数据分析请求: range=24h, query_all=False
INFO 2025-08-26 08:50:03,298 services 13068 16816 违规数据分析完成: 0条记录, 0次违规
INFO 2025-08-26 08:50:03,299 views 13068 16816 违规数据分析完成: 0条记录
INFO 2025-08-26 08:50:03,300 basehttp 13068 16816 "GET /api/monitor/violations/analytics/?range=24h HTTP/1.1" 200 481
INFO 2025-08-26 08:51:03,291 views 13068 30684 违规数据分析请求: range=24h, query_all=False
INFO 2025-08-26 08:51:03,296 services 13068 30684 违规数据分析完成: 0条记录, 0次违规
INFO 2025-08-26 08:51:03,297 views 13068 30684 违规数据分析完成: 0条记录
INFO 2025-08-26 08:51:03,298 basehttp 13068 30684 "GET /api/monitor/violations/analytics/?range=24h HTTP/1.1" 200 481
INFO 2025-08-26 08:52:03,284 views 13068 26700 违规数据分析请求: range=24h, query_all=False
INFO 2025-08-26 08:52:03,289 services 13068 26700 违规数据分析完成: 0条记录, 0次违规
INFO 2025-08-26 08:52:03,290 views 13068 26700 违规数据分析完成: 0条记录
INFO 2025-08-26 08:52:03,290 basehttp 13068 26700 "GET /api/monitor/violations/analytics/?range=24h HTTP/1.1" 200 481
INFO 2025-08-26 08:53:03,289 views 13068 7676 违规数据分析请求: range=24h, query_all=False
INFO 2025-08-26 08:53:03,298 services 13068 7676 违规数据分析完成: 0条记录, 0次违规
INFO 2025-08-26 08:53:03,298 views 13068 7676 违规数据分析完成: 0条记录
INFO 2025-08-26 08:53:03,299 basehttp 13068 7676 "GET /api/monitor/violations/analytics/?range=24h HTTP/1.1" 200 481
INFO 2025-08-26 08:54:03,278 views 13068 24344 违规数据分析请求: range=24h, query_all=False
INFO 2025-08-26 08:54:03,285 services 13068 24344 违规数据分析完成: 0条记录, 0次违规
INFO 2025-08-26 08:54:03,285 views 13068 24344 违规数据分析完成: 0条记录
INFO 2025-08-26 08:54:03,287 basehttp 13068 24344 "GET /api/monitor/violations/analytics/?range=24h HTTP/1.1" 200 481
INFO 2025-08-26 08:55:03,278 views 13068 19532 违规数据分析请求: range=24h, query_all=False
INFO 2025-08-26 08:55:03,285 services 13068 19532 违规数据分析完成: 0条记录, 0次违规
INFO 2025-08-26 08:55:03,285 views 13068 19532 违规数据分析完成: 0条记录
INFO 2025-08-26 08:55:03,287 basehttp 13068 19532 "GET /api/monitor/violations/analytics/?range=24h HTTP/1.1" 200 481
INFO 2025-08-26 08:56:03,288 views 13068 33680 违规数据分析请求: range=24h, query_all=False
INFO 2025-08-26 08:56:03,294 services 13068 33680 违规数据分析完成: 0条记录, 0次违规
INFO 2025-08-26 08:56:03,294 views 13068 33680 违规数据分析完成: 0条记录
INFO 2025-08-26 08:56:03,296 basehttp 13068 33680 "GET /api/monitor/violations/analytics/?range=24h HTTP/1.1" 200 481
INFO 2025-08-26 08:57:03,292 views 13068 29104 违规数据分析请求: range=24h, query_all=False
INFO 2025-08-26 08:57:03,298 services 13068 29104 违规数据分析完成: 0条记录, 0次违规
INFO 2025-08-26 08:57:03,299 views 13068 29104 违规数据分析完成: 0条记录
INFO 2025-08-26 08:57:03,299 basehttp 13068 29104 "GET /api/monitor/violations/analytics/?range=24h HTTP/1.1" 200 481
INFO 2025-08-26 08:58:03,283 views 13068 18280 违规数据分析请求: range=24h, query_all=False
INFO 2025-08-26 08:58:03,288 services 13068 18280 违规数据分析完成: 0条记录, 0次违规
INFO 2025-08-26 08:58:03,289 views 13068 18280 违规数据分析完成: 0条记录
INFO 2025-08-26 08:58:03,289 basehttp 13068 18280 "GET /api/monitor/violations/analytics/?range=24h HTTP/1.1" 200 481
INFO 2025-08-26 08:59:03,280 views 13068 26064 违规数据分析请求: range=24h, query_all=False
INFO 2025-08-26 08:59:03,285 services 13068 26064 违规数据分析完成: 0条记录, 0次违规
INFO 2025-08-26 08:59:03,285 views 13068 26064 违规数据分析完成: 0条记录
INFO 2025-08-26 08:59:03,286 basehttp 13068 26064 "GET /api/monitor/violations/analytics/?range=24h HTTP/1.1" 200 481
INFO 2025-08-26 09:00:03,288 views 13068 33220 违规数据分析请求: range=24h, query_all=False
INFO 2025-08-26 09:00:03,295 services 13068 33220 违规数据分析完成: 0条记录, 0次违规
INFO 2025-08-26 09:00:03,295 views 13068 33220 违规数据分析完成: 0条记录
INFO 2025-08-26 09:00:03,297 basehttp 13068 33220 "GET /api/monitor/violations/analytics/?range=24h HTTP/1.1" 200 481
INFO 2025-08-26 09:01:03,286 views 13068 18000 违规数据分析请求: range=24h, query_all=False
INFO 2025-08-26 09:01:03,292 services 13068 18000 违规数据分析完成: 0条记录, 0次违规
INFO 2025-08-26 09:01:03,293 views 13068 18000 违规数据分析完成: 0条记录
INFO 2025-08-26 09:01:03,294 basehttp 13068 18000 "GET /api/monitor/violations/analytics/?range=24h HTTP/1.1" 200 481
INFO 2025-08-26 09:02:03,288 views 13068 17824 违规数据分析请求: range=24h, query_all=False
INFO 2025-08-26 09:02:03,293 services 13068 17824 违规数据分析完成: 0条记录, 0次违规
INFO 2025-08-26 09:02:03,294 views 13068 17824 违规数据分析完成: 0条记录
INFO 2025-08-26 09:02:03,295 basehttp 13068 17824 "GET /api/monitor/violations/analytics/?range=24h HTTP/1.1" 200 481
INFO 2025-08-26 09:03:03,277 views 13068 30780 违规数据分析请求: range=24h, query_all=False
INFO 2025-08-26 09:03:03,283 services 13068 30780 违规数据分析完成: 0条记录, 0次违规
INFO 2025-08-26 09:03:03,284 views 13068 30780 违规数据分析完成: 0条记录
INFO 2025-08-26 09:03:03,285 basehttp 13068 30780 "GET /api/monitor/violations/analytics/?range=24h HTTP/1.1" 200 481
INFO 2025-08-26 09:04:03,286 views 13068 7304 违规数据分析请求: range=24h, query_all=False
INFO 2025-08-26 09:04:03,293 services 13068 7304 违规数据分析完成: 0条记录, 0次违规
INFO 2025-08-26 09:04:03,294 views 13068 7304 违规数据分析完成: 0条记录
INFO 2025-08-26 09:04:03,295 basehttp 13068 7304 "GET /api/monitor/violations/analytics/?range=24h HTTP/1.1" 200 481
INFO 2025-08-26 09:05:03,281 views 13068 6900 违规数据分析请求: range=24h, query_all=False
INFO 2025-08-26 09:05:03,288 services 13068 6900 违规数据分析完成: 0条记录, 0次违规
INFO 2025-08-26 09:05:03,289 views 13068 6900 违规数据分析完成: 0条记录
INFO 2025-08-26 09:05:03,290 basehttp 13068 6900 "GET /api/monitor/violations/analytics/?range=24h HTTP/1.1" 200 481
INFO 2025-08-26 09:06:03,287 views 13068 31816 违规数据分析请求: range=24h, query_all=False
INFO 2025-08-26 09:06:03,293 services 13068 31816 违规数据分析完成: 0条记录, 0次违规
INFO 2025-08-26 09:06:03,293 views 13068 31816 违规数据分析完成: 0条记录
INFO 2025-08-26 09:06:03,294 basehttp 13068 31816 "GET /api/monitor/violations/analytics/?range=24h HTTP/1.1" 200 481
INFO 2025-08-26 09:07:03,287 views 13068 28928 违规数据分析请求: range=24h, query_all=False
INFO 2025-08-26 09:07:03,292 services 13068 28928 违规数据分析完成: 0条记录, 0次违规
INFO 2025-08-26 09:07:03,293 views 13068 28928 违规数据分析完成: 0条记录
INFO 2025-08-26 09:07:03,294 basehttp 13068 28928 "GET /api/monitor/violations/analytics/?range=24h HTTP/1.1" 200 481
INFO 2025-08-26 09:08:03,290 views 13068 21732 违规数据分析请求: range=24h, query_all=False
INFO 2025-08-26 09:08:03,296 services 13068 21732 违规数据分析完成: 0条记录, 0次违规
INFO 2025-08-26 09:08:03,297 views 13068 21732 违规数据分析完成: 0条记录
INFO 2025-08-26 09:08:03,298 basehttp 13068 21732 "GET /api/monitor/violations/analytics/?range=24h HTTP/1.1" 200 481
INFO 2025-08-26 09:09:03,280 views 13068 33524 违规数据分析请求: range=24h, query_all=False
INFO 2025-08-26 09:09:03,286 services 13068 33524 违规数据分析完成: 0条记录, 0次违规
INFO 2025-08-26 09:09:03,287 views 13068 33524 违规数据分析完成: 0条记录
INFO 2025-08-26 09:09:03,288 basehttp 13068 33524 "GET /api/monitor/violations/analytics/?range=24h HTTP/1.1" 200 481
INFO 2025-08-26 09:10:03,277 views 13068 24364 违规数据分析请求: range=24h, query_all=False
INFO 2025-08-26 09:10:03,283 services 13068 24364 违规数据分析完成: 0条记录, 0次违规
INFO 2025-08-26 09:10:03,283 views 13068 24364 违规数据分析完成: 0条记录
INFO 2025-08-26 09:10:03,284 basehttp 13068 24364 "GET /api/monitor/violations/analytics/?range=24h HTTP/1.1" 200 481
INFO 2025-08-26 09:11:03,287 views 13068 28596 违规数据分析请求: range=24h, query_all=False
INFO 2025-08-26 09:11:03,294 services 13068 28596 违规数据分析完成: 0条记录, 0次违规
INFO 2025-08-26 09:11:03,295 views 13068 28596 违规数据分析完成: 0条记录
INFO 2025-08-26 09:11:03,296 basehttp 13068 28596 "GET /api/monitor/violations/analytics/?range=24h HTTP/1.1" 200 481
INFO 2025-08-26 09:12:03,290 views 13068 7304 违规数据分析请求: range=24h, query_all=False
INFO 2025-08-26 09:12:03,296 services 13068 7304 违规数据分析完成: 0条记录, 0次违规
INFO 2025-08-26 09:12:03,296 views 13068 7304 违规数据分析完成: 0条记录
INFO 2025-08-26 09:12:03,297 basehttp 13068 7304 "GET /api/monitor/violations/analytics/?range=24h HTTP/1.1" 200 481
INFO 2025-08-26 09:13:03,282 views 13068 23112 违规数据分析请求: range=24h, query_all=False
INFO 2025-08-26 09:13:03,289 services 13068 23112 违规数据分析完成: 0条记录, 0次违规
INFO 2025-08-26 09:13:03,290 views 13068 23112 违规数据分析完成: 0条记录
INFO 2025-08-26 09:13:03,291 basehttp 13068 23112 "GET /api/monitor/violations/analytics/?range=24h HTTP/1.1" 200 481
INFO 2025-08-26 09:14:03,280 views 13068 30152 违规数据分析请求: range=24h, query_all=False
INFO 2025-08-26 09:14:03,287 services 13068 30152 违规数据分析完成: 0条记录, 0次违规
INFO 2025-08-26 09:14:03,288 views 13068 30152 违规数据分析完成: 0条记录
INFO 2025-08-26 09:14:03,289 basehttp 13068 30152 "GET /api/monitor/violations/analytics/?range=24h HTTP/1.1" 200 481
INFO 2025-08-26 09:15:03,287 views 13068 32456 违规数据分析请求: range=24h, query_all=False
INFO 2025-08-26 09:15:03,294 services 13068 32456 违规数据分析完成: 0条记录, 0次违规
INFO 2025-08-26 09:15:03,295 views 13068 32456 违规数据分析完成: 0条记录
INFO 2025-08-26 09:15:03,296 basehttp 13068 32456 "GET /api/monitor/violations/analytics/?range=24h HTTP/1.1" 200 481
INFO 2025-08-26 09:16:03,286 views 13068 1688 违规数据分析请求: range=24h, query_all=False
INFO 2025-08-26 09:16:03,293 services 13068 1688 违规数据分析完成: 0条记录, 0次违规
INFO 2025-08-26 09:16:03,294 views 13068 1688 违规数据分析完成: 0条记录
INFO 2025-08-26 09:16:03,295 basehttp 13068 1688 "GET /api/monitor/violations/analytics/?range=24h HTTP/1.1" 200 481
INFO 2025-08-26 09:17:03,277 views 13068 22172 违规数据分析请求: range=24h, query_all=False
INFO 2025-08-26 09:17:03,283 services 13068 22172 违规数据分析完成: 0条记录, 0次违规
INFO 2025-08-26 09:17:03,284 views 13068 22172 违规数据分析完成: 0条记录
INFO 2025-08-26 09:17:03,287 basehttp 13068 22172 "GET /api/monitor/violations/analytics/?range=24h HTTP/1.1" 200 481
INFO 2025-08-26 09:18:03,282 views 13068 24368 违规数据分析请求: range=24h, query_all=False
INFO 2025-08-26 09:18:03,288 services 13068 24368 违规数据分析完成: 0条记录, 0次违规
INFO 2025-08-26 09:18:03,289 views 13068 24368 违规数据分析完成: 0条记录
INFO 2025-08-26 09:18:03,290 basehttp 13068 24368 "GET /api/monitor/violations/analytics/?range=24h HTTP/1.1" 200 481
INFO 2025-08-26 09:19:03,282 views 13068 23908 违规数据分析请求: range=24h, query_all=False
INFO 2025-08-26 09:19:03,289 services 13068 23908 违规数据分析完成: 0条记录, 0次违规
INFO 2025-08-26 09:19:03,289 views 13068 23908 违规数据分析完成: 0条记录
INFO 2025-08-26 09:19:03,290 basehttp 13068 23908 "GET /api/monitor/violations/analytics/?range=24h HTTP/1.1" 200 481
INFO 2025-08-26 09:20:03,284 views 13068 22856 违规数据分析请求: range=24h, query_all=False
INFO 2025-08-26 09:20:03,290 services 13068 22856 违规数据分析完成: 0条记录, 0次违规
INFO 2025-08-26 09:20:03,291 views 13068 22856 违规数据分析完成: 0条记录
INFO 2025-08-26 09:20:03,293 basehttp 13068 22856 "GET /api/monitor/violations/analytics/?range=24h HTTP/1.1" 200 481
INFO 2025-08-26 09:21:03,284 views 13068 13200 违规数据分析请求: range=24h, query_all=False
INFO 2025-08-26 09:21:03,290 services 13068 13200 违规数据分析完成: 0条记录, 0次违规
INFO 2025-08-26 09:21:03,290 views 13068 13200 违规数据分析完成: 0条记录
INFO 2025-08-26 09:21:03,292 basehttp 13068 13200 "GET /api/monitor/violations/analytics/?range=24h HTTP/1.1" 200 481
INFO 2025-08-26 09:22:03,288 views 13068 26936 违规数据分析请求: range=24h, query_all=False
INFO 2025-08-26 09:22:03,295 services 13068 26936 违规数据分析完成: 0条记录, 0次违规
INFO 2025-08-26 09:22:03,296 views 13068 26936 违规数据分析完成: 0条记录
INFO 2025-08-26 09:22:03,297 basehttp 13068 26936 "GET /api/monitor/violations/analytics/?range=24h HTTP/1.1" 200 481
INFO 2025-08-26 09:23:03,286 views 13068 17896 违规数据分析请求: range=24h, query_all=False
INFO 2025-08-26 09:23:03,290 services 13068 17896 违规数据分析完成: 0条记录, 0次违规
INFO 2025-08-26 09:23:03,292 views 13068 17896 违规数据分析完成: 0条记录
INFO 2025-08-26 09:23:03,295 basehttp 13068 17896 "GET /api/monitor/violations/analytics/?range=24h HTTP/1.1" 200 481
INFO 2025-08-26 09:24:03,286 views 13068 31044 违规数据分析请求: range=24h, query_all=False
INFO 2025-08-26 09:24:03,291 services 13068 31044 违规数据分析完成: 0条记录, 0次违规
INFO 2025-08-26 09:24:03,291 views 13068 31044 违规数据分析完成: 0条记录
INFO 2025-08-26 09:24:03,292 basehttp 13068 31044 "GET /api/monitor/violations/analytics/?range=24h HTTP/1.1" 200 481
INFO 2025-08-26 09:25:03,282 views 13068 33660 违规数据分析请求: range=24h, query_all=False
INFO 2025-08-26 09:25:03,289 services 13068 33660 违规数据分析完成: 0条记录, 0次违规
INFO 2025-08-26 09:25:03,290 views 13068 33660 违规数据分析完成: 0条记录
INFO 2025-08-26 09:25:03,292 basehttp 13068 33660 "GET /api/monitor/violations/analytics/?range=24h HTTP/1.1" 200 481
INFO 2025-08-26 09:26:03,288 views 13068 13632 违规数据分析请求: range=24h, query_all=False
INFO 2025-08-26 09:26:03,293 services 13068 13632 违规数据分析完成: 0条记录, 0次违规
INFO 2025-08-26 09:26:03,294 views 13068 13632 违规数据分析完成: 0条记录
INFO 2025-08-26 09:26:03,296 basehttp 13068 13632 "GET /api/monitor/violations/analytics/?range=24h HTTP/1.1" 200 481
INFO 2025-08-26 09:27:03,284 views 13068 32208 违规数据分析请求: range=24h, query_all=False
INFO 2025-08-26 09:27:03,291 services 13068 32208 违规数据分析完成: 0条记录, 0次违规
INFO 2025-08-26 09:27:03,291 views 13068 32208 违规数据分析完成: 0条记录
INFO 2025-08-26 09:27:03,296 basehttp 13068 32208 "GET /api/monitor/violations/analytics/?range=24h HTTP/1.1" 200 481
INFO 2025-08-26 09:28:03,289 views 13068 25040 违规数据分析请求: range=24h, query_all=False
INFO 2025-08-26 09:28:03,296 services 13068 25040 违规数据分析完成: 0条记录, 0次违规
INFO 2025-08-26 09:28:03,296 views 13068 25040 违规数据分析完成: 0条记录
INFO 2025-08-26 09:28:03,297 basehttp 13068 25040 "GET /api/monitor/violations/analytics/?range=24h HTTP/1.1" 200 481
INFO 2025-08-26 09:29:03,281 views 13068 23856 违规数据分析请求: range=24h, query_all=False
INFO 2025-08-26 09:29:03,287 services 13068 23856 违规数据分析完成: 0条记录, 0次违规
INFO 2025-08-26 09:29:03,287 views 13068 23856 违规数据分析完成: 0条记录
INFO 2025-08-26 09:29:03,289 basehttp 13068 23856 "GET /api/monitor/violations/analytics/?range=24h HTTP/1.1" 200 481
INFO 2025-08-26 09:30:03,289 views 13068 30192 违规数据分析请求: range=24h, query_all=False
INFO 2025-08-26 09:30:03,297 services 13068 30192 违规数据分析完成: 0条记录, 0次违规
INFO 2025-08-26 09:30:03,297 views 13068 30192 违规数据分析完成: 0条记录
INFO 2025-08-26 09:30:03,299 basehttp 13068 30192 "GET /api/monitor/violations/analytics/?range=24h HTTP/1.1" 200 481
INFO 2025-08-26 09:49:43,358 views 13068 10596 违规数据分析请求: range=24h, query_all=False
INFO 2025-08-26 09:49:43,364 services 13068 10596 违规数据分析完成: 0条记录, 0次违规
INFO 2025-08-26 09:49:43,364 views 13068 10596 违规数据分析完成: 0条记录
INFO 2025-08-26 09:49:43,365 basehttp 13068 10596 "GET /api/monitor/violations/analytics/?range=24h HTTP/1.1" 200 481
INFO 2025-08-26 09:50:51,185 views 13068 33412 违规数据分析请求: range=24h, query_all=False
INFO 2025-08-26 09:50:51,188 services 13068 33412 违规数据分析完成: 0条记录, 0次违规
INFO 2025-08-26 09:50:51,188 views 13068 33412 违规数据分析完成: 0条记录
INFO 2025-08-26 09:50:51,190 basehttp 13068 33412 "GET /api/monitor/violations/analytics/?range=24h HTTP/1.1" 200 481
INFO 2025-08-26 10:54:06,810 views 13068 3136 违规数据分析请求: range=24h, query_all=False
INFO 2025-08-26 10:54:06,816 services 13068 3136 违规数据分析完成: 0条记录, 0次违规
INFO 2025-08-26 10:54:06,816 views 13068 3136 违规数据分析完成: 0条记录
INFO 2025-08-26 10:54:06,817 basehttp 13068 3136 "GET /api/monitor/violations/analytics/?range=24h HTTP/1.1" 200 481
INFO 2025-08-26 13:08:41,219 views 13068 22880 违规数据分析请求: range=24h, query_all=False
INFO 2025-08-26 13:08:41,227 services 13068 22880 违规数据分析完成: 0条记录, 0次违规
INFO 2025-08-26 13:08:41,227 views 13068 22880 违规数据分析完成: 0条记录
INFO 2025-08-26 13:08:41,228 basehttp 13068 22880 "GET /api/monitor/violations/analytics/?range=24h HTTP/1.1" 200 481
INFO 2025-08-26 14:26:04,815 views 13068 33464 违规数据分析请求: range=24h, query_all=False
INFO 2025-08-26 14:26:04,822 services 13068 33464 违规数据分析完成: 0条记录, 0次违规
INFO 2025-08-26 14:26:04,823 views 13068 33464 违规数据分析完成: 0条记录
INFO 2025-08-26 14:26:04,824 basehttp 13068 33464 "GET /api/monitor/violations/analytics/?range=24h HTTP/1.1" 200 481
ERROR 2025-08-26 14:35:18,570 log 13068 29476 Internal Server Error: /
Traceback (most recent call last):
  File "E:\anaconda\envs\manning\Lib\site-packages\django\core\handlers\exception.py", line 55, in inner
    response = get_response(request)
               ^^^^^^^^^^^^^^^^^^^^^
  File "E:\anaconda\envs\manning\Lib\site-packages\django\core\handlers\base.py", line 220, in _get_response
    response = response.render()
               ^^^^^^^^^^^^^^^^^
  File "E:\anaconda\envs\manning\Lib\site-packages\django\template\response.py", line 114, in render
    self.content = self.rendered_content
                   ^^^^^^^^^^^^^^^^^^^^^
  File "E:\anaconda\envs\manning\Lib\site-packages\django\template\response.py", line 90, in rendered_content
    template = self.resolve_template(self.template_name)
               ^^^^^^^^^^^^^^^^^^^^^^^^^^^^^^^^^^^^^^^^^
  File "E:\anaconda\envs\manning\Lib\site-packages\django\template\response.py", line 72, in resolve_template
    return select_template(template, using=self.using)
           ^^^^^^^^^^^^^^^^^^^^^^^^^^^^^^^^^^^^^^^^^^^
  File "E:\anaconda\envs\manning\Lib\site-packages\django\template\loader.py", line 47, in select_template
    raise TemplateDoesNotExist(", ".join(template_name_list), chain=chain)
django.template.exceptions.TemplateDoesNotExist: index.html
ERROR 2025-08-26 14:35:18,578 basehttp 13068 29476 "GET / HTTP/1.1" 500 86885
WARNING 2025-08-26 14:35:18,739 log 13068 29476 Not Found: /favicon.ico
WARNING 2025-08-26 14:35:18,740 basehttp 13068 29476 "GET /favicon.ico HTTP/1.1" 404 3386
INFO 2025-08-26 14:35:33,574 autoreload 28444 4052 Watching for file changes with StatReloader
INFO 2025-08-26 14:35:46,050 views 28444 15352 违规数据分析请求: range=24h, query_all=False
INFO 2025-08-26 14:35:46,058 services 28444 15352 违规数据分析完成: 0条记录, 0次违规
INFO 2025-08-26 14:35:46,059 views 28444 15352 违规数据分析完成: 0条记录
INFO 2025-08-26 14:35:46,060 basehttp 28444 15352 "GET /api/monitor/violations/analytics/?range=24h HTTP/1.1" 200 481
INFO 2025-08-26 14:35:47,552 views 28444 18744 违规数据分析请求: range=24h, query_all=False
INFO 2025-08-26 14:35:47,560 services 28444 18744 违规数据分析完成: 0条记录, 0次违规
INFO 2025-08-26 14:35:47,561 views 28444 18744 违规数据分析完成: 0条记录
INFO 2025-08-26 14:35:47,562 basehttp 28444 18744 "GET /api/monitor/violations/analytics/?range=24h HTTP/1.1" 200 481
INFO 2025-08-26 14:35:49,676 views 28444 33756 违规数据分析请求: range=24h, query_all=False
INFO 2025-08-26 14:35:49,683 services 28444 33756 违规数据分析完成: 0条记录, 0次违规
INFO 2025-08-26 14:35:49,684 views 28444 33756 违规数据分析完成: 0条记录
INFO 2025-08-26 14:35:49,685 basehttp 28444 33756 "GET /api/monitor/violations/analytics/?range=24h HTTP/1.1" 200 481
INFO 2025-08-26 14:36:01,796 views 28444 32684 AI查询请求: 口罩佩戴情况如何？ (时间范围: 720小时)
INFO 2025-08-26 14:36:01,797 services 28444 32684 调用Janus AI服务: http://localhost:5001/api/query
ERROR 2025-08-26 14:36:05,912 services 28444 32684 Janus AI服务请求失败: HTTPConnectionPool(host='localhost', port=5001): Max retries exceeded with url: /api/query (Caused by NewConnectionError('<urllib3.connection.HTTPConnection object at 0x000002590664AE10>: Failed to establish a new connection: [WinError 10061] 由于目标计算机积极拒绝，无法连接。'))
ERROR 2025-08-26 14:36:05,943 views 28444 32684 AI查询失败: (1146, "Table 'analysis_reports.ai_query_history' doesn't exist")
ERROR 2025-08-26 14:36:05,946 log 28444 32684 Internal Server Error: /api/monitor/ai-query/
ERROR 2025-08-26 14:36:05,946 basehttp 28444 32684 "POST /api/monitor/ai-query/ HTTP/1.1" 500 128
INFO 2025-08-26 14:36:50,278 views 28444 32752 违规数据分析请求: range=24h, query_all=False
INFO 2025-08-26 14:36:50,283 services 28444 32752 违规数据分析完成: 0条记录, 0次违规
INFO 2025-08-26 14:36:50,283 views 28444 32752 违规数据分析完成: 0条记录
INFO 2025-08-26 14:36:50,283 basehttp 28444 32752 "GET /api/monitor/violations/analytics/?range=24h HTTP/1.1" 200 481
INFO 2025-08-26 14:37:50,279 views 28444 18184 违规数据分析请求: range=24h, query_all=False
INFO 2025-08-26 14:37:50,283 services 28444 18184 违规数据分析完成: 0条记录, 0次违规
INFO 2025-08-26 14:37:50,283 views 28444 18184 违规数据分析完成: 0条记录
INFO 2025-08-26 14:37:50,284 basehttp 28444 18184 "GET /api/monitor/violations/analytics/?range=24h HTTP/1.1" 200 481
INFO 2025-08-26 14:38:50,286 views 28444 27712 违规数据分析请求: range=24h, query_all=False
INFO 2025-08-26 14:38:50,291 services 28444 27712 违规数据分析完成: 0条记录, 0次违规
INFO 2025-08-26 14:38:50,291 views 28444 27712 违规数据分析完成: 0条记录
INFO 2025-08-26 14:38:50,292 basehttp 28444 27712 "GET /api/monitor/violations/analytics/?range=24h HTTP/1.1" 200 481
INFO 2025-08-26 14:39:50,283 views 28444 7192 违规数据分析请求: range=24h, query_all=False
INFO 2025-08-26 14:39:50,288 services 28444 7192 违规数据分析完成: 0条记录, 0次违规
INFO 2025-08-26 14:39:50,289 views 28444 7192 违规数据分析完成: 0条记录
INFO 2025-08-26 14:39:50,289 basehttp 28444 7192 "GET /api/monitor/violations/analytics/?range=24h HTTP/1.1" 200 481
INFO 2025-08-26 14:40:50,277 views 28444 23196 违规数据分析请求: range=24h, query_all=False
INFO 2025-08-26 14:40:50,282 services 28444 23196 违规数据分析完成: 0条记录, 0次违规
INFO 2025-08-26 14:40:50,283 views 28444 23196 违规数据分析完成: 0条记录
INFO 2025-08-26 14:40:50,284 basehttp 28444 23196 "GET /api/monitor/violations/analytics/?range=24h HTTP/1.1" 200 481
INFO 2025-08-26 14:41:50,288 views 28444 19404 违规数据分析请求: range=24h, query_all=False
INFO 2025-08-26 14:41:50,294 services 28444 19404 违规数据分析完成: 0条记录, 0次违规
INFO 2025-08-26 14:41:50,294 views 28444 19404 违规数据分析完成: 0条记录
INFO 2025-08-26 14:41:50,295 basehttp 28444 19404 "GET /api/monitor/violations/analytics/?range=24h HTTP/1.1" 200 481
INFO 2025-08-26 14:42:50,281 views 28444 29072 违规数据分析请求: range=24h, query_all=False
INFO 2025-08-26 14:42:50,286 services 28444 29072 违规数据分析完成: 0条记录, 0次违规
INFO 2025-08-26 14:42:50,288 views 28444 29072 违规数据分析完成: 0条记录
INFO 2025-08-26 14:42:50,288 basehttp 28444 29072 "GET /api/monitor/violations/analytics/?range=24h HTTP/1.1" 200 481
INFO 2025-08-26 14:42:58,482 autoreload 28444 4052 E:\anaconda\envs\manning\Lib\site-packages\__editable___janus_1_0_0_finder.py changed, reloading.
INFO 2025-08-26 14:42:59,828 autoreload 32964 7312 Watching for file changes with StatReloader
INFO 2025-08-26 14:43:51,293 views 32964 11488 违规数据分析请求: range=24h, query_all=False
INFO 2025-08-26 14:43:51,299 services 32964 11488 违规数据分析完成: 0条记录, 0次违规
INFO 2025-08-26 14:43:51,300 views 32964 11488 违规数据分析完成: 0条记录
INFO 2025-08-26 14:43:51,301 basehttp 32964 11488 "GET /api/monitor/violations/analytics/?range=24h HTTP/1.1" 200 481
INFO 2025-08-26 14:44:19,501 views 32964 6936 AI查询请求: 口罩佩戴情况如何？ (时间范围: 720小时)
INFO 2025-08-26 14:44:19,503 services 32964 6936 调用Janus AI服务: http://localhost:5001/api/query
INFO 2025-08-26 14:44:21,788 services 32964 6936 Janus AI响应成功
ERROR 2025-08-26 14:44:21,797 views 32964 6936 AI查询失败: (1146, "Table 'analysis_reports.ai_query_history' doesn't exist")
ERROR 2025-08-26 14:44:21,800 log 32964 6936 Internal Server Error: /api/monitor/ai-query/
ERROR 2025-08-26 14:44:21,800 basehttp 32964 6936 "POST /api/monitor/ai-query/ HTTP/1.1" 500 128
INFO 2025-08-26 14:44:49,153 views 32964 12568 违规数据分析请求: range=24h, query_all=False
INFO 2025-08-26 14:44:49,159 services 32964 12568 违规数据分析完成: 0条记录, 0次违规
INFO 2025-08-26 14:44:49,160 views 32964 12568 违规数据分析完成: 0条记录
INFO 2025-08-26 14:44:49,160 basehttp 32964 12568 "GET /api/monitor/violations/analytics/?range=24h HTTP/1.1" 200 481
INFO 2025-08-26 14:44:57,136 views 32964 20508 AI查询请求: 口罩佩戴情况怎么样？ (时间范围: 720小时)
INFO 2025-08-26 14:44:57,137 services 32964 20508 调用Janus AI服务: http://localhost:5001/api/query
INFO 2025-08-26 14:44:59,220 services 32964 20508 Janus AI响应成功
ERROR 2025-08-26 14:44:59,229 views 32964 20508 AI查询失败: (1146, "Table 'analysis_reports.ai_query_history' doesn't exist")
ERROR 2025-08-26 14:44:59,231 log 32964 20508 Internal Server Error: /api/monitor/ai-query/
ERROR 2025-08-26 14:44:59,231 basehttp 32964 20508 "POST /api/monitor/ai-query/ HTTP/1.1" 500 128
INFO 2025-08-26 14:45:49,279 views 32964 23576 违规数据分析请求: range=24h, query_all=False
INFO 2025-08-26 14:45:49,284 services 32964 23576 违规数据分析完成: 0条记录, 0次违规
INFO 2025-08-26 14:45:49,284 views 32964 23576 违规数据分析完成: 0条记录
INFO 2025-08-26 14:45:49,285 basehttp 32964 23576 "GET /api/monitor/violations/analytics/?range=24h HTTP/1.1" 200 481
INFO 2025-08-26 14:46:49,280 views 32964 23596 违规数据分析请求: range=24h, query_all=False
INFO 2025-08-26 14:46:49,287 services 32964 23596 违规数据分析完成: 0条记录, 0次违规
INFO 2025-08-26 14:46:49,288 views 32964 23596 违规数据分析完成: 0条记录
INFO 2025-08-26 14:46:49,289 basehttp 32964 23596 "GET /api/monitor/violations/analytics/?range=24h HTTP/1.1" 200 481
INFO 2025-08-26 14:47:49,299 views 32964 2576 违规数据分析请求: range=24h, query_all=False
INFO 2025-08-26 14:47:49,307 services 32964 2576 违规数据分析完成: 0条记录, 0次违规
INFO 2025-08-26 14:47:49,307 views 32964 2576 违规数据分析完成: 0条记录
INFO 2025-08-26 14:47:49,310 basehttp 32964 2576 "GET /api/monitor/violations/analytics/?range=24h HTTP/1.1" 200 481
INFO 2025-08-26 14:48:49,282 views 32964 23204 违规数据分析请求: range=24h, query_all=False
INFO 2025-08-26 14:48:49,289 services 32964 23204 违规数据分析完成: 0条记录, 0次违规
INFO 2025-08-26 14:48:49,290 views 32964 23204 违规数据分析完成: 0条记录
INFO 2025-08-26 14:48:49,291 basehttp 32964 23204 "GET /api/monitor/violations/analytics/?range=24h HTTP/1.1" 200 481
INFO 2025-08-26 14:49:49,278 views 32964 32684 违规数据分析请求: range=24h, query_all=False
INFO 2025-08-26 14:49:49,284 services 32964 32684 违规数据分析完成: 0条记录, 0次违规
INFO 2025-08-26 14:49:49,285 views 32964 32684 违规数据分析完成: 0条记录
INFO 2025-08-26 14:49:49,286 basehttp 32964 32684 "GET /api/monitor/violations/analytics/?range=24h HTTP/1.1" 200 481
INFO 2025-08-26 14:50:49,285 views 32964 9732 违规数据分析请求: range=24h, query_all=False
INFO 2025-08-26 14:50:49,291 services 32964 9732 违规数据分析完成: 0条记录, 0次违规
INFO 2025-08-26 14:50:49,291 views 32964 9732 违规数据分析完成: 0条记录
INFO 2025-08-26 14:50:49,292 basehttp 32964 9732 "GET /api/monitor/violations/analytics/?range=24h HTTP/1.1" 200 481
INFO 2025-08-26 14:52:03,284 views 32964 15544 违规数据分析请求: range=24h, query_all=False
INFO 2025-08-26 14:52:03,292 services 32964 15544 违规数据分析完成: 0条记录, 0次违规
INFO 2025-08-26 14:52:03,293 views 32964 15544 违规数据分析完成: 0条记录
INFO 2025-08-26 14:52:03,293 basehttp 32964 15544 "GET /api/monitor/violations/analytics/?range=24h HTTP/1.1" 200 481
INFO 2025-08-26 14:53:03,275 views 32964 2372 违规数据分析请求: range=24h, query_all=False
INFO 2025-08-26 14:53:03,282 services 32964 2372 违规数据分析完成: 0条记录, 0次违规
INFO 2025-08-26 14:53:03,282 views 32964 2372 违规数据分析完成: 0条记录
INFO 2025-08-26 14:53:03,283 basehttp 32964 2372 "GET /api/monitor/violations/analytics/?range=24h HTTP/1.1" 200 481
INFO 2025-08-26 14:54:03,288 views 32964 16376 违规数据分析请求: range=24h, query_all=False
INFO 2025-08-26 14:54:03,296 services 32964 16376 违规数据分析完成: 0条记录, 0次违规
INFO 2025-08-26 14:54:03,297 views 32964 16376 违规数据分析完成: 0条记录
INFO 2025-08-26 14:54:03,297 basehttp 32964 16376 "GET /api/monitor/violations/analytics/?range=24h HTTP/1.1" 200 481
INFO 2025-08-26 14:55:03,285 views 32964 25324 违规数据分析请求: range=24h, query_all=False
INFO 2025-08-26 14:55:03,292 services 32964 25324 违规数据分析完成: 0条记录, 0次违规
INFO 2025-08-26 14:55:03,292 views 32964 25324 违规数据分析完成: 0条记录
INFO 2025-08-26 14:55:03,294 basehttp 32964 25324 "GET /api/monitor/violations/analytics/?range=24h HTTP/1.1" 200 481
INFO 2025-08-26 14:56:03,289 views 32964 27824 违规数据分析请求: range=24h, query_all=False
INFO 2025-08-26 14:56:03,297 services 32964 27824 违规数据分析完成: 0条记录, 0次违规
INFO 2025-08-26 14:56:03,298 views 32964 27824 违规数据分析完成: 0条记录
INFO 2025-08-26 14:56:03,299 basehttp 32964 27824 "GET /api/monitor/violations/analytics/?range=24h HTTP/1.1" 200 481
INFO 2025-08-26 14:57:03,276 views 32964 29128 违规数据分析请求: range=24h, query_all=False
INFO 2025-08-26 14:57:03,284 services 32964 29128 违规数据分析完成: 0条记录, 0次违规
INFO 2025-08-26 14:57:03,284 views 32964 29128 违规数据分析完成: 0条记录
INFO 2025-08-26 14:57:03,285 basehttp 32964 29128 "GET /api/monitor/violations/analytics/?range=24h HTTP/1.1" 200 481
INFO 2025-08-26 14:58:03,287 views 32964 25456 违规数据分析请求: range=24h, query_all=False
INFO 2025-08-26 14:58:03,294 services 32964 25456 违规数据分析完成: 0条记录, 0次违规
INFO 2025-08-26 14:58:03,294 views 32964 25456 违规数据分析完成: 0条记录
INFO 2025-08-26 14:58:03,295 basehttp 32964 25456 "GET /api/monitor/violations/analytics/?range=24h HTTP/1.1" 200 481
INFO 2025-08-26 14:59:03,283 views 32964 26916 违规数据分析请求: range=24h, query_all=False
INFO 2025-08-26 14:59:03,290 services 32964 26916 违规数据分析完成: 0条记录, 0次违规
INFO 2025-08-26 14:59:03,290 views 32964 26916 违规数据分析完成: 0条记录
INFO 2025-08-26 14:59:03,292 basehttp 32964 26916 "GET /api/monitor/violations/analytics/?range=24h HTTP/1.1" 200 481
INFO 2025-08-26 14:59:56,128 views 32964 5452 违规数据分析请求: range=24h, query_all=False
INFO 2025-08-26 14:59:56,136 services 32964 5452 违规数据分析完成: 0条记录, 0次违规
INFO 2025-08-26 14:59:56,136 views 32964 5452 违规数据分析完成: 0条记录
INFO 2025-08-26 14:59:56,137 basehttp 32964 5452 "GET /api/monitor/violations/analytics/?range=24h HTTP/1.1" 200 481
INFO 2025-08-26 14:59:59,984 views 32964 19072 AI查询请求: 口罩佩戴情况怎么样？ (时间范围: 168小时)
INFO 2025-08-26 14:59:59,985 services 32964 19072 调用Janus AI服务: http://localhost:5001/api/query
INFO 2025-08-26 15:00:02,041 services 32964 19072 Janus AI响应成功
ERROR 2025-08-26 15:00:02,051 views 32964 19072 AI查询失败: (1146, "Table 'analysis_reports.ai_query_history' doesn't exist")
ERROR 2025-08-26 15:00:02,051 log 32964 19072 Internal Server Error: /api/monitor/ai-query/
ERROR 2025-08-26 15:00:02,052 basehttp 32964 19072 "POST /api/monitor/ai-query/ HTTP/1.1" 500 128
INFO 2025-08-26 15:00:03,281 views 32964 500 违规数据分析请求: range=24h, query_all=False
INFO 2025-08-26 15:00:03,287 services 32964 500 违规数据分析完成: 0条记录, 0次违规
INFO 2025-08-26 15:00:03,288 views 32964 500 违规数据分析完成: 0条记录
INFO 2025-08-26 15:00:03,290 basehttp 32964 500 "GET /api/monitor/violations/analytics/?range=24h HTTP/1.1" 200 481
INFO 2025-08-26 15:00:49,280 views 32964 28660 违规数据分析请求: range=24h, query_all=False
INFO 2025-08-26 15:00:49,284 services 32964 28660 违规数据分析完成: 0条记录, 0次违规
INFO 2025-08-26 15:00:49,285 views 32964 28660 违规数据分析完成: 0条记录
INFO 2025-08-26 15:00:49,286 basehttp 32964 28660 "GET /api/monitor/violations/analytics/?range=24h HTTP/1.1" 200 481
INFO 2025-08-26 15:00:56,278 views 32964 24772 违规数据分析请求: range=24h, query_all=False
INFO 2025-08-26 15:00:56,283 services 32964 24772 违规数据分析完成: 0条记录, 0次违规
INFO 2025-08-26 15:00:56,283 views 32964 24772 违规数据分析完成: 0条记录
INFO 2025-08-26 15:00:56,284 basehttp 32964 24772 "GET /api/monitor/violations/analytics/?range=24h HTTP/1.1" 200 481
INFO 2025-08-26 15:01:56,289 views 32964 32800 违规数据分析请求: range=24h, query_all=False
INFO 2025-08-26 15:01:56,295 services 32964 32800 违规数据分析完成: 0条记录, 0次违规
INFO 2025-08-26 15:01:56,295 views 32964 32800 违规数据分析完成: 0条记录
INFO 2025-08-26 15:01:56,296 basehttp 32964 32800 "GET /api/monitor/violations/analytics/?range=24h HTTP/1.1" 200 481
INFO 2025-08-26 15:02:03,284 views 32964 31128 违规数据分析请求: range=24h, query_all=False
INFO 2025-08-26 15:02:03,289 services 32964 31128 违规数据分析完成: 0条记录, 0次违规
INFO 2025-08-26 15:02:03,290 views 32964 31128 违规数据分析完成: 0条记录
INFO 2025-08-26 15:02:03,291 basehttp 32964 31128 "GET /api/monitor/violations/analytics/?range=24h HTTP/1.1" 200 481
INFO 2025-08-26 15:02:56,277 views 32964 7212 违规数据分析请求: range=24h, query_all=False
INFO 2025-08-26 15:02:56,285 services 32964 7212 违规数据分析完成: 0条记录, 0次违规
INFO 2025-08-26 15:02:56,285 views 32964 7212 违规数据分析完成: 0条记录
INFO 2025-08-26 15:02:56,286 basehttp 32964 7212 "GET /api/monitor/violations/analytics/?range=24h HTTP/1.1" 200 481
INFO 2025-08-26 15:03:03,277 views 32964 10948 违规数据分析请求: range=24h, query_all=False
INFO 2025-08-26 15:03:03,281 services 32964 10948 违规数据分析完成: 0条记录, 0次违规
INFO 2025-08-26 15:03:03,282 views 32964 10948 违规数据分析完成: 0条记录
INFO 2025-08-26 15:03:03,284 basehttp 32964 10948 "GET /api/monitor/violations/analytics/?range=24h HTTP/1.1" 200 481
INFO 2025-08-26 15:03:56,292 views 32964 30956 违规数据分析请求: range=24h, query_all=False
INFO 2025-08-26 15:03:56,296 services 32964 30956 违规数据分析完成: 0条记录, 0次违规
INFO 2025-08-26 15:03:56,296 views 32964 30956 违规数据分析完成: 0条记录
INFO 2025-08-26 15:03:56,297 basehttp 32964 30956 "GET /api/monitor/violations/analytics/?range=24h HTTP/1.1" 200 481
INFO 2025-08-26 15:04:03,285 views 32964 9188 违规数据分析请求: range=24h, query_all=False
INFO 2025-08-26 15:04:03,289 services 32964 9188 违规数据分析完成: 0条记录, 0次违规
INFO 2025-08-26 15:04:03,289 views 32964 9188 违规数据分析完成: 0条记录
INFO 2025-08-26 15:04:03,291 basehttp 32964 9188 "GET /api/monitor/violations/analytics/?range=24h HTTP/1.1" 200 481
INFO 2025-08-26 15:04:56,292 views 32964 23980 违规数据分析请求: range=24h, query_all=False
INFO 2025-08-26 15:04:56,300 services 32964 23980 违规数据分析完成: 0条记录, 0次违规
INFO 2025-08-26 15:04:56,301 views 32964 23980 违规数据分析完成: 0条记录
INFO 2025-08-26 15:04:56,301 basehttp 32964 23980 "GET /api/monitor/violations/analytics/?range=24h HTTP/1.1" 200 481
INFO 2025-08-26 15:05:03,283 views 32964 10596 违规数据分析请求: range=24h, query_all=False
INFO 2025-08-26 15:05:03,290 services 32964 10596 违规数据分析完成: 0条记录, 0次违规
INFO 2025-08-26 15:05:03,290 views 32964 10596 违规数据分析完成: 0条记录
INFO 2025-08-26 15:05:03,291 basehttp 32964 10596 "GET /api/monitor/violations/analytics/?range=24h HTTP/1.1" 200 481
INFO 2025-08-26 15:05:56,293 views 32964 25204 违规数据分析请求: range=24h, query_all=False
INFO 2025-08-26 15:05:56,299 services 32964 25204 违规数据分析完成: 0条记录, 0次违规
INFO 2025-08-26 15:05:56,299 views 32964 25204 违规数据分析完成: 0条记录
INFO 2025-08-26 15:05:56,300 basehttp 32964 25204 "GET /api/monitor/violations/analytics/?range=24h HTTP/1.1" 200 481
INFO 2025-08-26 15:06:03,281 views 32964 4608 违规数据分析请求: range=24h, query_all=False
INFO 2025-08-26 15:06:03,288 services 32964 4608 违规数据分析完成: 0条记录, 0次违规
INFO 2025-08-26 15:06:03,288 views 32964 4608 违规数据分析完成: 0条记录
INFO 2025-08-26 15:06:03,289 basehttp 32964 4608 "GET /api/monitor/violations/analytics/?range=24h HTTP/1.1" 200 481
INFO 2025-08-26 15:07:03,276 views 32964 28660 违规数据分析请求: range=24h, query_all=False
INFO 2025-08-26 15:07:03,279 views 32964 31736 违规数据分析请求: range=24h, query_all=False
INFO 2025-08-26 15:07:03,282 services 32964 28660 违规数据分析完成: 0条记录, 0次违规
INFO 2025-08-26 15:07:03,282 views 32964 28660 违规数据分析完成: 0条记录
INFO 2025-08-26 15:07:03,283 basehttp 32964 28660 "GET /api/monitor/violations/analytics/?range=24h HTTP/1.1" 200 481
INFO 2025-08-26 15:07:03,287 services 32964 31736 违规数据分析完成: 0条记录, 0次违规
INFO 2025-08-26 15:07:03,287 views 32964 31736 违规数据分析完成: 0条记录
INFO 2025-08-26 15:07:03,288 basehttp 32964 31736 "GET /api/monitor/violations/analytics/?range=24h HTTP/1.1" 200 481
INFO 2025-08-26 15:08:03,280 views 32964 20756 违规数据分析请求: range=24h, query_all=False
INFO 2025-08-26 15:08:03,285 views 32964 29232 违规数据分析请求: range=24h, query_all=False
INFO 2025-08-26 15:08:03,291 services 32964 20756 违规数据分析完成: 0条记录, 0次违规
INFO 2025-08-26 15:08:03,291 views 32964 20756 违规数据分析完成: 0条记录
INFO 2025-08-26 15:08:03,292 services 32964 29232 违规数据分析完成: 0条记录, 0次违规
INFO 2025-08-26 15:08:03,293 basehttp 32964 20756 "GET /api/monitor/violations/analytics/?range=24h HTTP/1.1" 200 481
INFO 2025-08-26 15:08:03,293 views 32964 29232 违规数据分析完成: 0条记录
INFO 2025-08-26 15:08:03,294 basehttp 32964 29232 "GET /api/monitor/violations/analytics/?range=24h HTTP/1.1" 200 481
INFO 2025-08-26 15:09:03,283 views 32964 27340 违规数据分析请求: range=24h, query_all=False
INFO 2025-08-26 15:09:03,286 views 32964 14324 违规数据分析请求: range=24h, query_all=False
INFO 2025-08-26 15:09:03,290 services 32964 27340 违规数据分析完成: 0条记录, 0次违规
INFO 2025-08-26 15:09:03,291 views 32964 27340 违规数据分析完成: 0条记录
INFO 2025-08-26 15:09:03,292 basehttp 32964 27340 "GET /api/monitor/violations/analytics/?range=24h HTTP/1.1" 200 481
INFO 2025-08-26 15:09:03,292 services 32964 14324 违规数据分析完成: 0条记录, 0次违规
INFO 2025-08-26 15:09:03,293 views 32964 14324 违规数据分析完成: 0条记录
INFO 2025-08-26 15:09:03,294 basehttp 32964 14324 "GET /api/monitor/violations/analytics/?range=24h HTTP/1.1" 200 481
INFO 2025-08-26 15:10:03,287 views 32964 19064 违规数据分析请求: range=24h, query_all=False
INFO 2025-08-26 15:10:03,289 views 32964 26168 违规数据分析请求: range=24h, query_all=False
INFO 2025-08-26 15:10:03,294 services 32964 19064 违规数据分析完成: 0条记录, 0次违规
INFO 2025-08-26 15:10:03,294 views 32964 19064 违规数据分析完成: 0条记录
INFO 2025-08-26 15:10:03,295 basehttp 32964 19064 "GET /api/monitor/violations/analytics/?range=24h HTTP/1.1" 200 481
INFO 2025-08-26 15:10:03,296 services 32964 26168 违规数据分析完成: 0条记录, 0次违规
INFO 2025-08-26 15:10:03,296 views 32964 26168 违规数据分析完成: 0条记录
INFO 2025-08-26 15:10:03,297 basehttp 32964 26168 "GET /api/monitor/violations/analytics/?range=24h HTTP/1.1" 200 481
INFO 2025-08-26 15:11:03,285 views 32964 23848 违规数据分析请求: range=24h, query_all=False
INFO 2025-08-26 15:11:03,287 views 32964 33444 违规数据分析请求: range=24h, query_all=False
INFO 2025-08-26 15:11:03,293 services 32964 23848 违规数据分析完成: 0条记录, 0次违规
INFO 2025-08-26 15:11:03,293 views 32964 23848 违规数据分析完成: 0条记录
INFO 2025-08-26 15:11:03,294 basehttp 32964 23848 "GET /api/monitor/violations/analytics/?range=24h HTTP/1.1" 200 481
INFO 2025-08-26 15:11:03,295 services 32964 33444 违规数据分析完成: 0条记录, 0次违规
INFO 2025-08-26 15:11:03,295 views 32964 33444 违规数据分析完成: 0条记录
INFO 2025-08-26 15:11:03,296 basehttp 32964 33444 "GET /api/monitor/violations/analytics/?range=24h HTTP/1.1" 200 481
INFO 2025-08-26 15:12:03,290 views 32964 8284 违规数据分析请求: range=24h, query_all=False
INFO 2025-08-26 15:12:03,291 views 32964 31076 违规数据分析请求: range=24h, query_all=False
INFO 2025-08-26 15:12:03,300 services 32964 8284 违规数据分析完成: 0条记录, 0次违规
INFO 2025-08-26 15:12:03,301 views 32964 8284 违规数据分析完成: 0条记录
INFO 2025-08-26 15:12:03,302 basehttp 32964 8284 "GET /api/monitor/violations/analytics/?range=24h HTTP/1.1" 200 481
INFO 2025-08-26 15:12:03,304 services 32964 31076 违规数据分析完成: 0条记录, 0次违规
INFO 2025-08-26 15:12:03,304 views 32964 31076 违规数据分析完成: 0条记录
INFO 2025-08-26 15:12:03,305 basehttp 32964 31076 "GET /api/monitor/violations/analytics/?range=24h HTTP/1.1" 200 481
INFO 2025-08-26 15:13:03,288 views 32964 32800 违规数据分析请求: range=24h, query_all=False
INFO 2025-08-26 15:13:03,290 views 32964 15484 违规数据分析请求: range=24h, query_all=False
INFO 2025-08-26 15:13:03,297 services 32964 32800 违规数据分析完成: 0条记录, 0次违规
INFO 2025-08-26 15:13:03,297 views 32964 32800 违规数据分析完成: 0条记录
INFO 2025-08-26 15:13:03,299 basehttp 32964 32800 "GET /api/monitor/violations/analytics/?range=24h HTTP/1.1" 200 481
INFO 2025-08-26 15:13:03,301 services 32964 15484 违规数据分析完成: 0条记录, 0次违规
INFO 2025-08-26 15:13:03,301 views 32964 15484 违规数据分析完成: 0条记录
INFO 2025-08-26 15:13:03,302 basehttp 32964 15484 "GET /api/monitor/violations/analytics/?range=24h HTTP/1.1" 200 481
INFO 2025-08-26 15:14:03,285 views 32964 24604 违规数据分析请求: range=24h, query_all=False
INFO 2025-08-26 15:14:03,289 views 32964 31988 违规数据分析请求: range=24h, query_all=False
INFO 2025-08-26 15:14:03,295 services 32964 24604 违规数据分析完成: 0条记录, 0次违规
INFO 2025-08-26 15:14:03,295 views 32964 24604 违规数据分析完成: 0条记录
INFO 2025-08-26 15:14:03,297 basehttp 32964 24604 "GET /api/monitor/violations/analytics/?range=24h HTTP/1.1" 200 481
INFO 2025-08-26 15:14:03,300 services 32964 31988 违规数据分析完成: 0条记录, 0次违规
INFO 2025-08-26 15:14:03,300 views 32964 31988 违规数据分析完成: 0条记录
INFO 2025-08-26 15:14:03,302 basehttp 32964 31988 "GET /api/monitor/violations/analytics/?range=24h HTTP/1.1" 200 481
INFO 2025-08-26 15:15:03,290 views 32964 26812 违规数据分析请求: range=24h, query_all=False
INFO 2025-08-26 15:15:03,294 views 32964 16232 违规数据分析请求: range=24h, query_all=False
INFO 2025-08-26 15:15:03,299 services 32964 26812 违规数据分析完成: 0条记录, 0次违规
INFO 2025-08-26 15:15:03,300 views 32964 26812 违规数据分析完成: 0条记录
INFO 2025-08-26 15:15:03,301 basehttp 32964 26812 "GET /api/monitor/violations/analytics/?range=24h HTTP/1.1" 200 481
INFO 2025-08-26 15:15:03,304 services 32964 16232 违规数据分析完成: 0条记录, 0次违规
INFO 2025-08-26 15:15:03,304 views 32964 16232 违规数据分析完成: 0条记录
INFO 2025-08-26 15:15:03,306 basehttp 32964 16232 "GET /api/monitor/violations/analytics/?range=24h HTTP/1.1" 200 481
INFO 2025-08-26 15:16:03,290 views 32964 17600 违规数据分析请求: range=24h, query_all=False
INFO 2025-08-26 15:16:03,293 views 32964 29104 违规数据分析请求: range=24h, query_all=False
INFO 2025-08-26 15:16:03,296 services 32964 17600 违规数据分析完成: 0条记录, 0次违规
INFO 2025-08-26 15:16:03,298 views 32964 17600 违规数据分析完成: 0条记录
INFO 2025-08-26 15:16:03,298 services 32964 29104 违规数据分析完成: 0条记录, 0次违规
INFO 2025-08-26 15:16:03,299 views 32964 29104 违规数据分析完成: 0条记录
INFO 2025-08-26 15:16:03,300 basehttp 32964 17600 "GET /api/monitor/violations/analytics/?range=24h HTTP/1.1" 200 481
INFO 2025-08-26 15:16:03,301 basehttp 32964 29104 "GET /api/monitor/violations/analytics/?range=24h HTTP/1.1" 200 481
INFO 2025-08-26 15:17:03,281 views 32964 26712 违规数据分析请求: range=24h, query_all=False
INFO 2025-08-26 15:17:03,283 views 32964 17396 违规数据分析请求: range=24h, query_all=False
INFO 2025-08-26 15:17:03,289 services 32964 26712 违规数据分析完成: 0条记录, 0次违规
INFO 2025-08-26 15:17:03,290 views 32964 26712 违规数据分析完成: 0条记录
INFO 2025-08-26 15:17:03,292 services 32964 17396 违规数据分析完成: 0条记录, 0次违规
INFO 2025-08-26 15:17:03,292 basehttp 32964 26712 "GET /api/monitor/violations/analytics/?range=24h HTTP/1.1" 200 481
INFO 2025-08-26 15:17:03,293 views 32964 17396 违规数据分析完成: 0条记录
INFO 2025-08-26 15:17:03,294 basehttp 32964 17396 "GET /api/monitor/violations/analytics/?range=24h HTTP/1.1" 200 481
INFO 2025-08-26 15:18:03,284 views 32964 24840 违规数据分析请求: range=24h, query_all=False
INFO 2025-08-26 15:18:03,287 views 32964 17976 违规数据分析请求: range=24h, query_all=False
INFO 2025-08-26 15:18:03,292 services 32964 24840 违规数据分析完成: 0条记录, 0次违规
INFO 2025-08-26 15:18:03,292 views 32964 24840 违规数据分析完成: 0条记录
INFO 2025-08-26 15:18:03,294 basehttp 32964 24840 "GET /api/monitor/violations/analytics/?range=24h HTTP/1.1" 200 481
INFO 2025-08-26 15:18:03,295 services 32964 17976 违规数据分析完成: 0条记录, 0次违规
INFO 2025-08-26 15:18:03,296 views 32964 17976 违规数据分析完成: 0条记录
INFO 2025-08-26 15:18:03,297 basehttp 32964 17976 "GET /api/monitor/violations/analytics/?range=24h HTTP/1.1" 200 481
INFO 2025-08-26 15:18:15,732 views 32964 27864 违规数据分析请求: range=24h, query_all=False
INFO 2025-08-26 15:18:15,739 services 32964 27864 违规数据分析完成: 0条记录, 0次违规
INFO 2025-08-26 15:18:15,739 views 32964 27864 违规数据分析完成: 0条记录
INFO 2025-08-26 15:18:15,740 basehttp 32964 27864 "GET /api/monitor/violations/analytics/?range=24h HTTP/1.1" 200 481
INFO 2025-08-26 15:18:21,426 views 32964 20728 AI查询请求: 口罩佩戴情况怎么样？ (时间范围: 24小时)
INFO 2025-08-26 15:18:21,427 services 32964 20728 调用Janus AI服务: http://localhost:5001/api/query
INFO 2025-08-26 15:18:23,489 services 32964 20728 Janus AI响应成功
ERROR 2025-08-26 15:18:23,510 views 32964 20728 AI查询失败: (1146, "Table 'analysis_reports.ai_query_history' doesn't exist")
ERROR 2025-08-26 15:18:23,511 log 32964 20728 Internal Server Error: /api/monitor/ai-query/
ERROR 2025-08-26 15:18:23,511 basehttp 32964 20728 "POST /api/monitor/ai-query/ HTTP/1.1" 500 128
INFO 2025-08-26 15:19:03,291 views 32964 18948 违规数据分析请求: range=24h, query_all=False
INFO 2025-08-26 15:19:03,299 services 32964 18948 违规数据分析完成: 0条记录, 0次违规
INFO 2025-08-26 15:19:03,299 views 32964 18948 违规数据分析完成: 0条记录
INFO 2025-08-26 15:19:03,299 basehttp 32964 18948 "GET /api/monitor/violations/analytics/?range=24h HTTP/1.1" 200 481
INFO 2025-08-26 15:19:16,278 views 32964 7216 违规数据分析请求: range=24h, query_all=False
INFO 2025-08-26 15:19:16,282 services 32964 7216 违规数据分析完成: 0条记录, 0次违规
INFO 2025-08-26 15:19:16,283 views 32964 7216 违规数据分析完成: 0条记录
INFO 2025-08-26 15:19:16,283 basehttp 32964 7216 "GET /api/monitor/violations/analytics/?range=24h HTTP/1.1" 200 481
INFO 2025-08-26 15:20:03,282 views 32964 17404 违规数据分析请求: range=24h, query_all=False
INFO 2025-08-26 15:20:03,288 services 32964 17404 违规数据分析完成: 0条记录, 0次违规
INFO 2025-08-26 15:20:03,288 views 32964 17404 违规数据分析完成: 0条记录
INFO 2025-08-26 15:20:03,289 basehttp 32964 17404 "GET /api/monitor/violations/analytics/?range=24h HTTP/1.1" 200 481
INFO 2025-08-26 15:20:16,289 views 32964 26112 违规数据分析请求: range=24h, query_all=False
INFO 2025-08-26 15:20:16,296 services 32964 26112 违规数据分析完成: 0条记录, 0次违规
INFO 2025-08-26 15:20:16,297 views 32964 26112 违规数据分析完成: 0条记录
INFO 2025-08-26 15:20:16,298 basehttp 32964 26112 "GET /api/monitor/violations/analytics/?range=24h HTTP/1.1" 200 481
INFO 2025-08-26 15:21:03,287 views 32964 31616 违规数据分析请求: range=24h, query_all=False
INFO 2025-08-26 15:21:03,294 services 32964 31616 违规数据分析完成: 0条记录, 0次违规
INFO 2025-08-26 15:21:03,294 views 32964 31616 违规数据分析完成: 0条记录
INFO 2025-08-26 15:21:03,296 basehttp 32964 31616 "GET /api/monitor/violations/analytics/?range=24h HTTP/1.1" 200 481
INFO 2025-08-26 15:21:16,280 views 32964 30780 违规数据分析请求: range=24h, query_all=False
INFO 2025-08-26 15:21:16,286 services 32964 30780 违规数据分析完成: 0条记录, 0次违规
INFO 2025-08-26 15:21:16,286 views 32964 30780 违规数据分析完成: 0条记录
INFO 2025-08-26 15:21:16,287 basehttp 32964 30780 "GET /api/monitor/violations/analytics/?range=24h HTTP/1.1" 200 481
INFO 2025-08-26 15:22:03,288 views 32964 20156 违规数据分析请求: range=24h, query_all=False
INFO 2025-08-26 15:22:03,293 services 32964 20156 违规数据分析完成: 0条记录, 0次违规
INFO 2025-08-26 15:22:03,294 views 32964 20156 违规数据分析完成: 0条记录
INFO 2025-08-26 15:22:03,295 basehttp 32964 20156 "GET /api/monitor/violations/analytics/?range=24h HTTP/1.1" 200 481
INFO 2025-08-26 15:22:16,279 views 32964 27160 违规数据分析请求: range=24h, query_all=False
INFO 2025-08-26 15:22:16,285 services 32964 27160 违规数据分析完成: 0条记录, 0次违规
INFO 2025-08-26 15:22:16,285 views 32964 27160 违规数据分析完成: 0条记录
INFO 2025-08-26 15:22:16,285 basehttp 32964 27160 "GET /api/monitor/violations/analytics/?range=24h HTTP/1.1" 200 481
INFO 2025-08-26 15:23:03,295 views 32964 14624 违规数据分析请求: range=24h, query_all=False
INFO 2025-08-26 15:23:03,299 services 32964 14624 违规数据分析完成: 0条记录, 0次违规
INFO 2025-08-26 15:23:03,300 views 32964 14624 违规数据分析完成: 0条记录
INFO 2025-08-26 15:23:03,300 basehttp 32964 14624 "GET /api/monitor/violations/analytics/?range=24h HTTP/1.1" 200 481
INFO 2025-08-26 15:23:16,285 views 32964 8020 违规数据分析请求: range=24h, query_all=False
INFO 2025-08-26 15:23:16,289 services 32964 8020 违规数据分析完成: 0条记录, 0次违规
INFO 2025-08-26 15:23:16,289 views 32964 8020 违规数据分析完成: 0条记录
INFO 2025-08-26 15:23:16,290 basehttp 32964 8020 "GET /api/monitor/violations/analytics/?range=24h HTTP/1.1" 200 481
INFO 2025-08-26 15:24:03,288 views 32964 24380 违规数据分析请求: range=24h, query_all=False
INFO 2025-08-26 15:24:03,292 services 32964 24380 违规数据分析完成: 0条记录, 0次违规
INFO 2025-08-26 15:24:03,293 views 32964 24380 违规数据分析完成: 0条记录
INFO 2025-08-26 15:24:03,295 basehttp 32964 24380 "GET /api/monitor/violations/analytics/?range=24h HTTP/1.1" 200 481
INFO 2025-08-26 15:24:16,287 views 32964 22716 违规数据分析请求: range=24h, query_all=False
INFO 2025-08-26 15:24:16,292 services 32964 22716 违规数据分析完成: 0条记录, 0次违规
INFO 2025-08-26 15:24:16,292 views 32964 22716 违规数据分析完成: 0条记录
INFO 2025-08-26 15:24:16,293 basehttp 32964 22716 "GET /api/monitor/violations/analytics/?range=24h HTTP/1.1" 200 481
INFO 2025-08-26 15:25:03,282 views 32964 22728 违规数据分析请求: range=24h, query_all=False
INFO 2025-08-26 15:25:03,289 services 32964 22728 违规数据分析完成: 0条记录, 0次违规
INFO 2025-08-26 15:25:03,289 views 32964 22728 违规数据分析完成: 0条记录
INFO 2025-08-26 15:25:03,290 basehttp 32964 22728 "GET /api/monitor/violations/analytics/?range=24h HTTP/1.1" 200 481
INFO 2025-08-26 15:25:48,286 views 32964 21888 违规数据分析请求: range=24h, query_all=False
INFO 2025-08-26 15:25:48,292 services 32964 21888 违规数据分析完成: 0条记录, 0次违规
INFO 2025-08-26 15:25:48,293 views 32964 21888 违规数据分析完成: 0条记录
INFO 2025-08-26 15:25:48,293 basehttp 32964 21888 "GET /api/monitor/violations/analytics/?range=24h HTTP/1.1" 200 481
INFO 2025-08-26 15:26:03,285 views 32964 22936 违规数据分析请求: range=24h, query_all=False
INFO 2025-08-26 15:26:03,291 services 32964 22936 违规数据分析完成: 0条记录, 0次违规
INFO 2025-08-26 15:26:03,292 views 32964 22936 违规数据分析完成: 0条记录
INFO 2025-08-26 15:26:03,293 basehttp 32964 22936 "GET /api/monitor/violations/analytics/?range=24h HTTP/1.1" 200 481
INFO 2025-08-26 15:26:49,290 views 32964 4608 违规数据分析请求: range=24h, query_all=False
INFO 2025-08-26 15:26:49,296 services 32964 4608 违规数据分析完成: 0条记录, 0次违规
INFO 2025-08-26 15:26:49,297 views 32964 4608 违规数据分析完成: 0条记录
INFO 2025-08-26 15:26:49,297 basehttp 32964 4608 "GET /api/monitor/violations/analytics/?range=24h HTTP/1.1" 200 481
INFO 2025-08-26 15:27:03,283 views 32964 29752 违规数据分析请求: range=24h, query_all=False
INFO 2025-08-26 15:27:03,288 services 32964 29752 违规数据分析完成: 0条记录, 0次违规
INFO 2025-08-26 15:27:03,288 views 32964 29752 违规数据分析完成: 0条记录
INFO 2025-08-26 15:27:03,288 basehttp 32964 29752 "GET /api/monitor/violations/analytics/?range=24h HTTP/1.1" 200 481
INFO 2025-08-26 15:27:50,282 views 32964 22892 违规数据分析请求: range=24h, query_all=False
INFO 2025-08-26 15:27:50,291 services 32964 22892 违规数据分析完成: 0条记录, 0次违规
INFO 2025-08-26 15:27:50,291 views 32964 22892 违规数据分析完成: 0条记录
INFO 2025-08-26 15:27:50,292 basehttp 32964 22892 "GET /api/monitor/violations/analytics/?range=24h HTTP/1.1" 200 481
INFO 2025-08-26 15:28:03,282 views 32964 31952 违规数据分析请求: range=24h, query_all=False
INFO 2025-08-26 15:28:03,287 services 32964 31952 违规数据分析完成: 0条记录, 0次违规
INFO 2025-08-26 15:28:03,289 views 32964 31952 违规数据分析完成: 0条记录
INFO 2025-08-26 15:28:03,290 basehttp 32964 31952 "GET /api/monitor/violations/analytics/?range=24h HTTP/1.1" 200 481
INFO 2025-08-26 15:28:51,287 views 32964 20476 违规数据分析请求: range=24h, query_all=False
INFO 2025-08-26 15:28:51,296 services 32964 20476 违规数据分析完成: 0条记录, 0次违规
INFO 2025-08-26 15:28:51,296 views 32964 20476 违规数据分析完成: 0条记录
INFO 2025-08-26 15:28:51,298 basehttp 32964 20476 "GET /api/monitor/violations/analytics/?range=24h HTTP/1.1" 200 481
INFO 2025-08-26 15:29:03,285 views 32964 33476 违规数据分析请求: range=24h, query_all=False
INFO 2025-08-26 15:29:03,291 services 32964 33476 违规数据分析完成: 0条记录, 0次违规
INFO 2025-08-26 15:29:03,291 views 32964 33476 违规数据分析完成: 0条记录
INFO 2025-08-26 15:29:03,292 basehttp 32964 33476 "GET /api/monitor/violations/analytics/?range=24h HTTP/1.1" 200 481
INFO 2025-08-26 15:29:52,287 views 32964 10056 违规数据分析请求: range=24h, query_all=False
INFO 2025-08-26 15:29:52,293 services 32964 10056 违规数据分析完成: 0条记录, 0次违规
INFO 2025-08-26 15:29:52,294 views 32964 10056 违规数据分析完成: 0条记录
INFO 2025-08-26 15:29:52,295 basehttp 32964 10056 "GET /api/monitor/violations/analytics/?range=24h HTTP/1.1" 200 481
INFO 2025-08-26 15:30:03,291 views 32964 20100 违规数据分析请求: range=24h, query_all=False
INFO 2025-08-26 15:30:03,300 services 32964 20100 违规数据分析完成: 0条记录, 0次违规
INFO 2025-08-26 15:30:03,300 views 32964 20100 违规数据分析完成: 0条记录
INFO 2025-08-26 15:30:03,301 basehttp 32964 20100 "GET /api/monitor/violations/analytics/?range=24h HTTP/1.1" 200 481
INFO 2025-08-26 15:30:53,282 views 32964 12056 违规数据分析请求: range=24h, query_all=False
INFO 2025-08-26 15:30:53,292 services 32964 12056 违规数据分析完成: 0条记录, 0次违规
INFO 2025-08-26 15:30:53,293 views 32964 12056 违规数据分析完成: 0条记录
INFO 2025-08-26 15:30:53,295 basehttp 32964 12056 "GET /api/monitor/violations/analytics/?range=24h HTTP/1.1" 200 481
INFO 2025-08-26 15:31:03,287 views 32964 29620 违规数据分析请求: range=24h, query_all=False
INFO 2025-08-26 15:31:03,295 services 32964 29620 违规数据分析完成: 0条记录, 0次违规
INFO 2025-08-26 15:31:03,296 views 32964 29620 违规数据分析完成: 0条记录
INFO 2025-08-26 15:31:03,297 basehttp 32964 29620 "GET /api/monitor/violations/analytics/?range=24h HTTP/1.1" 200 481
INFO 2025-08-26 15:31:54,283 views 32964 19980 违规数据分析请求: range=24h, query_all=False
INFO 2025-08-26 15:31:54,288 services 32964 19980 违规数据分析完成: 0条记录, 0次违规
INFO 2025-08-26 15:31:54,289 views 32964 19980 违规数据分析完成: 0条记录
INFO 2025-08-26 15:31:54,290 basehttp 32964 19980 "GET /api/monitor/violations/analytics/?range=24h HTTP/1.1" 200 481
INFO 2025-08-26 15:32:03,289 views 32964 14152 违规数据分析请求: range=24h, query_all=False
INFO 2025-08-26 15:32:03,296 services 32964 14152 违规数据分析完成: 0条记录, 0次违规
INFO 2025-08-26 15:32:03,297 views 32964 14152 违规数据分析完成: 0条记录
INFO 2025-08-26 15:32:03,298 basehttp 32964 14152 "GET /api/monitor/violations/analytics/?range=24h HTTP/1.1" 200 481
INFO 2025-08-26 15:32:55,275 views 32964 31564 违规数据分析请求: range=24h, query_all=False
INFO 2025-08-26 15:32:55,282 services 32964 31564 违规数据分析完成: 0条记录, 0次违规
INFO 2025-08-26 15:32:55,283 views 32964 31564 违规数据分析完成: 0条记录
INFO 2025-08-26 15:32:55,284 basehttp 32964 31564 "GET /api/monitor/violations/analytics/?range=24h HTTP/1.1" 200 481
INFO 2025-08-26 15:33:03,286 views 32964 20940 违规数据分析请求: range=24h, query_all=False
INFO 2025-08-26 15:33:03,293 services 32964 20940 违规数据分析完成: 0条记录, 0次违规
INFO 2025-08-26 15:33:03,294 views 32964 20940 违规数据分析完成: 0条记录
INFO 2025-08-26 15:33:03,295 basehttp 32964 20940 "GET /api/monitor/violations/analytics/?range=24h HTTP/1.1" 200 481
INFO 2025-08-26 15:33:56,294 views 32964 19064 违规数据分析请求: range=24h, query_all=False
INFO 2025-08-26 15:33:56,302 services 32964 19064 违规数据分析完成: 0条记录, 0次违规
INFO 2025-08-26 15:33:56,302 views 32964 19064 违规数据分析完成: 0条记录
INFO 2025-08-26 15:33:56,304 basehttp 32964 19064 "GET /api/monitor/violations/analytics/?range=24h HTTP/1.1" 200 481
INFO 2025-08-26 15:34:03,289 views 32964 33488 违规数据分析请求: range=24h, query_all=False
INFO 2025-08-26 15:34:03,296 services 32964 33488 违规数据分析完成: 0条记录, 0次违规
INFO 2025-08-26 15:34:03,297 views 32964 33488 违规数据分析完成: 0条记录
INFO 2025-08-26 15:34:03,298 basehttp 32964 33488 "GET /api/monitor/violations/analytics/?range=24h HTTP/1.1" 200 481
INFO 2025-08-26 15:34:57,285 views 32964 31056 违规数据分析请求: range=24h, query_all=False
INFO 2025-08-26 15:34:57,291 services 32964 31056 违规数据分析完成: 0条记录, 0次违规
INFO 2025-08-26 15:34:57,291 views 32964 31056 违规数据分析完成: 0条记录
INFO 2025-08-26 15:34:57,293 basehttp 32964 31056 "GET /api/monitor/violations/analytics/?range=24h HTTP/1.1" 200 481
INFO 2025-08-26 15:35:03,281 views 32964 7964 违规数据分析请求: range=24h, query_all=False
INFO 2025-08-26 15:35:03,288 services 32964 7964 违规数据分析完成: 0条记录, 0次违规
INFO 2025-08-26 15:35:03,289 views 32964 7964 违规数据分析完成: 0条记录
INFO 2025-08-26 15:35:03,290 basehttp 32964 7964 "GET /api/monitor/violations/analytics/?range=24h HTTP/1.1" 200 481
INFO 2025-08-26 15:35:58,290 views 32964 25676 违规数据分析请求: range=24h, query_all=False
INFO 2025-08-26 15:35:58,295 services 32964 25676 违规数据分析完成: 0条记录, 0次违规
INFO 2025-08-26 15:35:58,296 views 32964 25676 违规数据分析完成: 0条记录
INFO 2025-08-26 15:35:58,297 basehttp 32964 25676 "GET /api/monitor/violations/analytics/?range=24h HTTP/1.1" 200 481
INFO 2025-08-26 15:36:03,284 views 32964 25744 违规数据分析请求: range=24h, query_all=False
INFO 2025-08-26 15:36:03,290 services 32964 25744 违规数据分析完成: 0条记录, 0次违规
INFO 2025-08-26 15:36:03,291 views 32964 25744 违规数据分析完成: 0条记录
INFO 2025-08-26 15:36:03,291 basehttp 32964 25744 "GET /api/monitor/violations/analytics/?range=24h HTTP/1.1" 200 481
INFO 2025-08-26 15:36:59,286 views 32964 8044 违规数据分析请求: range=24h, query_all=False
INFO 2025-08-26 15:36:59,292 services 32964 8044 违规数据分析完成: 0条记录, 0次违规
INFO 2025-08-26 15:36:59,292 views 32964 8044 违规数据分析完成: 0条记录
INFO 2025-08-26 15:36:59,293 basehttp 32964 8044 "GET /api/monitor/violations/analytics/?range=24h HTTP/1.1" 200 481
INFO 2025-08-26 15:37:03,288 views 32964 29172 违规数据分析请求: range=24h, query_all=False
INFO 2025-08-26 15:37:03,294 services 32964 29172 违规数据分析完成: 0条记录, 0次违规
INFO 2025-08-26 15:37:03,296 views 32964 29172 违规数据分析完成: 0条记录
INFO 2025-08-26 15:37:03,297 basehttp 32964 29172 "GET /api/monitor/violations/analytics/?range=24h HTTP/1.1" 200 481
INFO 2025-08-26 15:38:00,278 views 32964 21460 违规数据分析请求: range=24h, query_all=False
INFO 2025-08-26 15:38:00,288 services 32964 21460 违规数据分析完成: 0条记录, 0次违规
INFO 2025-08-26 15:38:00,288 views 32964 21460 违规数据分析完成: 0条记录
INFO 2025-08-26 15:38:00,289 basehttp 32964 21460 "GET /api/monitor/violations/analytics/?range=24h HTTP/1.1" 200 481
INFO 2025-08-26 15:38:03,286 views 32964 23908 违规数据分析请求: range=24h, query_all=False
INFO 2025-08-26 15:38:03,293 services 32964 23908 违规数据分析完成: 0条记录, 0次违规
INFO 2025-08-26 15:38:03,293 views 32964 23908 违规数据分析完成: 0条记录
INFO 2025-08-26 15:38:03,294 basehttp 32964 23908 "GET /api/monitor/violations/analytics/?range=24h HTTP/1.1" 200 481
INFO 2025-08-26 15:38:15,731 views 32964 17352 违规数据分析请求: range=24h, query_all=False
INFO 2025-08-26 15:38:15,735 services 32964 17352 违规数据分析完成: 0条记录, 0次违规
INFO 2025-08-26 15:38:15,736 views 32964 17352 违规数据分析完成: 0条记录
INFO 2025-08-26 15:38:15,736 basehttp 32964 17352 "GET /api/monitor/violations/analytics/?range=24h HTTP/1.1" 200 481
INFO 2025-08-26 15:38:18,346 views 32964 27696 AI查询请求: 口罩佩戴情况怎么样？ (时间范围: 24小时)
INFO 2025-08-26 15:38:18,347 services 32964 27696 调用Janus AI服务: http://localhost:5001/api/query
INFO 2025-08-26 15:38:20,425 services 32964 27696 Janus AI响应成功
INFO 2025-08-26 15:38:20,442 views 32964 27696 AI查询成功: 口罩佩戴情况怎么样？ (耗时: 2.08秒)
INFO 2025-08-26 15:38:20,444 basehttp 32964 27696 "POST /api/monitor/ai-query/ HTTP/1.1" 200 1247
INFO 2025-08-26 15:38:20,456 views 32964 8892 AI查询请求: 口罩佩戴情况怎么样？ (时间范围: 24小时)
INFO 2025-08-26 15:38:20,457 services 32964 8892 调用Janus AI服务: http://localhost:5001/api/query
INFO 2025-08-26 15:38:22,528 services 32964 8892 Janus AI响应成功
INFO 2025-08-26 15:38:22,538 views 32964 8892 AI查询成功: 口罩佩戴情况怎么样？ (耗时: 2.07秒)
INFO 2025-08-26 15:38:22,539 basehttp 32964 8892 "POST /api/monitor/ai-query/ HTTP/1.1" 200 1247
INFO 2025-08-26 15:38:31,809 views 32964 33712 AI查询请求: 当前风险等级如何？ (时间范围: 24小时)
INFO 2025-08-26 15:38:31,810 services 32964 33712 调用Janus AI服务: http://localhost:5001/api/query
INFO 2025-08-26 15:38:33,910 services 32964 33712 Janus AI响应成功
INFO 2025-08-26 15:38:33,920 views 32964 33712 AI查询成功: 当前风险等级如何？ (耗时: 2.10秒)
INFO 2025-08-26 15:38:33,921 basehttp 32964 33712 "POST /api/monitor/ai-query/ HTTP/1.1" 200 1241
INFO 2025-08-26 15:38:33,929 views 32964 12276 AI查询请求: 当前风险等级如何？ (时间范围: 24小时)
INFO 2025-08-26 15:38:33,929 services 32964 12276 调用Janus AI服务: http://localhost:5001/api/query
INFO 2025-08-26 15:38:36,000 services 32964 12276 Janus AI响应成功
INFO 2025-08-26 15:38:36,011 views 32964 12276 AI查询成功: 当前风险等级如何？ (耗时: 2.07秒)
INFO 2025-08-26 15:38:36,013 basehttp 32964 12276 "POST /api/monitor/ai-query/ HTTP/1.1" 200 1241
INFO 2025-08-26 15:38:46,448 views 32964 24680 违规数据分析请求: range=24h, query_all=False
INFO 2025-08-26 15:38:46,456 services 32964 24680 违规数据分析完成: 0条记录, 0次违规
INFO 2025-08-26 15:38:46,457 views 32964 24680 违规数据分析完成: 0条记录
INFO 2025-08-26 15:38:46,458 basehttp 32964 24680 "GET /api/monitor/violations/analytics/?range=24h HTTP/1.1" 200 481
INFO 2025-08-26 15:38:49,603 views 32964 31396 违规数据分析请求: range=24h, query_all=False
INFO 2025-08-26 15:38:49,611 services 32964 31396 违规数据分析完成: 0条记录, 0次违规
INFO 2025-08-26 15:38:49,611 views 32964 31396 违规数据分析完成: 0条记录
INFO 2025-08-26 15:38:49,613 basehttp 32964 31396 "GET /api/monitor/violations/analytics/?range=24h HTTP/1.1" 200 481
INFO 2025-08-26 15:39:03,290 views 32964 2604 违规数据分析请求: range=24h, query_all=False
INFO 2025-08-26 15:39:03,296 services 32964 2604 违规数据分析完成: 0条记录, 0次违规
INFO 2025-08-26 15:39:03,296 views 32964 2604 违规数据分析完成: 0条记录
INFO 2025-08-26 15:39:03,298 basehttp 32964 2604 "GET /api/monitor/violations/analytics/?range=24h HTTP/1.1" 200 481
INFO 2025-08-26 15:39:50,284 views 32964 19536 违规数据分析请求: range=24h, query_all=False
INFO 2025-08-26 15:39:50,288 services 32964 19536 违规数据分析完成: 0条记录, 0次违规
INFO 2025-08-26 15:39:50,288 views 32964 19536 违规数据分析完成: 0条记录
INFO 2025-08-26 15:39:50,290 basehttp 32964 19536 "GET /api/monitor/violations/analytics/?range=24h HTTP/1.1" 200 481
INFO 2025-08-26 15:40:03,282 views 32964 23840 违规数据分析请求: range=24h, query_all=False
INFO 2025-08-26 15:40:03,289 services 32964 23840 违规数据分析完成: 0条记录, 0次违规
INFO 2025-08-26 15:40:03,291 views 32964 23840 违规数据分析完成: 0条记录
INFO 2025-08-26 15:40:03,291 basehttp 32964 23840 "GET /api/monitor/violations/analytics/?range=24h HTTP/1.1" 200 481
INFO 2025-08-26 15:40:50,275 views 32964 20940 违规数据分析请求: range=24h, query_all=False
INFO 2025-08-26 15:40:50,279 services 32964 20940 违规数据分析完成: 0条记录, 0次违规
INFO 2025-08-26 15:40:50,279 views 32964 20940 违规数据分析完成: 0条记录
INFO 2025-08-26 15:40:50,280 basehttp 32964 20940 "GET /api/monitor/violations/analytics/?range=24h HTTP/1.1" 200 481
INFO 2025-08-26 15:41:03,283 views 32964 20524 违规数据分析请求: range=24h, query_all=False
INFO 2025-08-26 15:41:03,287 services 32964 20524 违规数据分析完成: 0条记录, 0次违规
INFO 2025-08-26 15:41:03,287 views 32964 20524 违规数据分析完成: 0条记录
INFO 2025-08-26 15:41:03,289 basehttp 32964 20524 "GET /api/monitor/violations/analytics/?range=24h HTTP/1.1" 200 481
INFO 2025-08-26 15:41:50,287 views 32964 7576 违规数据分析请求: range=24h, query_all=False
INFO 2025-08-26 15:41:50,292 services 32964 7576 违规数据分析完成: 0条记录, 0次违规
INFO 2025-08-26 15:41:50,293 views 32964 7576 违规数据分析完成: 0条记录
INFO 2025-08-26 15:41:50,293 basehttp 32964 7576 "GET /api/monitor/violations/analytics/?range=24h HTTP/1.1" 200 481
INFO 2025-08-26 15:42:03,292 views 32964 3752 违规数据分析请求: range=24h, query_all=False
INFO 2025-08-26 15:42:03,298 services 32964 3752 违规数据分析完成: 0条记录, 0次违规
INFO 2025-08-26 15:42:03,298 views 32964 3752 违规数据分析完成: 0条记录
INFO 2025-08-26 15:42:03,299 basehttp 32964 3752 "GET /api/monitor/violations/analytics/?range=24h HTTP/1.1" 200 481
INFO 2025-08-26 15:42:31,943 views 32964 17948 AI查询请求: 今天违规情况如何？ (时间范围: 24小时)
INFO 2025-08-26 15:42:31,943 services 32964 17948 调用Janus AI服务: http://localhost:5001/api/query
INFO 2025-08-26 15:42:34,022 services 32964 17948 Janus AI响应成功
INFO 2025-08-26 15:42:34,030 views 32964 17948 AI查询成功: 今天违规情况如何？ (耗时: 2.08秒)
INFO 2025-08-26 15:42:34,031 basehttp 32964 17948 "POST /api/monitor/ai-query/ HTTP/1.1" 200 1241
INFO 2025-08-26 15:42:34,041 views 32964 32012 AI查询请求: 今天违规情况如何？ (时间范围: 24小时)
INFO 2025-08-26 15:42:34,041 services 32964 32012 调用Janus AI服务: http://localhost:5001/api/query
INFO 2025-08-26 15:42:36,103 services 32964 32012 Janus AI响应成功
INFO 2025-08-26 15:42:36,110 views 32964 32012 AI查询成功: 今天违规情况如何？ (耗时: 2.06秒)
INFO 2025-08-26 15:42:36,112 basehttp 32964 32012 "POST /api/monitor/ai-query/ HTTP/1.1" 200 1241
INFO 2025-08-26 15:42:49,608 views 32964 33416 违规数据分析请求: range=24h, query_all=False
INFO 2025-08-26 15:42:49,614 services 32964 33416 违规数据分析完成: 0条记录, 0次违规
INFO 2025-08-26 15:42:49,614 views 32964 33416 违规数据分析完成: 0条记录
INFO 2025-08-26 15:42:49,615 basehttp 32964 33416 "GET /api/monitor/violations/analytics/?range=24h HTTP/1.1" 200 481
INFO 2025-08-26 15:43:03,285 views 32964 7520 违规数据分析请求: range=24h, query_all=False
INFO 2025-08-26 15:43:03,290 services 32964 7520 违规数据分析完成: 0条记录, 0次违规
INFO 2025-08-26 15:43:03,290 views 32964 7520 违规数据分析完成: 0条记录
INFO 2025-08-26 15:43:03,291 basehttp 32964 7520 "GET /api/monitor/violations/analytics/?range=24h HTTP/1.1" 200 481
INFO 2025-08-26 15:43:50,286 views 32964 33116 违规数据分析请求: range=24h, query_all=False
INFO 2025-08-26 15:43:50,290 services 32964 33116 违规数据分析完成: 0条记录, 0次违规
INFO 2025-08-26 15:43:50,290 views 32964 33116 违规数据分析完成: 0条记录
INFO 2025-08-26 15:43:50,292 basehttp 32964 33116 "GET /api/monitor/violations/analytics/?range=24h HTTP/1.1" 200 481
INFO 2025-08-26 15:44:03,280 views 32964 26704 违规数据分析请求: range=24h, query_all=False
INFO 2025-08-26 15:44:03,290 services 32964 26704 违规数据分析完成: 0条记录, 0次违规
INFO 2025-08-26 15:44:03,290 views 32964 26704 违规数据分析完成: 0条记录
INFO 2025-08-26 15:44:03,292 basehttp 32964 26704 "GET /api/monitor/violations/analytics/?range=24h HTTP/1.1" 200 481
INFO 2025-08-26 15:44:50,274 views 32964 30312 违规数据分析请求: range=24h, query_all=False
INFO 2025-08-26 15:44:50,282 services 32964 30312 违规数据分析完成: 0条记录, 0次违规
INFO 2025-08-26 15:44:50,282 views 32964 30312 违规数据分析完成: 0条记录
INFO 2025-08-26 15:44:50,283 basehttp 32964 30312 "GET /api/monitor/violations/analytics/?range=24h HTTP/1.1" 200 481
INFO 2025-08-26 15:45:03,284 views 32964 6400 违规数据分析请求: range=24h, query_all=False
INFO 2025-08-26 15:45:03,294 services 32964 6400 违规数据分析完成: 0条记录, 0次违规
INFO 2025-08-26 15:45:03,295 views 32964 6400 违规数据分析完成: 0条记录
INFO 2025-08-26 15:45:03,296 basehttp 32964 6400 "GET /api/monitor/violations/analytics/?range=24h HTTP/1.1" 200 481
INFO 2025-08-26 15:46:03,289 views 32964 23092 违规数据分析请求: range=24h, query_all=False
INFO 2025-08-26 15:46:03,292 views 32964 22952 违规数据分析请求: range=24h, query_all=False
INFO 2025-08-26 15:46:03,297 services 32964 23092 违规数据分析完成: 0条记录, 0次违规
INFO 2025-08-26 15:46:03,297 views 32964 23092 违规数据分析完成: 0条记录
INFO 2025-08-26 15:46:03,298 basehttp 32964 23092 "GET /api/monitor/violations/analytics/?range=24h HTTP/1.1" 200 481
INFO 2025-08-26 15:46:03,303 services 32964 22952 违规数据分析完成: 0条记录, 0次违规
INFO 2025-08-26 15:46:03,303 views 32964 22952 违规数据分析完成: 0条记录
INFO 2025-08-26 15:46:03,304 basehttp 32964 22952 "GET /api/monitor/violations/analytics/?range=24h HTTP/1.1" 200 481
INFO 2025-08-26 15:47:03,287 views 32964 17660 违规数据分析请求: range=24h, query_all=False
INFO 2025-08-26 15:47:03,291 views 32964 18420 违规数据分析请求: range=24h, query_all=False
INFO 2025-08-26 15:47:03,296 services 32964 17660 违规数据分析完成: 0条记录, 0次违规
INFO 2025-08-26 15:47:03,297 views 32964 17660 违规数据分析完成: 0条记录
INFO 2025-08-26 15:47:03,298 basehttp 32964 17660 "GET /api/monitor/violations/analytics/?range=24h HTTP/1.1" 200 481
INFO 2025-08-26 15:47:03,300 services 32964 18420 违规数据分析完成: 0条记录, 0次违规
INFO 2025-08-26 15:47:03,300 views 32964 18420 违规数据分析完成: 0条记录
INFO 2025-08-26 15:47:03,301 basehttp 32964 18420 "GET /api/monitor/violations/analytics/?range=24h HTTP/1.1" 200 481
INFO 2025-08-26 15:48:03,280 views 32964 24952 违规数据分析请求: range=24h, query_all=False
INFO 2025-08-26 15:48:03,283 views 32964 21136 违规数据分析请求: range=24h, query_all=False
INFO 2025-08-26 15:48:03,289 services 32964 24952 违规数据分析完成: 0条记录, 0次违规
INFO 2025-08-26 15:48:03,289 services 32964 21136 违规数据分析完成: 0条记录, 0次违规
INFO 2025-08-26 15:48:03,290 views 32964 24952 违规数据分析完成: 0条记录
INFO 2025-08-26 15:48:03,291 views 32964 21136 违规数据分析完成: 0条记录
INFO 2025-08-26 15:48:03,292 basehttp 32964 24952 "GET /api/monitor/violations/analytics/?range=24h HTTP/1.1" 200 481
INFO 2025-08-26 15:48:03,293 basehttp 32964 21136 "GET /api/monitor/violations/analytics/?range=24h HTTP/1.1" 200 481
INFO 2025-08-26 15:49:03,273 views 32964 27324 违规数据分析请求: range=24h, query_all=False
INFO 2025-08-26 15:49:03,275 views 32964 24896 违规数据分析请求: range=24h, query_all=False
INFO 2025-08-26 15:49:03,278 services 32964 27324 违规数据分析完成: 0条记录, 0次违规
INFO 2025-08-26 15:49:03,279 views 32964 27324 违规数据分析完成: 0条记录
INFO 2025-08-26 15:49:03,280 basehttp 32964 27324 "GET /api/monitor/violations/analytics/?range=24h HTTP/1.1" 200 481
INFO 2025-08-26 15:49:03,282 services 32964 24896 违规数据分析完成: 0条记录, 0次违规
INFO 2025-08-26 15:49:03,282 views 32964 24896 违规数据分析完成: 0条记录
INFO 2025-08-26 15:49:03,283 basehttp 32964 24896 "GET /api/monitor/violations/analytics/?range=24h HTTP/1.1" 200 481
INFO 2025-08-26 15:50:03,281 views 32964 27944 违规数据分析请求: range=24h, query_all=False
INFO 2025-08-26 15:50:03,284 views 32964 28516 违规数据分析请求: range=24h, query_all=False
INFO 2025-08-26 15:50:03,287 services 32964 27944 违规数据分析完成: 0条记录, 0次违规
INFO 2025-08-26 15:50:03,288 views 32964 27944 违规数据分析完成: 0条记录
INFO 2025-08-26 15:50:03,288 services 32964 28516 违规数据分析完成: 0条记录, 0次违规
INFO 2025-08-26 15:50:03,288 basehttp 32964 27944 "GET /api/monitor/violations/analytics/?range=24h HTTP/1.1" 200 481
INFO 2025-08-26 15:50:03,289 views 32964 28516 违规数据分析完成: 0条记录
INFO 2025-08-26 15:50:03,290 basehttp 32964 28516 "GET /api/monitor/violations/analytics/?range=24h HTTP/1.1" 200 481
INFO 2025-08-26 15:51:03,275 views 32964 18660 违规数据分析请求: range=24h, query_all=False
INFO 2025-08-26 15:51:03,280 services 32964 18660 违规数据分析完成: 0条记录, 0次违规
INFO 2025-08-26 15:51:03,281 views 32964 18660 违规数据分析完成: 0条记录
INFO 2025-08-26 15:51:03,281 basehttp 32964 18660 "GET /api/monitor/violations/analytics/?range=24h HTTP/1.1" 200 481
INFO 2025-08-26 15:51:03,287 views 32964 14264 违规数据分析请求: range=24h, query_all=False
INFO 2025-08-26 15:51:03,291 services 32964 14264 违规数据分析完成: 0条记录, 0次违规
INFO 2025-08-26 15:51:03,292 views 32964 14264 违规数据分析完成: 0条记录
INFO 2025-08-26 15:51:03,292 basehttp 32964 14264 "GET /api/monitor/violations/analytics/?range=24h HTTP/1.1" 200 481
INFO 2025-08-26 15:52:03,283 views 32964 30316 违规数据分析请求: range=24h, query_all=False
INFO 2025-08-26 15:52:03,285 views 32964 27016 违规数据分析请求: range=24h, query_all=False
INFO 2025-08-26 15:52:03,290 services 32964 30316 违规数据分析完成: 0条记录, 0次违规
INFO 2025-08-26 15:52:03,290 services 32964 27016 违规数据分析完成: 0条记录, 0次违规
INFO 2025-08-26 15:52:03,291 views 32964 30316 违规数据分析完成: 0条记录
INFO 2025-08-26 15:52:03,291 views 32964 27016 违规数据分析完成: 0条记录
INFO 2025-08-26 15:52:03,292 basehttp 32964 30316 "GET /api/monitor/violations/analytics/?range=24h HTTP/1.1" 200 481
INFO 2025-08-26 15:52:03,293 basehttp 32964 27016 "GET /api/monitor/violations/analytics/?range=24h HTTP/1.1" 200 481
INFO 2025-08-26 15:53:03,272 views 32964 31604 违规数据分析请求: range=24h, query_all=False
INFO 2025-08-26 15:53:03,275 views 32964 22284 违规数据分析请求: range=24h, query_all=False
INFO 2025-08-26 15:53:03,278 services 32964 31604 违规数据分析完成: 0条记录, 0次违规
INFO 2025-08-26 15:53:03,279 views 32964 31604 违规数据分析完成: 0条记录
INFO 2025-08-26 15:53:03,280 basehttp 32964 31604 "GET /api/monitor/violations/analytics/?range=24h HTTP/1.1" 200 481
INFO 2025-08-26 15:53:03,280 services 32964 22284 违规数据分析完成: 0条记录, 0次违规
INFO 2025-08-26 15:53:03,280 views 32964 22284 违规数据分析完成: 0条记录
INFO 2025-08-26 15:53:03,281 basehttp 32964 22284 "GET /api/monitor/violations/analytics/?range=24h HTTP/1.1" 200 481
INFO 2025-08-26 15:54:03,282 views 32964 33628 违规数据分析请求: range=24h, query_all=False
INFO 2025-08-26 15:54:03,291 views 32964 29104 违规数据分析请求: range=24h, query_all=False
INFO 2025-08-26 15:54:03,292 services 32964 33628 违规数据分析完成: 0条记录, 0次违规
INFO 2025-08-26 15:54:03,293 views 32964 33628 违规数据分析完成: 0条记录
INFO 2025-08-26 15:54:03,294 basehttp 32964 33628 "GET /api/monitor/violations/analytics/?range=24h HTTP/1.1" 200 481
INFO 2025-08-26 15:54:03,297 services 32964 29104 违规数据分析完成: 0条记录, 0次违规
INFO 2025-08-26 15:54:03,297 views 32964 29104 违规数据分析完成: 0条记录
INFO 2025-08-26 15:54:03,299 basehttp 32964 29104 "GET /api/monitor/violations/analytics/?range=24h HTTP/1.1" 200 481
INFO 2025-08-26 15:55:03,290 views 32964 18828 违规数据分析请求: range=24h, query_all=False
INFO 2025-08-26 15:55:03,293 views 32964 15600 违规数据分析请求: range=24h, query_all=False
INFO 2025-08-26 15:55:03,297 services 32964 18828 违规数据分析完成: 0条记录, 0次违规
INFO 2025-08-26 15:55:03,298 views 32964 18828 违规数据分析完成: 0条记录
INFO 2025-08-26 15:55:03,300 basehttp 32964 18828 "GET /api/monitor/violations/analytics/?range=24h HTTP/1.1" 200 481
INFO 2025-08-26 15:55:03,300 services 32964 15600 违规数据分析完成: 0条记录, 0次违规
INFO 2025-08-26 15:55:03,301 views 32964 15600 违规数据分析完成: 0条记录
INFO 2025-08-26 15:55:03,302 basehttp 32964 15600 "GET /api/monitor/violations/analytics/?range=24h HTTP/1.1" 200 481
INFO 2025-08-26 15:56:03,288 views 32964 22716 违规数据分析请求: range=24h, query_all=False
INFO 2025-08-26 15:56:03,294 services 32964 22716 违规数据分析完成: 0条记录, 0次违规
INFO 2025-08-26 15:56:03,295 views 32964 22716 违规数据分析完成: 0条记录
INFO 2025-08-26 15:56:03,296 basehttp 32964 22716 "GET /api/monitor/violations/analytics/?range=24h HTTP/1.1" 200 481
INFO 2025-08-26 15:56:03,301 views 32964 26988 违规数据分析请求: range=24h, query_all=False
INFO 2025-08-26 15:56:03,306 services 32964 26988 违规数据分析完成: 0条记录, 0次违规
INFO 2025-08-26 15:56:03,306 views 32964 26988 违规数据分析完成: 0条记录
INFO 2025-08-26 15:56:03,307 basehttp 32964 26988 "GET /api/monitor/violations/analytics/?range=24h HTTP/1.1" 200 481
INFO 2025-08-26 15:57:03,281 views 32964 26396 违规数据分析请求: range=24h, query_all=False
INFO 2025-08-26 15:57:03,286 services 32964 26396 违规数据分析完成: 0条记录, 0次违规
INFO 2025-08-26 15:57:03,286 views 32964 26396 违规数据分析完成: 0条记录
INFO 2025-08-26 15:57:03,287 basehttp 32964 26396 "GET /api/monitor/violations/analytics/?range=24h HTTP/1.1" 200 481
INFO 2025-08-26 15:57:03,291 views 32964 24680 违规数据分析请求: range=24h, query_all=False
INFO 2025-08-26 15:57:03,297 services 32964 24680 违规数据分析完成: 0条记录, 0次违规
INFO 2025-08-26 15:57:03,297 views 32964 24680 违规数据分析完成: 0条记录
INFO 2025-08-26 15:57:03,298 basehttp 32964 24680 "GET /api/monitor/violations/analytics/?range=24h HTTP/1.1" 200 481
INFO 2025-08-26 15:57:49,599 views 32964 19132 违规数据分析请求: range=24h, query_all=False
INFO 2025-08-26 15:57:49,603 services 32964 19132 违规数据分析完成: 0条记录, 0次违规
INFO 2025-08-26 15:57:49,603 views 32964 19132 违规数据分析完成: 0条记录
INFO 2025-08-26 15:57:49,604 basehttp 32964 19132 "GET /api/monitor/violations/analytics/?range=24h HTTP/1.1" 200 481
INFO 2025-08-26 15:57:53,778 views 32964 16248 违规数据分析请求: range=24h, query_all=False
INFO 2025-08-26 15:57:53,786 services 32964 16248 违规数据分析完成: 0条记录, 0次违规
INFO 2025-08-26 15:57:53,787 views 32964 16248 违规数据分析完成: 0条记录
INFO 2025-08-26 15:57:53,788 basehttp 32964 16248 "GET /api/monitor/violations/analytics/?range=24h HTTP/1.1" 200 481
INFO 2025-08-26 15:57:58,011 views 32964 31036 AI查询请求: 今天违规情况如何？ (时间范围: 24小时)
INFO 2025-08-26 15:57:58,011 services 32964 31036 调用Janus AI服务: http://localhost:5001/api/query
INFO 2025-08-26 15:58:00,094 services 32964 31036 Janus AI响应成功
INFO 2025-08-26 15:58:00,102 views 32964 31036 AI查询成功: 今天违规情况如何？ (耗时: 2.08秒)
INFO 2025-08-26 15:58:00,104 basehttp 32964 31036 "POST /api/monitor/ai-query/ HTTP/1.1" 200 1241
INFO 2025-08-26 15:58:00,113 views 32964 21840 AI查询请求: 今天违规情况如何？ (时间范围: 24小时)
INFO 2025-08-26 15:58:00,113 services 32964 21840 调用Janus AI服务: http://localhost:5001/api/query
INFO 2025-08-26 15:58:02,189 services 32964 21840 Janus AI响应成功
INFO 2025-08-26 15:58:02,198 views 32964 21840 AI查询成功: 今天违规情况如何？ (耗时: 2.08秒)
INFO 2025-08-26 15:58:02,203 basehttp 32964 21840 "POST /api/monitor/ai-query/ HTTP/1.1" 200 1241
INFO 2025-08-26 15:58:03,281 views 32964 27984 违规数据分析请求: range=24h, query_all=False
INFO 2025-08-26 15:58:03,289 services 32964 27984 违规数据分析完成: 0条记录, 0次违规
INFO 2025-08-26 15:58:03,290 views 32964 27984 违规数据分析完成: 0条记录
INFO 2025-08-26 15:58:03,291 basehttp 32964 27984 "GET /api/monitor/violations/analytics/?range=24h HTTP/1.1" 200 481
INFO 2025-08-26 15:58:54,276 views 32964 16416 违规数据分析请求: range=24h, query_all=False
INFO 2025-08-26 15:58:54,285 services 32964 16416 违规数据分析完成: 0条记录, 0次违规
INFO 2025-08-26 15:58:54,286 views 32964 16416 违规数据分析完成: 0条记录
INFO 2025-08-26 15:58:54,288 basehttp 32964 16416 "GET /api/monitor/violations/analytics/?range=24h HTTP/1.1" 200 481
INFO 2025-08-26 15:59:03,275 views 32964 14152 违规数据分析请求: range=24h, query_all=False
INFO 2025-08-26 15:59:03,280 services 32964 14152 违规数据分析完成: 0条记录, 0次违规
INFO 2025-08-26 15:59:03,280 views 32964 14152 违规数据分析完成: 0条记录
INFO 2025-08-26 15:59:03,281 basehttp 32964 14152 "GET /api/monitor/violations/analytics/?range=24h HTTP/1.1" 200 481
INFO 2025-08-26 15:59:54,277 views 32964 16872 违规数据分析请求: range=24h, query_all=False
INFO 2025-08-26 15:59:54,283 services 32964 16872 违规数据分析完成: 0条记录, 0次违规
INFO 2025-08-26 15:59:54,283 views 32964 16872 违规数据分析完成: 0条记录
INFO 2025-08-26 15:59:54,284 basehttp 32964 16872 "GET /api/monitor/violations/analytics/?range=24h HTTP/1.1" 200 481
INFO 2025-08-26 16:00:03,289 views 32964 14152 违规数据分析请求: range=24h, query_all=False
INFO 2025-08-26 16:00:03,295 services 32964 14152 违规数据分析完成: 0条记录, 0次违规
INFO 2025-08-26 16:00:03,296 views 32964 14152 违规数据分析完成: 0条记录
INFO 2025-08-26 16:00:03,297 basehttp 32964 14152 "GET /api/monitor/violations/analytics/?range=24h HTTP/1.1" 200 481
INFO 2025-08-26 16:00:18,063 views 32964 26404 违规数据分析请求: range=24h, query_all=False
INFO 2025-08-26 16:00:18,069 services 32964 26404 违规数据分析完成: 0条记录, 0次违规
INFO 2025-08-26 16:00:18,070 views 32964 26404 违规数据分析完成: 0条记录
INFO 2025-08-26 16:00:18,071 basehttp 32964 26404 "GET /api/monitor/violations/analytics/?range=24h HTTP/1.1" 200 481
INFO 2025-08-26 16:01:00,352 views 32964 3400 违规数据分析请求: range=24h, query_all=False
INFO 2025-08-26 16:01:00,359 services 32964 3400 违规数据分析完成: 0条记录, 0次违规
INFO 2025-08-26 16:01:00,359 views 32964 3400 违规数据分析完成: 0条记录
INFO 2025-08-26 16:01:00,360 basehttp 32964 3400 "GET /api/monitor/violations/analytics/?range=24h HTTP/1.1" 200 481
INFO 2025-08-26 16:01:03,278 views 32964 8460 违规数据分析请求: range=24h, query_all=False
INFO 2025-08-26 16:01:03,285 services 32964 8460 违规数据分析完成: 0条记录, 0次违规
INFO 2025-08-26 16:01:03,285 views 32964 8460 违规数据分析完成: 0条记录
INFO 2025-08-26 16:01:03,287 basehttp 32964 8460 "GET /api/monitor/violations/analytics/?range=24h HTTP/1.1" 200 481
INFO 2025-08-26 16:02:01,279 views 32964 30396 违规数据分析请求: range=24h, query_all=False
INFO 2025-08-26 16:02:01,284 services 32964 30396 违规数据分析完成: 0条记录, 0次违规
INFO 2025-08-26 16:02:01,284 views 32964 30396 违规数据分析完成: 0条记录
INFO 2025-08-26 16:02:01,285 basehttp 32964 30396 "GET /api/monitor/violations/analytics/?range=24h HTTP/1.1" 200 481
INFO 2025-08-26 16:02:03,281 views 32964 20624 违规数据分析请求: range=24h, query_all=False
INFO 2025-08-26 16:02:03,287 services 32964 20624 违规数据分析完成: 0条记录, 0次违规
INFO 2025-08-26 16:02:03,287 views 32964 20624 违规数据分析完成: 0条记录
INFO 2025-08-26 16:02:03,288 basehttp 32964 20624 "GET /api/monitor/violations/analytics/?range=24h HTTP/1.1" 200 481
INFO 2025-08-26 16:03:01,285 views 32964 20816 违规数据分析请求: range=24h, query_all=False
INFO 2025-08-26 16:03:01,291 services 32964 20816 违规数据分析完成: 0条记录, 0次违规
INFO 2025-08-26 16:03:01,291 views 32964 20816 违规数据分析完成: 0条记录
INFO 2025-08-26 16:03:01,292 basehttp 32964 20816 "GET /api/monitor/violations/analytics/?range=24h HTTP/1.1" 200 481
INFO 2025-08-26 16:03:03,283 views 32964 6936 违规数据分析请求: range=24h, query_all=False
INFO 2025-08-26 16:03:03,289 services 32964 6936 违规数据分析完成: 0条记录, 0次违规
INFO 2025-08-26 16:03:03,289 views 32964 6936 违规数据分析完成: 0条记录
INFO 2025-08-26 16:03:03,289 basehttp 32964 6936 "GET /api/monitor/violations/analytics/?range=24h HTTP/1.1" 200 481
INFO 2025-08-26 16:03:18,624 views 32964 24928 违规数据分析请求: range=24h, query_all=False
INFO 2025-08-26 16:03:18,629 services 32964 24928 违规数据分析完成: 0条记录, 0次违规
INFO 2025-08-26 16:03:18,631 views 32964 24928 违规数据分析完成: 0条记录
INFO 2025-08-26 16:03:18,632 basehttp 32964 24928 "GET /api/monitor/violations/analytics/?range=24h HTTP/1.1" 200 481
INFO 2025-08-26 16:03:19,253 views 32964 31996 违规数据分析请求: range=24h, query_all=False
INFO 2025-08-26 16:03:19,261 services 32964 31996 违规数据分析完成: 0条记录, 0次违规
INFO 2025-08-26 16:03:19,262 views 32964 31996 违规数据分析完成: 0条记录
INFO 2025-08-26 16:03:19,262 basehttp 32964 31996 "GET /api/monitor/violations/analytics/?range=24h HTTP/1.1" 200 481
INFO 2025-08-26 16:04:03,278 views 32964 28612 违规数据分析请求: range=24h, query_all=False
INFO 2025-08-26 16:04:03,284 services 32964 28612 违规数据分析完成: 0条记录, 0次违规
INFO 2025-08-26 16:04:03,285 views 32964 28612 违规数据分析完成: 0条记录
INFO 2025-08-26 16:04:03,285 basehttp 32964 28612 "GET /api/monitor/violations/analytics/?range=24h HTTP/1.1" 200 481
INFO 2025-08-26 16:04:09,537 views 32964 30820 违规数据分析请求: range=24h, query_all=False
INFO 2025-08-26 16:04:09,544 services 32964 30820 违规数据分析完成: 0条记录, 0次违规
INFO 2025-08-26 16:04:09,544 views 32964 30820 违规数据分析完成: 0条记录
INFO 2025-08-26 16:04:09,545 basehttp 32964 30820 "GET /api/monitor/violations/analytics/?range=24h HTTP/1.1" 200 481
INFO 2025-08-26 16:04:10,170 views 32964 25596 违规数据分析请求: range=24h, query_all=False
INFO 2025-08-26 16:04:10,176 services 32964 25596 违规数据分析完成: 0条记录, 0次违规
INFO 2025-08-26 16:04:10,177 views 32964 25596 违规数据分析完成: 0条记录
INFO 2025-08-26 16:04:10,178 basehttp 32964 25596 "GET /api/monitor/violations/analytics/?range=24h HTTP/1.1" 200 481
INFO 2025-08-26 16:04:57,335 views 32964 29172 AI查询请求: 所有历史数据分析 (时间范围: 0小时)
INFO 2025-08-26 16:04:57,335 services 32964 29172 调用Janus AI服务: http://localhost:5001/api/query
INFO 2025-08-26 16:04:59,430 services 32964 29172 Janus AI响应成功
INFO 2025-08-26 16:04:59,438 views 32964 29172 AI查询成功: 所有历史数据分析 (耗时: 2.10秒)
INFO 2025-08-26 16:04:59,440 basehttp 32964 29172 "POST /api/monitor/ai-query/ HTTP/1.1" 200 2012
INFO 2025-08-26 16:04:59,450 views 32964 26400 AI查询请求: 所有历史数据分析 (时间范围: 0小时)
INFO 2025-08-26 16:04:59,450 services 32964 26400 调用Janus AI服务: http://localhost:5001/api/query
INFO 2025-08-26 16:05:01,507 services 32964 26400 Janus AI响应成功
INFO 2025-08-26 16:05:01,516 views 32964 26400 AI查询成功: 所有历史数据分析 (耗时: 2.06秒)
INFO 2025-08-26 16:05:01,517 basehttp 32964 26400 "POST /api/monitor/ai-query/ HTTP/1.1" 200 2012
INFO 2025-08-26 16:05:03,280 views 32964 20036 违规数据分析请求: range=24h, query_all=False
INFO 2025-08-26 16:05:03,287 services 32964 20036 违规数据分析完成: 0条记录, 0次违规
INFO 2025-08-26 16:05:03,288 views 32964 20036 违规数据分析完成: 0条记录
INFO 2025-08-26 16:05:03,288 basehttp 32964 20036 "GET /api/monitor/violations/analytics/?range=24h HTTP/1.1" 200 481
INFO 2025-08-26 16:05:10,175 views 32964 25556 违规数据分析请求: range=24h, query_all=False
INFO 2025-08-26 16:05:10,180 services 32964 25556 违规数据分析完成: 0条记录, 0次违规
INFO 2025-08-26 16:05:10,181 views 32964 25556 违规数据分析完成: 0条记录
INFO 2025-08-26 16:05:10,182 basehttp 32964 25556 "GET /api/monitor/violations/analytics/?range=24h HTTP/1.1" 200 481
INFO 2025-08-26 16:06:03,282 views 32964 23304 违规数据分析请求: range=24h, query_all=False
INFO 2025-08-26 16:06:03,286 services 32964 23304 违规数据分析完成: 0条记录, 0次违规
INFO 2025-08-26 16:06:03,288 views 32964 23304 违规数据分析完成: 0条记录
INFO 2025-08-26 16:06:03,289 basehttp 32964 23304 "GET /api/monitor/violations/analytics/?range=24h HTTP/1.1" 200 481
INFO 2025-08-26 16:06:10,283 views 32964 31444 违规数据分析请求: range=24h, query_all=False
INFO 2025-08-26 16:06:10,288 services 32964 31444 违规数据分析完成: 0条记录, 0次违规
INFO 2025-08-26 16:06:10,289 views 32964 31444 违规数据分析完成: 0条记录
INFO 2025-08-26 16:06:10,290 basehttp 32964 31444 "GET /api/monitor/violations/analytics/?range=24h HTTP/1.1" 200 481
INFO 2025-08-26 16:06:43,183 views 32964 31488 违规数据分析请求: range=24h, query_all=False
INFO 2025-08-26 16:06:43,190 services 32964 31488 违规数据分析完成: 0条记录, 0次违规
INFO 2025-08-26 16:06:43,190 views 32964 31488 违规数据分析完成: 0条记录
INFO 2025-08-26 16:06:43,192 basehttp 32964 31488 "GET /api/monitor/violations/analytics/?range=24h HTTP/1.1" 200 481
INFO 2025-08-26 16:06:44,491 views 32964 27680 违规数据分析请求: range=24h, query_all=False
INFO 2025-08-26 16:06:44,500 services 32964 27680 违规数据分析完成: 0条记录, 0次违规
INFO 2025-08-26 16:06:44,501 views 32964 27680 违规数据分析完成: 0条记录
INFO 2025-08-26 16:06:44,502 basehttp 32964 27680 "GET /api/monitor/violations/analytics/?range=24h HTTP/1.1" 200 481
INFO 2025-08-26 16:07:03,284 views 32964 29620 违规数据分析请求: range=24h, query_all=False
INFO 2025-08-26 16:07:03,292 services 32964 29620 违规数据分析完成: 0条记录, 0次违规
INFO 2025-08-26 16:07:03,292 views 32964 29620 违规数据分析完成: 0条记录
INFO 2025-08-26 16:07:03,293 basehttp 32964 29620 "GET /api/monitor/violations/analytics/?range=24h HTTP/1.1" 200 481
INFO 2025-08-26 16:07:08,661 views 32964 25072 AI查询请求: 所有历史数据分析 (时间范围: 0小时)
INFO 2025-08-26 16:07:08,661 services 32964 25072 调用Janus AI服务: http://localhost:5001/api/query
INFO 2025-08-26 16:07:10,739 services 32964 25072 Janus AI响应成功
INFO 2025-08-26 16:07:10,751 views 32964 25072 AI查询成功: 所有历史数据分析 (耗时: 2.08秒)
INFO 2025-08-26 16:07:10,753 basehttp 32964 25072 "POST /api/monitor/ai-query/ HTTP/1.1" 200 2012
INFO 2025-08-26 16:07:10,763 views 32964 29820 AI查询请求: 所有历史数据分析 (时间范围: 0小时)
INFO 2025-08-26 16:07:10,764 services 32964 29820 调用Janus AI服务: http://localhost:5001/api/query
INFO 2025-08-26 16:07:12,833 services 32964 29820 Janus AI响应成功
INFO 2025-08-26 16:07:12,846 views 32964 29820 AI查询成功: 所有历史数据分析 (耗时: 2.07秒)
INFO 2025-08-26 16:07:12,847 basehttp 32964 29820 "POST /api/monitor/ai-query/ HTTP/1.1" 200 2012
INFO 2025-08-26 16:07:26,112 views 32964 14276 AI查询请求: 昨天的安全情况 (时间范围: 48小时)
INFO 2025-08-26 16:07:26,113 services 32964 14276 调用Janus AI服务: http://localhost:5001/api/query
INFO 2025-08-26 16:07:28,189 services 32964 14276 Janus AI响应成功
INFO 2025-08-26 16:07:28,201 views 32964 14276 AI查询成功: 昨天的安全情况 (耗时: 2.08秒)
INFO 2025-08-26 16:07:28,202 basehttp 32964 14276 "POST /api/monitor/ai-query/ HTTP/1.1" 200 1229
INFO 2025-08-26 16:07:28,214 views 32964 9728 AI查询请求: 昨天的安全情况 (时间范围: 48小时)
INFO 2025-08-26 16:07:28,214 services 32964 9728 调用Janus AI服务: http://localhost:5001/api/query
INFO 2025-08-26 16:07:30,274 services 32964 9728 Janus AI响应成功
INFO 2025-08-26 16:07:30,287 views 32964 9728 AI查询成功: 昨天的安全情况 (耗时: 2.06秒)
INFO 2025-08-26 16:07:30,289 basehttp 32964 9728 "POST /api/monitor/ai-query/ HTTP/1.1" 200 1229
INFO 2025-08-26 16:07:33,506 views 32964 24452 AI查询请求: 最近一周的违规趋势 (时间范围: 168小时)
INFO 2025-08-26 16:07:33,507 services 32964 24452 调用Janus AI服务: http://localhost:5001/api/query
INFO 2025-08-26 16:07:35,556 services 32964 24452 Janus AI响应成功
INFO 2025-08-26 16:07:35,573 views 32964 24452 AI查询成功: 最近一周的违规趋势 (耗时: 2.05秒)
INFO 2025-08-26 16:07:35,575 basehttp 32964 24452 "POST /api/monitor/ai-query/ HTTP/1.1" 200 1223
INFO 2025-08-26 16:07:35,584 views 32964 30264 AI查询请求: 最近一周的违规趋势 (时间范围: 168小时)
INFO 2025-08-26 16:07:35,584 services 32964 30264 调用Janus AI服务: http://localhost:5001/api/query
INFO 2025-08-26 16:07:37,655 services 32964 30264 Janus AI响应成功
INFO 2025-08-26 16:07:37,668 views 32964 30264 AI查询成功: 最近一周的违规趋势 (耗时: 2.07秒)
INFO 2025-08-26 16:07:37,669 basehttp 32964 30264 "POST /api/monitor/ai-query/ HTTP/1.1" 200 1223
INFO 2025-08-26 16:07:43,204 views 32964 18568 AI查询请求: 最近一周的违规趋势 (时间范围: 168小时)
INFO 2025-08-26 16:07:43,205 services 32964 18568 调用Janus AI服务: http://localhost:5001/api/query
INFO 2025-08-26 16:07:44,498 views 32964 32592 违规数据分析请求: range=24h, query_all=False
INFO 2025-08-26 16:07:44,506 services 32964 32592 违规数据分析完成: 0条记录, 0次违规
INFO 2025-08-26 16:07:44,506 views 32964 32592 违规数据分析完成: 0条记录
INFO 2025-08-26 16:07:44,508 basehttp 32964 32592 "GET /api/monitor/violations/analytics/?range=24h HTTP/1.1" 200 481
INFO 2025-08-26 16:07:45,275 services 32964 18568 Janus AI响应成功
INFO 2025-08-26 16:07:45,289 views 32964 18568 AI查询成功: 最近一周的违规趋势 (耗时: 2.07秒)
INFO 2025-08-26 16:07:45,290 basehttp 32964 18568 "POST /api/monitor/ai-query/ HTTP/1.1" 200 1223
INFO 2025-08-26 16:07:45,302 views 32964 10120 AI查询请求: 最近一周的违规趋势 (时间范围: 168小时)
INFO 2025-08-26 16:07:45,302 services 32964 10120 调用Janus AI服务: http://localhost:5001/api/query
INFO 2025-08-26 16:07:46,916 views 32964 31176 违规数据分析请求: range=24h, query_all=False
INFO 2025-08-26 16:07:46,924 services 32964 31176 违规数据分析完成: 0条记录, 0次违规
INFO 2025-08-26 16:07:46,924 views 32964 31176 违规数据分析完成: 0条记录
INFO 2025-08-26 16:07:46,925 basehttp 32964 31176 "GET /api/monitor/violations/analytics/?range=24h HTTP/1.1" 200 481
INFO 2025-08-26 16:07:47,351 services 32964 10120 Janus AI响应成功
INFO 2025-08-26 16:07:47,362 views 32964 10120 AI查询成功: 最近一周的违规趋势 (耗时: 2.05秒)
INFO 2025-08-26 16:07:47,364 basehttp 32964 10120 "POST /api/monitor/ai-query/ HTTP/1.1" 200 1223
INFO 2025-08-26 16:07:47,587 views 32964 26420 违规数据分析请求: range=24h, query_all=False
INFO 2025-08-26 16:07:47,595 services 32964 26420 违规数据分析完成: 0条记录, 0次违规
INFO 2025-08-26 16:07:47,595 views 32964 26420 违规数据分析完成: 0条记录
INFO 2025-08-26 16:07:47,596 basehttp 32964 26420 "GET /api/monitor/violations/analytics/?range=24h HTTP/1.1" 200 481
INFO 2025-08-26 16:08:03,286 views 32964 20140 违规数据分析请求: range=24h, query_all=False
INFO 2025-08-26 16:08:03,294 services 32964 20140 违规数据分析完成: 0条记录, 0次违规
INFO 2025-08-26 16:08:03,294 views 32964 20140 违规数据分析完成: 0条记录
INFO 2025-08-26 16:08:03,295 basehttp 32964 20140 "GET /api/monitor/violations/analytics/?range=24h HTTP/1.1" 200 481
INFO 2025-08-26 16:08:41,104 views 32964 27196 违规数据分析请求: range=24h, query_all=False
INFO 2025-08-26 16:08:41,114 services 32964 27196 违规数据分析完成: 0条记录, 0次违规
INFO 2025-08-26 16:08:41,114 views 32964 27196 违规数据分析完成: 0条记录
INFO 2025-08-26 16:08:41,116 basehttp 32964 27196 "GET /api/monitor/violations/analytics/?range=24h HTTP/1.1" 200 481
INFO 2025-08-26 16:08:44,523 views 32964 22284 违规数据分析请求: range=all, query_all=True
INFO 2025-08-26 16:08:44,539 services 32964 22284 违规数据分析完成: 70条记录, 970次违规
INFO 2025-08-26 16:08:44,540 views 32964 22284 违规数据分析完成: 70条记录
INFO 2025-08-26 16:08:44,541 basehttp 32964 22284 "GET /api/monitor/violations/analytics/?range=all&all=true HTTP/1.1" 200 2406
INFO 2025-08-26 16:08:48,289 views 32964 28776 违规数据分析请求: range=24h, query_all=False
INFO 2025-08-26 16:08:48,297 services 32964 28776 违规数据分析完成: 0条记录, 0次违规
INFO 2025-08-26 16:08:48,298 views 32964 28776 违规数据分析完成: 0条记录
INFO 2025-08-26 16:08:48,298 basehttp 32964 28776 "GET /api/monitor/violations/analytics/?range=24h HTTP/1.1" 200 481
INFO 2025-08-26 16:09:41,086 views 32964 33160 违规数据分析请求: range=all, query_all=True
INFO 2025-08-26 16:09:41,097 services 32964 33160 违规数据分析完成: 70条记录, 970次违规
INFO 2025-08-26 16:09:41,097 views 32964 33160 违规数据分析完成: 70条记录
INFO 2025-08-26 16:09:41,099 basehttp 32964 33160 "GET /api/monitor/violations/analytics/?range=all&all=true HTTP/1.1" 200 2406
INFO 2025-08-26 16:09:48,286 views 32964 31264 违规数据分析请求: range=24h, query_all=False
INFO 2025-08-26 16:09:48,290 services 32964 31264 违规数据分析完成: 0条记录, 0次违规
INFO 2025-08-26 16:09:48,292 views 32964 31264 违规数据分析完成: 0条记录
INFO 2025-08-26 16:09:48,292 basehttp 32964 31264 "GET /api/monitor/violations/analytics/?range=24h HTTP/1.1" 200 481
INFO 2025-08-26 16:10:41,293 views 32964 22832 违规数据分析请求: range=all, query_all=True
INFO 2025-08-26 16:10:41,299 services 32964 22832 违规数据分析完成: 70条记录, 970次违规
INFO 2025-08-26 16:10:41,299 views 32964 22832 违规数据分析完成: 70条记录
INFO 2025-08-26 16:10:41,301 basehttp 32964 22832 "GET /api/monitor/violations/analytics/?range=all&all=true HTTP/1.1" 200 2406
INFO 2025-08-26 16:10:48,283 views 32964 2828 违规数据分析请求: range=24h, query_all=False
INFO 2025-08-26 16:10:48,289 services 32964 2828 违规数据分析完成: 0条记录, 0次违规
INFO 2025-08-26 16:10:48,289 views 32964 2828 违规数据分析完成: 0条记录
INFO 2025-08-26 16:10:48,290 basehttp 32964 2828 "GET /api/monitor/violations/analytics/?range=24h HTTP/1.1" 200 481
INFO 2025-08-26 16:11:41,280 views 32964 2628 违规数据分析请求: range=all, query_all=True
INFO 2025-08-26 16:11:41,292 services 32964 2628 违规数据分析完成: 70条记录, 970次违规
INFO 2025-08-26 16:11:41,293 views 32964 2628 违规数据分析完成: 70条记录
INFO 2025-08-26 16:11:41,294 basehttp 32964 2628 "GET /api/monitor/violations/analytics/?range=all&all=true HTTP/1.1" 200 2406
INFO 2025-08-26 16:11:48,286 views 32964 10056 违规数据分析请求: range=24h, query_all=False
INFO 2025-08-26 16:11:48,295 services 32964 10056 违规数据分析完成: 0条记录, 0次违规
INFO 2025-08-26 16:11:48,295 views 32964 10056 违规数据分析完成: 0条记录
INFO 2025-08-26 16:11:48,296 basehttp 32964 10056 "GET /api/monitor/violations/analytics/?range=24h HTTP/1.1" 200 481
INFO 2025-08-26 16:12:41,278 views 32964 31276 违规数据分析请求: range=all, query_all=True
INFO 2025-08-26 16:12:41,287 services 32964 31276 违规数据分析完成: 70条记录, 970次违规
INFO 2025-08-26 16:12:41,288 views 32964 31276 违规数据分析完成: 70条记录
INFO 2025-08-26 16:12:41,288 basehttp 32964 31276 "GET /api/monitor/violations/analytics/?range=all&all=true HTTP/1.1" 200 2406
INFO 2025-08-26 16:12:48,291 views 32964 31944 违规数据分析请求: range=24h, query_all=False
INFO 2025-08-26 16:12:48,298 services 32964 31944 违规数据分析完成: 0条记录, 0次违规
INFO 2025-08-26 16:12:48,298 views 32964 31944 违规数据分析完成: 0条记录
INFO 2025-08-26 16:12:48,301 basehttp 32964 31944 "GET /api/monitor/violations/analytics/?range=24h HTTP/1.1" 200 481
INFO 2025-08-26 16:13:41,289 views 32964 10992 违规数据分析请求: range=all, query_all=True
INFO 2025-08-26 16:13:41,296 services 32964 10992 违规数据分析完成: 70条记录, 970次违规
INFO 2025-08-26 16:13:41,297 views 32964 10992 违规数据分析完成: 70条记录
INFO 2025-08-26 16:13:41,299 basehttp 32964 10992 "GET /api/monitor/violations/analytics/?range=all&all=true HTTP/1.1" 200 2406
INFO 2025-08-26 16:13:48,282 views 32964 4456 违规数据分析请求: range=24h, query_all=False
INFO 2025-08-26 16:13:48,288 services 32964 4456 违规数据分析完成: 0条记录, 0次违规
INFO 2025-08-26 16:13:48,289 views 32964 4456 违规数据分析完成: 0条记录
INFO 2025-08-26 16:13:48,289 basehttp 32964 4456 "GET /api/monitor/violations/analytics/?range=24h HTTP/1.1" 200 481
INFO 2025-08-26 16:14:41,274 views 32964 4740 违规数据分析请求: range=all, query_all=True
INFO 2025-08-26 16:14:41,282 services 32964 4740 违规数据分析完成: 70条记录, 970次违规
INFO 2025-08-26 16:14:41,282 views 32964 4740 违规数据分析完成: 70条记录
INFO 2025-08-26 16:14:41,283 basehttp 32964 4740 "GET /api/monitor/violations/analytics/?range=all&all=true HTTP/1.1" 200 2406
INFO 2025-08-26 16:15:03,285 views 32964 27716 违规数据分析请求: range=24h, query_all=False
INFO 2025-08-26 16:15:03,290 services 32964 27716 违规数据分析完成: 0条记录, 0次违规
INFO 2025-08-26 16:15:03,291 views 32964 27716 违规数据分析完成: 0条记录
INFO 2025-08-26 16:15:03,291 basehttp 32964 27716 "GET /api/monitor/violations/analytics/?range=24h HTTP/1.1" 200 481
INFO 2025-08-26 16:15:40,830 views 32964 14412 违规数据分析请求: range=24h, query_all=False
INFO 2025-08-26 16:15:40,835 services 32964 14412 违规数据分析完成: 0条记录, 0次违规
INFO 2025-08-26 16:15:40,835 views 32964 14412 违规数据分析完成: 0条记录
INFO 2025-08-26 16:15:40,836 basehttp 32964 14412 "GET /api/monitor/violations/analytics/?range=24h HTTP/1.1" 200 481
INFO 2025-08-26 16:16:03,282 views 32964 26996 违规数据分析请求: range=24h, query_all=False
INFO 2025-08-26 16:16:03,288 services 32964 26996 违规数据分析完成: 0条记录, 0次违规
INFO 2025-08-26 16:16:03,288 views 32964 26996 违规数据分析完成: 0条记录
INFO 2025-08-26 16:16:03,289 basehttp 32964 26996 "GET /api/monitor/violations/analytics/?range=24h HTTP/1.1" 200 481
INFO 2025-08-26 16:16:40,818 views 32964 17684 违规数据分析请求: range=24h, query_all=False
INFO 2025-08-26 16:16:40,827 services 32964 17684 违规数据分析完成: 0条记录, 0次违规
INFO 2025-08-26 16:16:40,827 views 32964 17684 违规数据分析完成: 0条记录
INFO 2025-08-26 16:16:40,828 basehttp 32964 17684 "GET /api/monitor/violations/analytics/?range=24h HTTP/1.1" 200 481
INFO 2025-08-26 16:17:03,288 views 32964 24368 违规数据分析请求: range=24h, query_all=False
INFO 2025-08-26 16:17:03,293 services 32964 24368 违规数据分析完成: 0条记录, 0次违规
INFO 2025-08-26 16:17:03,293 views 32964 24368 违规数据分析完成: 0条记录
INFO 2025-08-26 16:17:03,294 basehttp 32964 24368 "GET /api/monitor/violations/analytics/?range=24h HTTP/1.1" 200 481
INFO 2025-08-26 16:17:40,819 views 32964 7096 违规数据分析请求: range=24h, query_all=False
INFO 2025-08-26 16:17:40,831 services 32964 7096 违规数据分析完成: 0条记录, 0次违规
INFO 2025-08-26 16:17:40,833 views 32964 7096 违规数据分析完成: 0条记录
INFO 2025-08-26 16:17:40,835 basehttp 32964 7096 "GET /api/monitor/violations/analytics/?range=24h HTTP/1.1" 200 481
INFO 2025-08-26 16:18:03,281 views 32964 9560 违规数据分析请求: range=24h, query_all=False
INFO 2025-08-26 16:18:03,290 services 32964 9560 违规数据分析完成: 0条记录, 0次违规
INFO 2025-08-26 16:18:03,290 views 32964 9560 违规数据分析完成: 0条记录
INFO 2025-08-26 16:18:03,291 basehttp 32964 9560 "GET /api/monitor/violations/analytics/?range=24h HTTP/1.1" 200 481
INFO 2025-08-26 16:18:40,816 views 32964 25876 违规数据分析请求: range=24h, query_all=False
INFO 2025-08-26 16:18:40,825 services 32964 25876 违规数据分析完成: 0条记录, 0次违规
INFO 2025-08-26 16:18:40,827 views 32964 25876 违规数据分析完成: 0条记录
INFO 2025-08-26 16:18:40,828 basehttp 32964 25876 "GET /api/monitor/violations/analytics/?range=24h HTTP/1.1" 200 481
INFO 2025-08-26 16:19:03,289 views 32964 33580 违规数据分析请求: range=24h, query_all=False
INFO 2025-08-26 16:19:03,298 services 32964 33580 违规数据分析完成: 0条记录, 0次违规
INFO 2025-08-26 16:19:03,299 views 32964 33580 违规数据分析完成: 0条记录
INFO 2025-08-26 16:19:03,300 basehttp 32964 33580 "GET /api/monitor/violations/analytics/?range=24h HTTP/1.1" 200 481
INFO 2025-08-26 16:19:40,820 views 32964 9188 违规数据分析请求: range=24h, query_all=False
INFO 2025-08-26 16:19:40,831 services 32964 9188 违规数据分析完成: 0条记录, 0次违规
INFO 2025-08-26 16:19:40,832 views 32964 9188 违规数据分析完成: 0条记录
INFO 2025-08-26 16:19:40,833 basehttp 32964 9188 "GET /api/monitor/violations/analytics/?range=24h HTTP/1.1" 200 481
INFO 2025-08-26 16:20:03,282 views 32964 3752 违规数据分析请求: range=24h, query_all=False
INFO 2025-08-26 16:20:03,287 services 32964 3752 违规数据分析完成: 0条记录, 0次违规
INFO 2025-08-26 16:20:03,287 views 32964 3752 违规数据分析完成: 0条记录
INFO 2025-08-26 16:20:03,288 basehttp 32964 3752 "GET /api/monitor/violations/analytics/?range=24h HTTP/1.1" 200 481
INFO 2025-08-26 16:20:40,819 views 32964 11152 违规数据分析请求: range=24h, query_all=False
INFO 2025-08-26 16:20:40,825 services 32964 11152 违规数据分析完成: 0条记录, 0次违规
INFO 2025-08-26 16:20:40,825 views 32964 11152 违规数据分析完成: 0条记录
INFO 2025-08-26 16:20:40,826 basehttp 32964 11152 "GET /api/monitor/violations/analytics/?range=24h HTTP/1.1" 200 481
INFO 2025-08-26 16:20:49,925 views 32964 33544 违规数据分析请求: range=24h, query_all=False
INFO 2025-08-26 16:20:49,932 services 32964 33544 违规数据分析完成: 0条记录, 0次违规
INFO 2025-08-26 16:20:49,933 views 32964 33544 违规数据分析完成: 0条记录
INFO 2025-08-26 16:20:49,934 basehttp 32964 33544 "GET /api/monitor/violations/analytics/?range=24h HTTP/1.1" 200 481
INFO 2025-08-26 16:21:03,279 views 32964 20000 违规数据分析请求: range=24h, query_all=False
INFO 2025-08-26 16:21:03,285 services 32964 20000 违规数据分析完成: 0条记录, 0次违规
INFO 2025-08-26 16:21:03,285 views 32964 20000 违规数据分析完成: 0条记录
INFO 2025-08-26 16:21:03,286 basehttp 32964 20000 "GET /api/monitor/violations/analytics/?range=24h HTTP/1.1" 200 481
INFO 2025-08-26 16:21:50,339 views 32964 18824 违规数据分析请求: range=24h, query_all=False
INFO 2025-08-26 16:21:50,343 services 32964 18824 违规数据分析完成: 0条记录, 0次违规
INFO 2025-08-26 16:21:50,344 views 32964 18824 违规数据分析完成: 0条记录
INFO 2025-08-26 16:21:50,345 basehttp 32964 18824 "GET /api/monitor/violations/analytics/?range=24h HTTP/1.1" 200 481
INFO 2025-08-26 16:21:50,594 views 32964 31856 违规数据分析请求: range=24h, query_all=False
INFO 2025-08-26 16:21:50,599 services 32964 31856 违规数据分析完成: 0条记录, 0次违规
INFO 2025-08-26 16:21:50,599 views 32964 31856 违规数据分析完成: 0条记录
INFO 2025-08-26 16:21:50,600 basehttp 32964 31856 "GET /api/monitor/violations/analytics/?range=24h HTTP/1.1" 200 481
INFO 2025-08-26 16:22:03,290 views 32964 23840 违规数据分析请求: range=24h, query_all=False
INFO 2025-08-26 16:22:03,299 services 32964 23840 违规数据分析完成: 0条记录, 0次违规
INFO 2025-08-26 16:22:03,300 views 32964 23840 违规数据分析完成: 0条记录
INFO 2025-08-26 16:22:03,301 basehttp 32964 23840 "GET /api/monitor/violations/analytics/?range=24h HTTP/1.1" 200 481
INFO 2025-08-26 16:22:04,476 views 32964 6984 违规数据分析请求: range=24h, query_all=False
INFO 2025-08-26 16:22:04,483 services 32964 6984 违规数据分析完成: 0条记录, 0次违规
INFO 2025-08-26 16:22:04,483 views 32964 6984 违规数据分析完成: 0条记录
INFO 2025-08-26 16:22:04,484 basehttp 32964 6984 "GET /api/monitor/violations/analytics/?range=24h HTTP/1.1" 200 481
INFO 2025-08-26 16:22:20,851 views 32964 24480 违规数据分析请求: range=all, query_all=True
INFO 2025-08-26 16:22:20,862 services 32964 24480 违规数据分析完成: 70条记录, 970次违规
INFO 2025-08-26 16:22:20,862 views 32964 24480 违规数据分析完成: 70条记录
INFO 2025-08-26 16:22:20,864 basehttp 32964 24480 "GET /api/monitor/violations/analytics/?range=all&all=true HTTP/1.1" 200 2406
INFO 2025-08-26 16:22:35,192 views 32964 30264 违规数据分析请求: range=24h, query_all=False
INFO 2025-08-26 16:22:35,200 services 32964 30264 违规数据分析完成: 0条记录, 0次违规
INFO 2025-08-26 16:22:35,201 views 32964 30264 违规数据分析完成: 0条记录
INFO 2025-08-26 16:22:35,201 basehttp 32964 30264 "GET /api/monitor/violations/analytics/?range=24h HTTP/1.1" 200 481
INFO 2025-08-26 16:22:37,299 views 32964 12336 违规数据分析请求: range=all, query_all=True
INFO 2025-08-26 16:22:37,310 services 32964 12336 违规数据分析完成: 70条记录, 970次违规
INFO 2025-08-26 16:22:37,310 views 32964 12336 违规数据分析完成: 70条记录
INFO 2025-08-26 16:22:37,311 basehttp 32964 12336 "GET /api/monitor/violations/analytics/?range=all&all=true HTTP/1.1" 200 2406
INFO 2025-08-26 16:22:59,026 views 32964 20728 违规数据分析请求: range=24h, query_all=False
INFO 2025-08-26 16:22:59,031 services 32964 20728 违规数据分析完成: 0条记录, 0次违规
INFO 2025-08-26 16:22:59,032 views 32964 20728 违规数据分析完成: 0条记录
INFO 2025-08-26 16:22:59,032 basehttp 32964 20728 "GET /api/monitor/violations/analytics/?range=24h HTTP/1.1" 200 481
INFO 2025-08-26 16:23:01,238 views 32964 25784 违规数据分析请求: range=all, query_all=True
INFO 2025-08-26 16:23:01,247 services 32964 25784 违规数据分析完成: 70条记录, 970次违规
INFO 2025-08-26 16:23:01,247 views 32964 25784 违规数据分析完成: 70条记录
INFO 2025-08-26 16:23:01,248 basehttp 32964 25784 "GET /api/monitor/violations/analytics/?range=all&all=true HTTP/1.1" 200 2406
INFO 2025-08-26 16:23:03,277 views 32964 2372 违规数据分析请求: range=24h, query_all=False
INFO 2025-08-26 16:23:03,284 services 32964 2372 违规数据分析完成: 0条记录, 0次违规
INFO 2025-08-26 16:23:03,284 views 32964 2372 违规数据分析完成: 0条记录
INFO 2025-08-26 16:23:03,285 basehttp 32964 2372 "GET /api/monitor/violations/analytics/?range=24h HTTP/1.1" 200 481
INFO 2025-08-26 16:23:59,285 views 32964 27772 违规数据分析请求: range=all, query_all=True
INFO 2025-08-26 16:23:59,293 services 32964 27772 违规数据分析完成: 70条记录, 970次违规
INFO 2025-08-26 16:23:59,294 views 32964 27772 违规数据分析完成: 70条记录
INFO 2025-08-26 16:23:59,294 basehttp 32964 27772 "GET /api/monitor/violations/analytics/?range=all&all=true HTTP/1.1" 200 2406
INFO 2025-08-26 16:24:03,281 views 32964 17396 违规数据分析请求: range=24h, query_all=False
INFO 2025-08-26 16:24:03,288 services 32964 17396 违规数据分析完成: 0条记录, 0次违规
INFO 2025-08-26 16:24:03,289 views 32964 17396 违规数据分析完成: 0条记录
INFO 2025-08-26 16:24:03,290 basehttp 32964 17396 "GET /api/monitor/violations/analytics/?range=24h HTTP/1.1" 200 481
INFO 2025-08-26 16:24:25,406 views 32964 6400 违规数据分析请求: range=24h, query_all=False
INFO 2025-08-26 16:24:25,415 services 32964 6400 违规数据分析完成: 0条记录, 0次违规
INFO 2025-08-26 16:24:25,415 views 32964 6400 违规数据分析完成: 0条记录
INFO 2025-08-26 16:24:25,417 basehttp 32964 6400 "GET /api/monitor/violations/analytics/?range=24h HTTP/1.1" 200 481
INFO 2025-08-26 16:24:25,879 views 32964 25392 违规数据分析请求: range=24h, query_all=False
INFO 2025-08-26 16:24:25,888 services 32964 25392 违规数据分析完成: 0条记录, 0次违规
INFO 2025-08-26 16:24:25,888 views 32964 25392 违规数据分析完成: 0条记录
INFO 2025-08-26 16:24:25,890 basehttp 32964 25392 "GET /api/monitor/violations/analytics/?range=24h HTTP/1.1" 200 481
INFO 2025-08-26 16:24:28,721 views 32964 22344 违规数据分析请求: range=24h, query_all=False
INFO 2025-08-26 16:24:28,731 services 32964 22344 违规数据分析完成: 0条记录, 0次违规
INFO 2025-08-26 16:24:28,733 views 32964 22344 违规数据分析完成: 0条记录
INFO 2025-08-26 16:24:28,735 basehttp 32964 22344 "GET /api/monitor/violations/analytics/?range=24h HTTP/1.1" 200 481
INFO 2025-08-26 16:24:30,296 views 32964 26140 违规数据分析请求: range=all, query_all=True
INFO 2025-08-26 16:24:30,309 services 32964 26140 违规数据分析完成: 70条记录, 970次违规
INFO 2025-08-26 16:24:30,310 views 32964 26140 违规数据分析完成: 70条记录
INFO 2025-08-26 16:24:30,311 basehttp 32964 26140 "GET /api/monitor/violations/analytics/?range=all&all=true HTTP/1.1" 200 2406
INFO 2025-08-26 16:24:59,239 views 32964 33484 违规数据分析请求: range=24h, query_all=False
INFO 2025-08-26 16:24:59,247 services 32964 33484 违规数据分析完成: 0条记录, 0次违规
INFO 2025-08-26 16:24:59,248 views 32964 33484 违规数据分析完成: 0条记录
INFO 2025-08-26 16:24:59,249 basehttp 32964 33484 "GET /api/monitor/violations/analytics/?range=24h HTTP/1.1" 200 481
INFO 2025-08-26 16:25:01,639 views 32964 732 违规数据分析请求: range=all, query_all=True
INFO 2025-08-26 16:25:01,651 services 32964 732 违规数据分析完成: 70条记录, 970次违规
INFO 2025-08-26 16:25:01,651 views 32964 732 违规数据分析完成: 70条记录
INFO 2025-08-26 16:25:01,653 basehttp 32964 732 "GET /api/monitor/violations/analytics/?range=all&all=true HTTP/1.1" 200 2406
INFO 2025-08-26 16:25:03,279 views 32964 9188 违规数据分析请求: range=24h, query_all=False
INFO 2025-08-26 16:25:03,288 services 32964 9188 违规数据分析完成: 0条记录, 0次违规
INFO 2025-08-26 16:25:03,289 views 32964 9188 违规数据分析完成: 0条记录
INFO 2025-08-26 16:25:03,290 basehttp 32964 9188 "GET /api/monitor/violations/analytics/?range=24h HTTP/1.1" 200 481
INFO 2025-08-26 16:25:59,250 views 32964 4980 违规数据分析请求: range=all, query_all=True
INFO 2025-08-26 16:25:59,261 services 32964 4980 违规数据分析完成: 70条记录, 970次违规
INFO 2025-08-26 16:25:59,262 views 32964 4980 违规数据分析完成: 70条记录
INFO 2025-08-26 16:25:59,263 basehttp 32964 4980 "GET /api/monitor/violations/analytics/?range=all&all=true HTTP/1.1" 200 2406
INFO 2025-08-26 16:26:03,286 views 32964 16488 违规数据分析请求: range=24h, query_all=False
INFO 2025-08-26 16:26:03,294 services 32964 16488 违规数据分析完成: 0条记录, 0次违规
INFO 2025-08-26 16:26:03,295 views 32964 16488 违规数据分析完成: 0条记录
INFO 2025-08-26 16:26:03,295 basehttp 32964 16488 "GET /api/monitor/violations/analytics/?range=24h HTTP/1.1" 200 481
INFO 2025-08-26 16:26:59,299 views 32964 10052 违规数据分析请求: range=all, query_all=True
INFO 2025-08-26 16:26:59,309 services 32964 10052 违规数据分析完成: 70条记录, 970次违规
INFO 2025-08-26 16:26:59,309 views 32964 10052 违规数据分析完成: 70条记录
INFO 2025-08-26 16:26:59,310 basehttp 32964 10052 "GET /api/monitor/violations/analytics/?range=all&all=true HTTP/1.1" 200 2406
INFO 2025-08-26 16:27:03,290 views 32964 10324 违规数据分析请求: range=24h, query_all=False
INFO 2025-08-26 16:27:03,298 services 32964 10324 违规数据分析完成: 0条记录, 0次违规
INFO 2025-08-26 16:27:03,298 views 32964 10324 违规数据分析完成: 0条记录
INFO 2025-08-26 16:27:03,299 basehttp 32964 10324 "GET /api/monitor/violations/analytics/?range=24h HTTP/1.1" 200 481
INFO 2025-08-26 16:27:59,311 views 32964 27860 违规数据分析请求: range=all, query_all=True
INFO 2025-08-26 16:27:59,322 services 32964 27860 违规数据分析完成: 70条记录, 970次违规
INFO 2025-08-26 16:27:59,323 views 32964 27860 违规数据分析完成: 70条记录
INFO 2025-08-26 16:27:59,324 basehttp 32964 27860 "GET /api/monitor/violations/analytics/?range=all&all=true HTTP/1.1" 200 2406
INFO 2025-08-26 16:28:03,289 views 32964 14728 违规数据分析请求: range=24h, query_all=False
INFO 2025-08-26 16:28:03,298 services 32964 14728 违规数据分析完成: 0条记录, 0次违规
INFO 2025-08-26 16:28:03,298 views 32964 14728 违规数据分析完成: 0条记录
INFO 2025-08-26 16:28:03,299 basehttp 32964 14728 "GET /api/monitor/violations/analytics/?range=24h HTTP/1.1" 200 481
INFO 2025-08-26 16:28:25,154 views 32964 25876 违规数据分析请求: range=24h, query_all=False
INFO 2025-08-26 16:28:25,165 services 32964 25876 违规数据分析完成: 0条记录, 0次违规
INFO 2025-08-26 16:28:25,166 views 32964 25876 违规数据分析完成: 0条记录
INFO 2025-08-26 16:28:25,167 basehttp 32964 25876 "GET /api/monitor/violations/analytics/?range=24h HTTP/1.1" 200 481
INFO 2025-08-26 16:28:42,194 views 32964 8156 AI查询请求: 本月违规统计 (时间范围: 720小时)
INFO 2025-08-26 16:28:42,194 services 32964 8156 调用Janus AI服务: http://localhost:5001/api/query
INFO 2025-08-26 16:28:44,300 services 32964 8156 Janus AI响应成功
INFO 2025-08-26 16:28:44,314 views 32964 8156 AI查询成功: 本月违规统计 (耗时: 2.11秒)
INFO 2025-08-26 16:28:44,317 basehttp 32964 8156 "POST /api/monitor/ai-query/ HTTP/1.1" 200 1854
INFO 2025-08-26 16:28:44,330 views 32964 27864 AI查询请求: 本月违规统计 (时间范围: 720小时)
INFO 2025-08-26 16:28:44,331 services 32964 27864 调用Janus AI服务: http://localhost:5001/api/query
INFO 2025-08-26 16:28:46,435 services 32964 27864 Janus AI响应成功
INFO 2025-08-26 16:28:46,451 views 32964 27864 AI查询成功: 本月违规统计 (耗时: 2.11秒)
INFO 2025-08-26 16:28:46,454 basehttp 32964 27864 "POST /api/monitor/ai-query/ HTTP/1.1" 200 1854
INFO 2025-08-26 16:29:03,279 views 32964 28620 违规数据分析请求: range=24h, query_all=False
INFO 2025-08-26 16:29:03,287 services 32964 28620 违规数据分析完成: 0条记录, 0次违规
INFO 2025-08-26 16:29:03,294 views 32964 28620 违规数据分析完成: 0条记录
INFO 2025-08-26 16:29:03,297 basehttp 32964 28620 "GET /api/monitor/violations/analytics/?range=24h HTTP/1.1" 200 481
INFO 2025-08-26 16:29:07,025 views 32964 10120 违规数据分析请求: range=24h, query_all=False
INFO 2025-08-26 16:29:07,033 services 32964 10120 违规数据分析完成: 0条记录, 0次违规
INFO 2025-08-26 16:29:07,033 views 32964 10120 违规数据分析完成: 0条记录
INFO 2025-08-26 16:29:07,034 basehttp 32964 10120 "GET /api/monitor/violations/analytics/?range=24h HTTP/1.1" 200 481
INFO 2025-08-26 16:30:03,280 views 32964 16368 违规数据分析请求: range=24h, query_all=False
INFO 2025-08-26 16:30:03,289 services 32964 16368 违规数据分析完成: 0条记录, 0次违规
INFO 2025-08-26 16:30:03,290 views 32964 16368 违规数据分析完成: 0条记录
INFO 2025-08-26 16:30:03,291 basehttp 32964 16368 "GET /api/monitor/violations/analytics/?range=24h HTTP/1.1" 200 481
INFO 2025-08-26 16:30:07,035 views 32964 28048 违规数据分析请求: range=24h, query_all=False
INFO 2025-08-26 16:30:07,043 services 32964 28048 违规数据分析完成: 0条记录, 0次违规
INFO 2025-08-26 16:30:07,043 views 32964 28048 违规数据分析完成: 0条记录
INFO 2025-08-26 16:30:07,044 basehttp 32964 28048 "GET /api/monitor/violations/analytics/?range=24h HTTP/1.1" 200 481
INFO 2025-08-26 16:31:03,290 views 32964 19472 违规数据分析请求: range=24h, query_all=False
INFO 2025-08-26 16:31:03,300 services 32964 19472 违规数据分析完成: 0条记录, 0次违规
INFO 2025-08-26 16:31:03,301 views 32964 19472 违规数据分析完成: 0条记录
INFO 2025-08-26 16:31:03,303 basehttp 32964 19472 "GET /api/monitor/violations/analytics/?range=24h HTTP/1.1" 200 481
INFO 2025-08-26 16:31:07,035 views 32964 26524 违规数据分析请求: range=24h, query_all=False
INFO 2025-08-26 16:31:07,043 services 32964 26524 违规数据分析完成: 0条记录, 0次违规
INFO 2025-08-26 16:31:07,044 views 32964 26524 违规数据分析完成: 0条记录
INFO 2025-08-26 16:31:07,045 basehttp 32964 26524 "GET /api/monitor/violations/analytics/?range=24h HTTP/1.1" 200 481
INFO 2025-08-26 16:31:48,754 views 32964 22500 违规数据分析请求: range=24h, query_all=False
INFO 2025-08-26 16:31:48,761 services 32964 22500 违规数据分析完成: 0条记录, 0次违规
INFO 2025-08-26 16:31:48,761 views 32964 22500 违规数据分析完成: 0条记录
INFO 2025-08-26 16:31:48,762 basehttp 32964 22500 "GET /api/monitor/violations/analytics/?range=24h HTTP/1.1" 200 481
INFO 2025-08-26 16:31:52,145 views 32964 17872 违规数据分析请求: range=24h, query_all=False
INFO 2025-08-26 16:31:52,150 services 32964 17872 违规数据分析完成: 0条记录, 0次违规
INFO 2025-08-26 16:31:52,150 views 32964 17872 违规数据分析完成: 0条记录
INFO 2025-08-26 16:31:52,152 basehttp 32964 17872 "GET /api/monitor/violations/analytics/?range=24h HTTP/1.1" 200 481
INFO 2025-08-26 16:32:03,281 views 32964 26456 违规数据分析请求: range=24h, query_all=False
INFO 2025-08-26 16:32:03,286 services 32964 26456 违规数据分析完成: 0条记录, 0次违规
INFO 2025-08-26 16:32:03,287 views 32964 26456 违规数据分析完成: 0条记录
INFO 2025-08-26 16:32:03,287 basehttp 32964 26456 "GET /api/monitor/violations/analytics/?range=24h HTTP/1.1" 200 481
INFO 2025-08-26 16:32:52,299 views 32964 33264 违规数据分析请求: range=24h, query_all=False
INFO 2025-08-26 16:32:52,305 services 32964 33264 违规数据分析完成: 0条记录, 0次违规
INFO 2025-08-26 16:32:52,306 views 32964 33264 违规数据分析完成: 0条记录
INFO 2025-08-26 16:32:52,307 basehttp 32964 33264 "GET /api/monitor/violations/analytics/?range=24h HTTP/1.1" 200 481
INFO 2025-08-26 16:33:03,287 views 32964 16488 违规数据分析请求: range=24h, query_all=False
INFO 2025-08-26 16:33:03,294 services 32964 16488 违规数据分析完成: 0条记录, 0次违规
INFO 2025-08-26 16:33:03,294 views 32964 16488 违规数据分析完成: 0条记录
INFO 2025-08-26 16:33:03,295 basehttp 32964 16488 "GET /api/monitor/violations/analytics/?range=24h HTTP/1.1" 200 481
INFO 2025-08-26 16:33:17,643 views 32964 11620 违规数据分析请求: range=24h, query_all=False
INFO 2025-08-26 16:33:17,650 services 32964 11620 违规数据分析完成: 0条记录, 0次违规
INFO 2025-08-26 16:33:17,650 views 32964 11620 违规数据分析完成: 0条记录
INFO 2025-08-26 16:33:17,652 basehttp 32964 11620 "GET /api/monitor/violations/analytics/?range=24h HTTP/1.1" 200 481
INFO 2025-08-26 16:33:52,282 views 32964 12336 违规数据分析请求: range=24h, query_all=False
INFO 2025-08-26 16:33:52,287 services 32964 12336 违规数据分析完成: 0条记录, 0次违规
INFO 2025-08-26 16:33:52,287 views 32964 12336 违规数据分析完成: 0条记录
INFO 2025-08-26 16:33:52,288 basehttp 32964 12336 "GET /api/monitor/violations/analytics/?range=24h HTTP/1.1" 200 481
INFO 2025-08-26 16:34:10,824 views 32964 24836 违规数据分析请求: range=24h, query_all=False
INFO 2025-08-26 16:34:10,830 services 32964 24836 违规数据分析完成: 0条记录, 0次违规
INFO 2025-08-26 16:34:10,830 views 32964 24836 违规数据分析完成: 0条记录
INFO 2025-08-26 16:34:10,831 basehttp 32964 24836 "GET /api/monitor/violations/analytics/?range=24h HTTP/1.1" 200 481
INFO 2025-08-26 16:34:32,278 views 32964 31648 违规数据分析请求: range=24h, query_all=False
INFO 2025-08-26 16:34:32,285 services 32964 31648 违规数据分析完成: 0条记录, 0次违规
INFO 2025-08-26 16:34:32,286 views 32964 31648 违规数据分析完成: 0条记录
INFO 2025-08-26 16:34:32,287 basehttp 32964 31648 "GET /api/monitor/violations/analytics/?range=24h HTTP/1.1" 200 481
INFO 2025-08-26 16:34:33,895 views 32964 12752 违规数据分析请求: range=24h, query_all=False
INFO 2025-08-26 16:34:33,902 services 32964 12752 违规数据分析完成: 0条记录, 0次违规
INFO 2025-08-26 16:34:33,902 views 32964 12752 违规数据分析完成: 0条记录
INFO 2025-08-26 16:34:33,903 basehttp 32964 12752 "GET /api/monitor/violations/analytics/?range=24h HTTP/1.1" 200 481
INFO 2025-08-26 16:34:52,285 views 32964 2628 违规数据分析请求: range=24h, query_all=False
INFO 2025-08-26 16:34:52,293 services 32964 2628 违规数据分析完成: 0条记录, 0次违规
INFO 2025-08-26 16:34:52,293 views 32964 2628 违规数据分析完成: 0条记录
INFO 2025-08-26 16:34:52,293 basehttp 32964 2628 "GET /api/monitor/violations/analytics/?range=24h HTTP/1.1" 200 481
INFO 2025-08-26 16:35:18,933 views 32964 29616 违规数据分析请求: range=24h, query_all=False
INFO 2025-08-26 16:35:18,942 services 32964 29616 违规数据分析完成: 0条记录, 0次违规
INFO 2025-08-26 16:35:18,943 views 32964 29616 违规数据分析完成: 0条记录
INFO 2025-08-26 16:35:18,943 basehttp 32964 29616 "GET /api/monitor/violations/analytics/?range=24h HTTP/1.1" 200 481
INFO 2025-08-26 16:35:30,107 views 32964 32688 违规数据分析请求: range=24h, query_all=False
INFO 2025-08-26 16:35:30,111 services 32964 32688 违规数据分析完成: 0条记录, 0次违规
INFO 2025-08-26 16:35:30,111 views 32964 32688 违规数据分析完成: 0条记录
INFO 2025-08-26 16:35:30,113 basehttp 32964 32688 "GET /api/monitor/violations/analytics/?range=24h HTTP/1.1" 200 481
INFO 2025-08-26 16:35:52,287 views 32964 23912 违规数据分析请求: range=24h, query_all=False
INFO 2025-08-26 16:35:52,292 services 32964 23912 违规数据分析完成: 0条记录, 0次违规
INFO 2025-08-26 16:35:52,293 views 32964 23912 违规数据分析完成: 0条记录
INFO 2025-08-26 16:35:52,293 basehttp 32964 23912 "GET /api/monitor/violations/analytics/?range=24h HTTP/1.1" 200 481
INFO 2025-08-26 16:36:06,602 views 32964 29620 违规数据分析请求: range=24h, query_all=False
INFO 2025-08-26 16:36:06,610 services 32964 29620 违规数据分析完成: 0条记录, 0次违规
INFO 2025-08-26 16:36:06,611 views 32964 29620 违规数据分析完成: 0条记录
INFO 2025-08-26 16:36:06,612 basehttp 32964 29620 "GET /api/monitor/violations/analytics/?range=24h HTTP/1.1" 200 481
INFO 2025-08-26 16:36:23,573 views 32964 10420 违规数据分析请求: range=24h, query_all=False
INFO 2025-08-26 16:36:23,579 services 32964 10420 违规数据分析完成: 0条记录, 0次违规
INFO 2025-08-26 16:36:23,579 views 32964 10420 违规数据分析完成: 0条记录
INFO 2025-08-26 16:36:23,580 basehttp 32964 10420 "GET /api/monitor/violations/analytics/?range=24h HTTP/1.1" 200 481
INFO 2025-08-26 16:36:52,296 views 32964 31980 违规数据分析请求: range=24h, query_all=False
INFO 2025-08-26 16:36:52,300 services 32964 31980 违规数据分析完成: 0条记录, 0次违规
INFO 2025-08-26 16:36:52,302 views 32964 31980 违规数据分析完成: 0条记录
INFO 2025-08-26 16:36:52,302 basehttp 32964 31980 "GET /api/monitor/violations/analytics/?range=24h HTTP/1.1" 200 481
INFO 2025-08-26 16:37:52,281 views 32964 4428 违规数据分析请求: range=24h, query_all=False
INFO 2025-08-26 16:37:52,287 services 32964 4428 违规数据分析完成: 0条记录, 0次违规
INFO 2025-08-26 16:37:52,287 views 32964 4428 违规数据分析完成: 0条记录
INFO 2025-08-26 16:37:52,288 basehttp 32964 4428 "GET /api/monitor/violations/analytics/?range=24h HTTP/1.1" 200 481
INFO 2025-08-26 16:38:59,665 views 32964 18872 违规数据分析请求: range=24h, query_all=False
INFO 2025-08-26 16:38:59,675 services 32964 18872 违规数据分析完成: 0条记录, 0次违规
INFO 2025-08-26 16:38:59,676 views 32964 18872 违规数据分析完成: 0条记录
INFO 2025-08-26 16:38:59,677 basehttp 32964 18872 "GET /api/monitor/violations/analytics/?range=24h HTTP/1.1" 200 481
INFO 2025-08-26 16:39:03,293 views 32964 31056 违规数据分析请求: range=24h, query_all=False
INFO 2025-08-26 16:39:03,301 services 32964 31056 违规数据分析完成: 0条记录, 0次违规
INFO 2025-08-26 16:39:03,302 views 32964 31056 违规数据分析完成: 0条记录
INFO 2025-08-26 16:39:03,303 basehttp 32964 31056 "GET /api/monitor/violations/analytics/?range=24h HTTP/1.1" 200 481
INFO 2025-08-26 16:39:06,040 views 32964 18536 违规数据分析请求: range=24h, query_all=False
INFO 2025-08-26 16:39:06,049 services 32964 18536 违规数据分析完成: 0条记录, 0次违规
INFO 2025-08-26 16:39:06,049 views 32964 18536 违规数据分析完成: 0条记录
INFO 2025-08-26 16:39:06,050 basehttp 32964 18536 "GET /api/monitor/violations/analytics/?range=24h HTTP/1.1" 200 481
INFO 2025-08-26 16:39:36,422 views 32964 9560 违规数据分析请求: range=24h, query_all=False
INFO 2025-08-26 16:39:36,428 services 32964 9560 违规数据分析完成: 0条记录, 0次违规
INFO 2025-08-26 16:39:36,430 views 32964 9560 违规数据分析完成: 0条记录
INFO 2025-08-26 16:39:36,430 basehttp 32964 9560 "GET /api/monitor/violations/analytics/?range=24h HTTP/1.1" 200 481
INFO 2025-08-26 16:40:03,286 views 32964 18588 违规数据分析请求: range=24h, query_all=False
INFO 2025-08-26 16:40:03,294 services 32964 18588 违规数据分析完成: 0条记录, 0次违规
INFO 2025-08-26 16:40:03,296 views 32964 18588 违规数据分析完成: 0条记录
INFO 2025-08-26 16:40:03,297 basehttp 32964 18588 "GET /api/monitor/violations/analytics/?range=24h HTTP/1.1" 200 481
INFO 2025-08-26 16:40:19,313 views 32964 7936 违规数据分析请求: range=24h, query_all=False
INFO 2025-08-26 16:40:19,320 services 32964 7936 违规数据分析完成: 0条记录, 0次违规
INFO 2025-08-26 16:40:19,320 views 32964 7936 违规数据分析完成: 0条记录
INFO 2025-08-26 16:40:19,321 basehttp 32964 7936 "GET /api/monitor/violations/analytics/?range=24h HTTP/1.1" 200 481
INFO 2025-08-26 16:40:36,091 views 32964 21852 违规数据分析请求: range=24h, query_all=False
INFO 2025-08-26 16:40:36,098 services 32964 21852 违规数据分析完成: 0条记录, 0次违规
INFO 2025-08-26 16:40:36,098 views 32964 21852 违规数据分析完成: 0条记录
INFO 2025-08-26 16:40:36,099 basehttp 32964 21852 "GET /api/monitor/violations/analytics/?range=24h HTTP/1.1" 200 481
INFO 2025-08-26 16:41:03,294 views 32964 2332 违规数据分析请求: range=24h, query_all=False
INFO 2025-08-26 16:41:03,300 services 32964 2332 违规数据分析完成: 0条记录, 0次违规
INFO 2025-08-26 16:41:03,300 views 32964 2332 违规数据分析完成: 0条记录
INFO 2025-08-26 16:41:03,301 basehttp 32964 2332 "GET /api/monitor/violations/analytics/?range=24h HTTP/1.1" 200 481
INFO 2025-08-26 16:41:36,091 views 32964 26036 违规数据分析请求: range=24h, query_all=False
INFO 2025-08-26 16:41:36,099 services 32964 26036 违规数据分析完成: 0条记录, 0次违规
INFO 2025-08-26 16:41:36,100 views 32964 26036 违规数据分析完成: 0条记录
INFO 2025-08-26 16:41:36,101 basehttp 32964 26036 "GET /api/monitor/violations/analytics/?range=24h HTTP/1.1" 200 481
INFO 2025-08-26 16:42:03,298 views 32964 21844 违规数据分析请求: range=24h, query_all=False
INFO 2025-08-26 16:42:03,306 services 32964 21844 违规数据分析完成: 0条记录, 0次违规
INFO 2025-08-26 16:42:03,306 views 32964 21844 违规数据分析完成: 0条记录
INFO 2025-08-26 16:42:03,307 basehttp 32964 21844 "GET /api/monitor/violations/analytics/?range=24h HTTP/1.1" 200 481
INFO 2025-08-26 16:42:36,321 views 32964 8360 违规数据分析请求: range=24h, query_all=False
INFO 2025-08-26 16:42:36,330 services 32964 8360 违规数据分析完成: 0条记录, 0次违规
INFO 2025-08-26 16:42:36,330 views 32964 8360 违规数据分析完成: 0条记录
INFO 2025-08-26 16:42:36,332 basehttp 32964 8360 "GET /api/monitor/violations/analytics/?range=24h HTTP/1.1" 200 481
INFO 2025-08-26 16:43:03,293 views 32964 25676 违规数据分析请求: range=24h, query_all=False
INFO 2025-08-26 16:43:03,302 services 32964 25676 违规数据分析完成: 0条记录, 0次违规
INFO 2025-08-26 16:43:03,302 views 32964 25676 违规数据分析完成: 0条记录
INFO 2025-08-26 16:43:03,303 basehttp 32964 25676 "GET /api/monitor/violations/analytics/?range=24h HTTP/1.1" 200 481
INFO 2025-08-26 16:43:36,302 views 32964 26400 违规数据分析请求: range=24h, query_all=False
INFO 2025-08-26 16:43:36,311 services 32964 26400 违规数据分析完成: 0条记录, 0次违规
INFO 2025-08-26 16:43:36,311 views 32964 26400 违规数据分析完成: 0条记录
INFO 2025-08-26 16:43:36,312 basehttp 32964 26400 "GET /api/monitor/violations/analytics/?range=24h HTTP/1.1" 200 481
INFO 2025-08-26 16:44:03,297 views 32964 19128 违规数据分析请求: range=24h, query_all=False
INFO 2025-08-26 16:44:03,306 services 32964 19128 违规数据分析完成: 0条记录, 0次违规
INFO 2025-08-26 16:44:03,306 views 32964 19128 违规数据分析完成: 0条记录
INFO 2025-08-26 16:44:03,308 basehttp 32964 19128 "GET /api/monitor/violations/analytics/?range=24h HTTP/1.1" 200 481
INFO 2025-08-26 16:44:21,007 views 32964 9824 违规数据分析请求: range=24h, query_all=False
INFO 2025-08-26 16:44:21,015 services 32964 9824 违规数据分析完成: 0条记录, 0次违规
INFO 2025-08-26 16:44:21,015 views 32964 9824 违规数据分析完成: 0条记录
INFO 2025-08-26 16:44:21,016 basehttp 32964 9824 "GET /api/monitor/violations/analytics/?range=24h HTTP/1.1" 200 481
INFO 2025-08-26 16:45:03,281 views 32964 33324 违规数据分析请求: range=24h, query_all=False
INFO 2025-08-26 16:45:03,291 services 32964 33324 违规数据分析完成: 0条记录, 0次违规
INFO 2025-08-26 16:45:03,292 views 32964 33324 违规数据分析完成: 0条记录
INFO 2025-08-26 16:45:03,294 basehttp 32964 33324 "GET /api/monitor/violations/analytics/?range=24h HTTP/1.1" 200 481
INFO 2025-08-26 16:45:21,281 views 32964 30944 违规数据分析请求: range=24h, query_all=False
INFO 2025-08-26 16:45:21,290 services 32964 30944 违规数据分析完成: 0条记录, 0次违规
INFO 2025-08-26 16:45:21,291 views 32964 30944 违规数据分析完成: 0条记录
INFO 2025-08-26 16:45:21,292 basehttp 32964 30944 "GET /api/monitor/violations/analytics/?range=24h HTTP/1.1" 200 481
INFO 2025-08-26 16:46:01,194 views 32964 24216 违规数据分析请求: range=24h, query_all=False
INFO 2025-08-26 16:46:01,200 services 32964 24216 违规数据分析完成: 0条记录, 0次违规
INFO 2025-08-26 16:46:01,201 views 32964 24216 违规数据分析完成: 0条记录
INFO 2025-08-26 16:46:01,201 basehttp 32964 24216 "GET /api/monitor/violations/analytics/?range=24h HTTP/1.1" 200 481
INFO 2025-08-26 16:46:03,291 views 32964 14264 违规数据分析请求: range=24h, query_all=False
INFO 2025-08-26 16:46:03,300 services 32964 14264 违规数据分析完成: 0条记录, 0次违规
INFO 2025-08-26 16:46:03,300 views 32964 14264 违规数据分析完成: 0条记录
INFO 2025-08-26 16:46:03,301 basehttp 32964 14264 "GET /api/monitor/violations/analytics/?range=24h HTTP/1.1" 200 481
INFO 2025-08-26 16:47:01,279 views 32964 29604 违规数据分析请求: range=24h, query_all=False
INFO 2025-08-26 16:47:01,287 services 32964 29604 违规数据分析完成: 0条记录, 0次违规
INFO 2025-08-26 16:47:01,288 views 32964 29604 违规数据分析完成: 0条记录
INFO 2025-08-26 16:47:01,289 basehttp 32964 29604 "GET /api/monitor/violations/analytics/?range=24h HTTP/1.1" 200 481
INFO 2025-08-26 16:47:03,282 views 32964 26852 违规数据分析请求: range=24h, query_all=False
INFO 2025-08-26 16:47:03,288 services 32964 26852 违规数据分析完成: 0条记录, 0次违规
INFO 2025-08-26 16:47:03,289 views 32964 26852 违规数据分析完成: 0条记录
INFO 2025-08-26 16:47:03,290 basehttp 32964 26852 "GET /api/monitor/violations/analytics/?range=24h HTTP/1.1" 200 481
INFO 2025-08-26 16:47:41,706 views 32964 26432 违规数据分析请求: range=24h, query_all=False
INFO 2025-08-26 16:47:41,712 services 32964 26432 违规数据分析完成: 0条记录, 0次违规
INFO 2025-08-26 16:47:41,713 views 32964 26432 违规数据分析完成: 0条记录
INFO 2025-08-26 16:47:41,713 basehttp 32964 26432 "GET /api/monitor/violations/analytics/?range=24h HTTP/1.1" 200 481
INFO 2025-08-26 16:47:44,654 views 32964 680 违规数据分析请求: range=24h, query_all=False
INFO 2025-08-26 16:47:44,662 services 32964 680 违规数据分析完成: 0条记录, 0次违规
INFO 2025-08-26 16:47:44,663 views 32964 680 违规数据分析完成: 0条记录
INFO 2025-08-26 16:47:44,663 basehttp 32964 680 "GET /api/monitor/violations/analytics/?range=24h HTTP/1.1" 200 481
INFO 2025-08-26 16:47:53,343 views 32964 18508 违规数据分析请求: range=24h, query_all=False
INFO 2025-08-26 16:47:53,353 services 32964 18508 违规数据分析完成: 0条记录, 0次违规
INFO 2025-08-26 16:47:53,354 views 32964 18508 违规数据分析完成: 0条记录
INFO 2025-08-26 16:47:53,355 basehttp 32964 18508 "GET /api/monitor/violations/analytics/?range=24h HTTP/1.1" 200 481
INFO 2025-08-26 16:47:55,505 views 32964 32052 违规数据分析请求: range=24h, query_all=False
INFO 2025-08-26 16:47:55,515 services 32964 32052 违规数据分析完成: 0条记录, 0次违规
INFO 2025-08-26 16:47:55,515 views 32964 32052 违规数据分析完成: 0条记录
INFO 2025-08-26 16:47:55,517 basehttp 32964 32052 "GET /api/monitor/violations/analytics/?range=24h HTTP/1.1" 200 481
INFO 2025-08-26 16:47:55,948 views 32964 31952 违规数据分析请求: range=24h, query_all=False
INFO 2025-08-26 16:47:55,959 services 32964 31952 违规数据分析完成: 0条记录, 0次违规
INFO 2025-08-26 16:47:55,959 views 32964 31952 违规数据分析完成: 0条记录
INFO 2025-08-26 16:47:55,960 basehttp 32964 31952 "GET /api/monitor/violations/analytics/?range=24h HTTP/1.1" 200 481
INFO 2025-08-26 16:47:57,019 views 32964 8452 违规数据分析请求: range=24h, query_all=False
INFO 2025-08-26 16:47:57,031 services 32964 8452 违规数据分析完成: 0条记录, 0次违规
INFO 2025-08-26 16:47:57,031 views 32964 8452 违规数据分析完成: 0条记录
INFO 2025-08-26 16:47:57,032 basehttp 32964 8452 "GET /api/monitor/violations/analytics/?range=24h HTTP/1.1" 200 481
INFO 2025-08-26 16:47:57,457 views 32964 13644 违规数据分析请求: range=24h, query_all=False
INFO 2025-08-26 16:47:57,466 services 32964 13644 违规数据分析完成: 0条记录, 0次违规
INFO 2025-08-26 16:47:57,466 views 32964 13644 违规数据分析完成: 0条记录
INFO 2025-08-26 16:47:57,467 basehttp 32964 13644 "GET /api/monitor/violations/analytics/?range=24h HTTP/1.1" 200 481
INFO 2025-08-26 16:47:59,683 views 32964 7228 违规数据分析请求: range=24h, query_all=False
INFO 2025-08-26 16:47:59,693 services 32964 7228 违规数据分析完成: 0条记录, 0次违规
INFO 2025-08-26 16:47:59,693 views 32964 7228 违规数据分析完成: 0条记录
INFO 2025-08-26 16:47:59,694 basehttp 32964 7228 "GET /api/monitor/violations/analytics/?range=24h HTTP/1.1" 200 481
INFO 2025-08-26 16:48:00,225 views 32964 29728 违规数据分析请求: range=24h, query_all=False
INFO 2025-08-26 16:48:00,234 services 32964 29728 违规数据分析完成: 0条记录, 0次违规
INFO 2025-08-26 16:48:00,234 views 32964 29728 违规数据分析完成: 0条记录
INFO 2025-08-26 16:48:00,235 basehttp 32964 29728 "GET /api/monitor/violations/analytics/?range=24h HTTP/1.1" 200 481
INFO 2025-08-26 16:48:42,295 views 32964 27000 违规数据分析请求: range=24h, query_all=False
INFO 2025-08-26 16:48:42,307 services 32964 27000 违规数据分析完成: 0条记录, 0次违规
INFO 2025-08-26 16:48:42,308 views 32964 27000 违规数据分析完成: 0条记录
INFO 2025-08-26 16:48:42,310 basehttp 32964 27000 "GET /api/monitor/violations/analytics/?range=24h HTTP/1.1" 200 481
INFO 2025-08-26 16:48:44,881 views 32964 21308 违规数据分析请求: range=24h, query_all=False
INFO 2025-08-26 16:48:44,894 services 32964 21308 违规数据分析完成: 0条记录, 0次违规
INFO 2025-08-26 16:48:44,895 views 32964 21308 违规数据分析完成: 0条记录
INFO 2025-08-26 16:48:44,896 basehttp 32964 21308 "GET /api/monitor/violations/analytics/?range=24h HTTP/1.1" 200 481
INFO 2025-08-26 16:49:39,204 views 32964 21032 违规数据分析请求: range=24h, query_all=False
INFO 2025-08-26 16:49:39,211 services 32964 21032 违规数据分析完成: 0条记录, 0次违规
INFO 2025-08-26 16:49:39,213 views 32964 21032 违规数据分析完成: 0条记录
INFO 2025-08-26 16:49:39,214 basehttp 32964 21032 "GET /api/monitor/violations/analytics/?range=24h HTTP/1.1" 200 481
INFO 2025-08-26 16:49:42,282 views 32964 13644 违规数据分析请求: range=24h, query_all=False
INFO 2025-08-26 16:49:42,289 services 32964 13644 违规数据分析完成: 0条记录, 0次违规
INFO 2025-08-26 16:49:42,290 views 32964 13644 违规数据分析完成: 0条记录
INFO 2025-08-26 16:49:42,291 basehttp 32964 13644 "GET /api/monitor/violations/analytics/?range=24h HTTP/1.1" 200 481
INFO 2025-08-26 16:49:44,977 views 32964 18268 违规数据分析请求: range=24h, query_all=False
INFO 2025-08-26 16:49:44,985 services 32964 18268 违规数据分析完成: 0条记录, 0次违规
INFO 2025-08-26 16:49:44,985 views 32964 18268 违规数据分析完成: 0条记录
INFO 2025-08-26 16:49:44,986 basehttp 32964 18268 "GET /api/monitor/violations/analytics/?range=24h HTTP/1.1" 200 481
INFO 2025-08-26 16:50:11,937 views 32964 33672 违规数据分析请求: range=24h, query_all=False
INFO 2025-08-26 16:50:11,944 services 32964 33672 违规数据分析完成: 0条记录, 0次违规
INFO 2025-08-26 16:50:11,946 views 32964 33672 违规数据分析完成: 0条记录
INFO 2025-08-26 16:50:11,946 basehttp 32964 33672 "GET /api/monitor/violations/analytics/?range=24h HTTP/1.1" 200 481
INFO 2025-08-26 16:50:18,791 views 32964 20756 违规数据分析请求: range=24h, query_all=False
INFO 2025-08-26 16:50:18,800 services 32964 20756 违规数据分析完成: 0条记录, 0次违规
INFO 2025-08-26 16:50:18,801 views 32964 20756 违规数据分析完成: 0条记录
INFO 2025-08-26 16:50:18,802 basehttp 32964 20756 "GET /api/monitor/violations/analytics/?range=24h HTTP/1.1" 200 481
INFO 2025-08-26 16:50:19,516 views 32964 31268 违规数据分析请求: range=all, query_all=True
INFO 2025-08-26 16:50:19,525 services 32964 31268 违规数据分析完成: 70条记录, 970次违规
INFO 2025-08-26 16:50:19,526 views 32964 31268 违规数据分析完成: 70条记录
INFO 2025-08-26 16:50:19,527 basehttp 32964 31268 "GET /api/monitor/violations/analytics/?range=all&all=true HTTP/1.1" 200 2406
INFO 2025-08-26 16:50:42,288 views 32964 20300 违规数据分析请求: range=24h, query_all=False
INFO 2025-08-26 16:50:42,296 services 32964 20300 违规数据分析完成: 0条记录, 0次违规
INFO 2025-08-26 16:50:42,296 views 32964 20300 违规数据分析完成: 0条记录
INFO 2025-08-26 16:50:42,297 basehttp 32964 20300 "GET /api/monitor/violations/analytics/?range=24h HTTP/1.1" 200 481
INFO 2025-08-26 16:51:11,943 views 32964 25324 违规数据分析请求: range=all, query_all=True
INFO 2025-08-26 16:51:11,951 services 32964 25324 违规数据分析完成: 70条记录, 970次违规
INFO 2025-08-26 16:51:11,953 views 32964 25324 违规数据分析完成: 70条记录
INFO 2025-08-26 16:51:11,953 basehttp 32964 25324 "GET /api/monitor/violations/analytics/?range=all&all=true HTTP/1.1" 200 2406
INFO 2025-08-26 16:51:42,285 views 32964 31612 违规数据分析请求: range=24h, query_all=False
INFO 2025-08-26 16:51:42,292 services 32964 31612 违规数据分析完成: 0条记录, 0次违规
INFO 2025-08-26 16:51:42,292 views 32964 31612 违规数据分析完成: 0条记录
INFO 2025-08-26 16:51:42,292 basehttp 32964 31612 "GET /api/monitor/violations/analytics/?range=24h HTTP/1.1" 200 481
INFO 2025-08-26 16:52:11,935 views 32964 33224 违规数据分析请求: range=all, query_all=True
INFO 2025-08-26 16:52:11,945 services 32964 33224 违规数据分析完成: 70条记录, 970次违规
INFO 2025-08-26 16:52:11,946 views 32964 33224 违规数据分析完成: 70条记录
INFO 2025-08-26 16:52:11,946 basehttp 32964 33224 "GET /api/monitor/violations/analytics/?range=all&all=true HTTP/1.1" 200 2406
INFO 2025-08-26 16:52:42,279 views 32964 24352 违规数据分析请求: range=24h, query_all=False
INFO 2025-08-26 16:52:42,286 services 32964 24352 违规数据分析完成: 0条记录, 0次违规
INFO 2025-08-26 16:52:42,287 views 32964 24352 违规数据分析完成: 0条记录
INFO 2025-08-26 16:52:42,288 basehttp 32964 24352 "GET /api/monitor/violations/analytics/?range=24h HTTP/1.1" 200 481
INFO 2025-08-26 16:53:02,406 views 32964 20988 违规数据分析请求: range=24h, query_all=False
INFO 2025-08-26 16:53:02,415 services 32964 20988 违规数据分析完成: 0条记录, 0次违规
INFO 2025-08-26 16:53:02,416 views 32964 20988 违规数据分析完成: 0条记录
INFO 2025-08-26 16:53:02,417 basehttp 32964 20988 "GET /api/monitor/violations/analytics/?range=24h HTTP/1.1" 200 481
INFO 2025-08-26 16:53:04,212 views 32964 8912 违规数据分析请求: range=24h, query_all=False
INFO 2025-08-26 16:53:04,221 services 32964 8912 违规数据分析完成: 0条记录, 0次违规
INFO 2025-08-26 16:53:04,223 views 32964 8912 违规数据分析完成: 0条记录
INFO 2025-08-26 16:53:04,224 basehttp 32964 8912 "GET /api/monitor/violations/analytics/?range=24h HTTP/1.1" 200 481
INFO 2025-08-26 16:53:42,288 views 32964 23840 违规数据分析请求: range=24h, query_all=False
INFO 2025-08-26 16:53:42,298 services 32964 23840 违规数据分析完成: 0条记录, 0次违规
INFO 2025-08-26 16:53:42,298 views 32964 23840 违规数据分析完成: 0条记录
INFO 2025-08-26 16:53:42,299 basehttp 32964 23840 "GET /api/monitor/violations/analytics/?range=24h HTTP/1.1" 200 481
INFO 2025-08-26 16:54:04,217 views 32964 18588 违规数据分析请求: range=24h, query_all=False
INFO 2025-08-26 16:54:04,227 services 32964 18588 违规数据分析完成: 0条记录, 0次违规
INFO 2025-08-26 16:54:04,228 views 32964 18588 违规数据分析完成: 0条记录
INFO 2025-08-26 16:54:04,229 basehttp 32964 18588 "GET /api/monitor/violations/analytics/?range=24h HTTP/1.1" 200 481
INFO 2025-08-26 16:54:08,085 views 32964 32556 违规数据分析请求: range=24h, query_all=False
INFO 2025-08-26 16:54:08,093 services 32964 32556 违规数据分析完成: 0条记录, 0次违规
INFO 2025-08-26 16:54:08,095 views 32964 32556 违规数据分析完成: 0条记录
INFO 2025-08-26 16:54:08,096 basehttp 32964 32556 "GET /api/monitor/violations/analytics/?range=24h HTTP/1.1" 200 481
INFO 2025-08-26 16:54:10,052 views 32964 3724 违规数据分析请求: range=24h, query_all=False
INFO 2025-08-26 16:54:10,061 services 32964 3724 违规数据分析完成: 0条记录, 0次违规
INFO 2025-08-26 16:54:10,062 views 32964 3724 违规数据分析完成: 0条记录
INFO 2025-08-26 16:54:10,064 basehttp 32964 3724 "GET /api/monitor/violations/analytics/?range=24h HTTP/1.1" 200 481
INFO 2025-08-26 16:54:12,371 views 32964 21516 违规数据分析请求: range=all, query_all=True
INFO 2025-08-26 16:54:12,383 services 32964 21516 违规数据分析完成: 70条记录, 970次违规
INFO 2025-08-26 16:54:12,384 views 32964 21516 违规数据分析完成: 70条记录
INFO 2025-08-26 16:54:12,385 basehttp 32964 21516 "GET /api/monitor/violations/analytics/?range=all&all=true HTTP/1.1" 200 2406
WARNING 2025-08-26 16:54:20,176 log 32964 23676 Not Found: /api/monitor/violations/record/0.w4qc28nt24/analyze/
WARNING 2025-08-26 16:54:20,177 basehttp 32964 23676 "GET /api/monitor/violations/record/0.w4qc28nt24/analyze/ HTTP/1.1" 404 6238
INFO 2025-08-26 16:54:48,969 views 32964 18768 违规数据分析请求: range=24h, query_all=False
INFO 2025-08-26 16:54:48,979 services 32964 18768 违规数据分析完成: 0条记录, 0次违规
INFO 2025-08-26 16:54:48,980 views 32964 18768 违规数据分析完成: 0条记录
INFO 2025-08-26 16:54:48,981 basehttp 32964 18768 "GET /api/monitor/violations/analytics/?range=24h HTTP/1.1" 200 481
INFO 2025-08-26 16:54:50,132 views 32964 9824 违规数据分析请求: range=24h, query_all=False
INFO 2025-08-26 16:54:50,141 services 32964 9824 违规数据分析完成: 0条记录, 0次违规
INFO 2025-08-26 16:54:50,142 views 32964 9824 违规数据分析完成: 0条记录
INFO 2025-08-26 16:54:50,143 basehttp 32964 9824 "GET /api/monitor/violations/analytics/?range=24h HTTP/1.1" 200 481
INFO 2025-08-26 16:55:03,323 views 32964 30312 违规数据分析请求: range=24h, query_all=False
INFO 2025-08-26 16:55:03,359 services 32964 30312 违规数据分析完成: 0条记录, 0次违规
INFO 2025-08-26 16:55:03,360 views 32964 30312 违规数据分析完成: 0条记录
INFO 2025-08-26 16:55:03,366 basehttp 32964 30312 "GET /api/monitor/violations/analytics/?range=24h HTTP/1.1" 200 481
INFO 2025-08-26 16:55:50,283 views 32964 31752 违规数据分析请求: range=24h, query_all=False
INFO 2025-08-26 16:55:50,288 services 32964 31752 违规数据分析完成: 0条记录, 0次违规
INFO 2025-08-26 16:55:50,288 views 32964 31752 违规数据分析完成: 0条记录
INFO 2025-08-26 16:55:50,289 basehttp 32964 31752 "GET /api/monitor/violations/analytics/?range=24h HTTP/1.1" 200 481
INFO 2025-08-26 16:56:03,286 views 32964 28956 违规数据分析请求: range=24h, query_all=False
INFO 2025-08-26 16:56:03,293 services 32964 28956 违规数据分析完成: 0条记录, 0次违规
INFO 2025-08-26 16:56:03,294 views 32964 28956 违规数据分析完成: 0条记录
INFO 2025-08-26 16:56:03,294 basehttp 32964 28956 "GET /api/monitor/violations/analytics/?range=24h HTTP/1.1" 200 481
INFO 2025-08-26 16:56:37,370 views 32964 33236 违规数据分析请求: range=24h, query_all=False
INFO 2025-08-26 16:56:37,376 services 32964 33236 违规数据分析完成: 0条记录, 0次违规
INFO 2025-08-26 16:56:37,376 views 32964 33236 违规数据分析完成: 0条记录
INFO 2025-08-26 16:56:37,377 basehttp 32964 33236 "GET /api/monitor/violations/analytics/?range=24h HTTP/1.1" 200 481
INFO 2025-08-26 16:56:44,746 views 32964 15456 违规数据分析请求: range=24h, query_all=False
INFO 2025-08-26 16:56:44,752 services 32964 15456 违规数据分析完成: 0条记录, 0次违规
INFO 2025-08-26 16:56:44,753 views 32964 15456 违规数据分析完成: 0条记录
INFO 2025-08-26 16:56:44,753 basehttp 32964 15456 "GET /api/monitor/violations/analytics/?range=24h HTTP/1.1" 200 481
INFO 2025-08-26 16:56:45,757 views 32964 29216 违规数据分析请求: range=24h, query_all=False
INFO 2025-08-26 16:56:45,761 services 32964 29216 违规数据分析完成: 0条记录, 0次违规
INFO 2025-08-26 16:56:45,762 views 32964 29216 违规数据分析完成: 0条记录
INFO 2025-08-26 16:56:45,762 basehttp 32964 29216 "GET /api/monitor/violations/analytics/?range=24h HTTP/1.1" 200 481
INFO 2025-08-26 16:56:46,762 views 32964 25292 违规数据分析请求: range=24h, query_all=False
INFO 2025-08-26 16:56:46,767 services 32964 25292 违规数据分析完成: 0条记录, 0次违规
INFO 2025-08-26 16:56:46,767 views 32964 25292 违规数据分析完成: 0条记录
INFO 2025-08-26 16:56:46,768 basehttp 32964 25292 "GET /api/monitor/violations/analytics/?range=24h HTTP/1.1" 200 481
INFO 2025-08-26 16:56:47,464 views 32964 24216 违规数据分析请求: range=24h, query_all=False
INFO 2025-08-26 16:56:47,471 services 32964 24216 违规数据分析完成: 0条记录, 0次违规
INFO 2025-08-26 16:56:47,471 views 32964 24216 违规数据分析完成: 0条记录
INFO 2025-08-26 16:56:47,472 basehttp 32964 24216 "GET /api/monitor/violations/analytics/?range=24h HTTP/1.1" 200 481
INFO 2025-08-26 16:57:03,290 views 32964 32748 违规数据分析请求: range=24h, query_all=False
INFO 2025-08-26 16:57:03,296 services 32964 32748 违规数据分析完成: 0条记录, 0次违规
INFO 2025-08-26 16:57:03,296 views 32964 32748 违规数据分析完成: 0条记录
INFO 2025-08-26 16:57:03,297 basehttp 32964 32748 "GET /api/monitor/violations/analytics/?range=24h HTTP/1.1" 200 481
INFO 2025-08-26 16:57:48,280 views 32964 23480 违规数据分析请求: range=24h, query_all=False
INFO 2025-08-26 16:57:48,283 services 32964 23480 违规数据分析完成: 0条记录, 0次违规
INFO 2025-08-26 16:57:48,284 views 32964 23480 违规数据分析完成: 0条记录
INFO 2025-08-26 16:57:48,285 basehttp 32964 23480 "GET /api/monitor/violations/analytics/?range=24h HTTP/1.1" 200 481
INFO 2025-08-26 16:57:54,677 views 32964 23560 违规数据分析请求: range=all, query_all=True
INFO 2025-08-26 16:57:54,687 services 32964 23560 违规数据分析完成: 70条记录, 970次违规
INFO 2025-08-26 16:57:54,687 views 32964 23560 违规数据分析完成: 70条记录
INFO 2025-08-26 16:57:54,688 basehttp 32964 23560 "GET /api/monitor/violations/analytics/?range=all&all=true HTTP/1.1" 200 2406
INFO 2025-08-26 16:58:51,639 views 32964 11464 违规数据分析请求: range=24h, query_all=False
INFO 2025-08-26 16:58:51,644 services 32964 11464 违规数据分析完成: 0条记录, 0次违规
INFO 2025-08-26 16:58:51,645 views 32964 11464 违规数据分析完成: 0条记录
INFO 2025-08-26 16:58:51,645 basehttp 32964 11464 "GET /api/monitor/violations/analytics/?range=24h HTTP/1.1" 200 481
INFO 2025-08-26 16:58:51,683 views 32964 21868 违规数据分析请求: range=24h, query_all=False
INFO 2025-08-26 16:58:51,690 services 32964 21868 违规数据分析完成: 0条记录, 0次违规
INFO 2025-08-26 16:58:51,691 views 32964 21868 违规数据分析完成: 0条记录
INFO 2025-08-26 16:58:51,691 basehttp 32964 21868 "GET /api/monitor/violations/analytics/?range=24h HTTP/1.1" 200 481
INFO 2025-08-26 16:58:54,216 views 32964 27680 违规数据分析请求: range=all, query_all=True
INFO 2025-08-26 16:58:54,226 services 32964 27680 违规数据分析完成: 70条记录, 970次违规
INFO 2025-08-26 16:58:54,226 views 32964 27680 违规数据分析完成: 70条记录
INFO 2025-08-26 16:58:54,227 basehttp 32964 27680 "GET /api/monitor/violations/analytics/?range=all&all=true HTTP/1.1" 200 2406
INFO 2025-08-26 16:59:51,646 views 32964 29232 违规数据分析请求: range=all, query_all=True
INFO 2025-08-26 16:59:51,659 services 32964 29232 违规数据分析完成: 70条记录, 970次违规
INFO 2025-08-26 16:59:51,659 views 32964 29232 违规数据分析完成: 70条记录
INFO 2025-08-26 16:59:51,660 basehttp 32964 29232 "GET /api/monitor/violations/analytics/?range=all&all=true HTTP/1.1" 200 2406
INFO 2025-08-26 16:59:52,282 views 32964 15208 违规数据分析请求: range=24h, query_all=False
INFO 2025-08-26 16:59:52,288 services 32964 15208 违规数据分析完成: 0条记录, 0次违规
INFO 2025-08-26 16:59:52,289 views 32964 15208 违规数据分析完成: 0条记录
INFO 2025-08-26 16:59:52,290 basehttp 32964 15208 "GET /api/monitor/violations/analytics/?range=24h HTTP/1.1" 200 481
INFO 2025-08-26 17:00:52,284 views 32964 16476 违规数据分析请求: range=all, query_all=True
INFO 2025-08-26 17:00:52,285 views 32964 33160 违规数据分析请求: range=24h, query_all=False
INFO 2025-08-26 17:00:52,295 services 32964 16476 违规数据分析完成: 70条记录, 970次违规
INFO 2025-08-26 17:00:52,295 views 32964 16476 违规数据分析完成: 70条记录
INFO 2025-08-26 17:00:52,296 services 32964 33160 违规数据分析完成: 0条记录, 0次违规
INFO 2025-08-26 17:00:52,296 views 32964 33160 违规数据分析完成: 0条记录
INFO 2025-08-26 17:00:52,296 basehttp 32964 16476 "GET /api/monitor/violations/analytics/?range=all&all=true HTTP/1.1" 200 2406
INFO 2025-08-26 17:00:52,299 basehttp 32964 33160 "GET /api/monitor/violations/analytics/?range=24h HTTP/1.1" 200 481
INFO 2025-08-26 17:01:01,017 views 32964 17784 违规数据分析请求: range=24h, query_all=False
INFO 2025-08-26 17:01:01,022 services 32964 17784 违规数据分析完成: 0条记录, 0次违规
INFO 2025-08-26 17:01:01,022 views 32964 17784 违规数据分析完成: 0条记录
INFO 2025-08-26 17:01:01,023 basehttp 32964 17784 "GET /api/monitor/violations/analytics/?range=24h HTTP/1.1" 200 481
INFO 2025-08-26 17:01:01,048 views 32964 3920 违规数据分析请求: range=24h, query_all=False
INFO 2025-08-26 17:01:01,051 services 32964 3920 违规数据分析完成: 0条记录, 0次违规
INFO 2025-08-26 17:01:01,052 views 32964 3920 违规数据分析完成: 0条记录
INFO 2025-08-26 17:01:01,053 basehttp 32964 3920 "GET /api/monitor/violations/analytics/?range=24h HTTP/1.1" 200 481
INFO 2025-08-26 17:01:10,157 views 32964 16504 违规数据分析请求: range=24h, query_all=False
INFO 2025-08-26 17:01:10,165 services 32964 16504 违规数据分析完成: 0条记录, 0次违规
INFO 2025-08-26 17:01:10,166 views 32964 16504 违规数据分析完成: 0条记录
INFO 2025-08-26 17:01:10,167 basehttp 32964 16504 "GET /api/monitor/violations/analytics/?range=24h HTTP/1.1" 200 481
INFO 2025-08-26 17:01:12,709 views 32964 500 违规数据分析请求: range=all, query_all=True
INFO 2025-08-26 17:01:12,718 services 32964 500 违规数据分析完成: 70条记录, 970次违规
INFO 2025-08-26 17:01:12,719 views 32964 500 违规数据分析完成: 70条记录
INFO 2025-08-26 17:01:12,720 basehttp 32964 500 "GET /api/monitor/violations/analytics/?range=all&all=true HTTP/1.1" 200 2406
INFO 2025-08-26 17:01:48,677 views 32964 9728 违规数据分析请求: range=24h, query_all=False
INFO 2025-08-26 17:01:48,682 services 32964 9728 违规数据分析完成: 0条记录, 0次违规
INFO 2025-08-26 17:01:48,682 views 32964 9728 违规数据分析完成: 0条记录
INFO 2025-08-26 17:01:48,683 basehttp 32964 9728 "GET /api/monitor/violations/analytics/?range=24h HTTP/1.1" 200 481
INFO 2025-08-26 17:01:48,692 views 32964 30316 违规数据分析请求: range=24h, query_all=False
INFO 2025-08-26 17:01:48,697 services 32964 30316 违规数据分析完成: 0条记录, 0次违规
INFO 2025-08-26 17:01:48,697 views 32964 30316 违规数据分析完成: 0条记录
INFO 2025-08-26 17:01:48,698 basehttp 32964 30316 "GET /api/monitor/violations/analytics/?range=24h HTTP/1.1" 200 481
INFO 2025-08-26 17:02:49,290 views 32964 28620 违规数据分析请求: range=24h, query_all=False
INFO 2025-08-26 17:02:49,291 views 32964 26616 违规数据分析请求: range=24h, query_all=False
INFO 2025-08-26 17:02:49,295 services 32964 28620 违规数据分析完成: 0条记录, 0次违规
INFO 2025-08-26 17:02:49,296 views 32964 28620 违规数据分析完成: 0条记录
INFO 2025-08-26 17:02:49,296 services 32964 26616 违规数据分析完成: 0条记录, 0次违规
INFO 2025-08-26 17:02:49,298 basehttp 32964 28620 "GET /api/monitor/violations/analytics/?range=24h HTTP/1.1" 200 481
INFO 2025-08-26 17:02:49,298 views 32964 26616 违规数据分析完成: 0条记录
INFO 2025-08-26 17:02:49,298 basehttp 32964 26616 "GET /api/monitor/violations/analytics/?range=24h HTTP/1.1" 200 481
INFO 2025-08-26 17:03:49,181 views 32964 30856 违规数据分析请求: range=24h, query_all=False
INFO 2025-08-26 17:03:49,189 services 32964 30856 违规数据分析完成: 0条记录, 0次违规
INFO 2025-08-26 17:03:49,190 views 32964 30856 违规数据分析完成: 0条记录
INFO 2025-08-26 17:03:49,191 basehttp 32964 30856 "GET /api/monitor/violations/analytics/?range=24h HTTP/1.1" 200 481
INFO 2025-08-26 17:03:49,291 views 32964 33528 违规数据分析请求: range=24h, query_all=False
INFO 2025-08-26 17:03:49,298 services 32964 33528 违规数据分析完成: 0条记录, 0次违规
INFO 2025-08-26 17:03:49,299 views 32964 33528 违规数据分析完成: 0条记录
INFO 2025-08-26 17:03:49,300 basehttp 32964 33528 "GET /api/monitor/violations/analytics/?range=24h HTTP/1.1" 200 481
INFO 2025-08-26 17:04:49,186 views 32964 33160 违规数据分析请求: range=24h, query_all=False
INFO 2025-08-26 17:04:49,200 services 32964 33160 违规数据分析完成: 0条记录, 0次违规
INFO 2025-08-26 17:04:49,200 views 32964 33160 违规数据分析完成: 0条记录
INFO 2025-08-26 17:04:49,201 basehttp 32964 33160 "GET /api/monitor/violations/analytics/?range=24h HTTP/1.1" 200 481
INFO 2025-08-26 17:04:49,283 views 32964 23528 违规数据分析请求: range=24h, query_all=False
INFO 2025-08-26 17:04:49,291 services 32964 23528 违规数据分析完成: 0条记录, 0次违规
INFO 2025-08-26 17:04:49,292 views 32964 23528 违规数据分析完成: 0条记录
INFO 2025-08-26 17:04:49,293 basehttp 32964 23528 "GET /api/monitor/violations/analytics/?range=24h HTTP/1.1" 200 481
INFO 2025-08-26 17:05:14,458 views 32964 31448 违规数据分析请求: range=24h, query_all=False
INFO 2025-08-26 17:05:14,467 services 32964 31448 违规数据分析完成: 0条记录, 0次违规
INFO 2025-08-26 17:05:14,467 views 32964 31448 违规数据分析完成: 0条记录
INFO 2025-08-26 17:05:14,468 basehttp 32964 31448 "GET /api/monitor/violations/analytics/?range=24h HTTP/1.1" 200 481
INFO 2025-08-26 17:05:16,229 views 32964 12164 违规数据分析请求: range=24h, query_all=False
INFO 2025-08-26 17:05:16,238 services 32964 12164 违规数据分析完成: 0条记录, 0次违规
INFO 2025-08-26 17:05:16,239 views 32964 12164 违规数据分析完成: 0条记录
INFO 2025-08-26 17:05:16,240 basehttp 32964 12164 "GET /api/monitor/violations/analytics/?range=24h HTTP/1.1" 200 481
INFO 2025-08-26 17:05:17,715 views 32964 14884 违规数据分析请求: range=24h, query_all=False
INFO 2025-08-26 17:05:17,725 services 32964 14884 违规数据分析完成: 0条记录, 0次违规
INFO 2025-08-26 17:05:17,727 views 32964 14884 违规数据分析完成: 0条记录
INFO 2025-08-26 17:05:17,728 basehttp 32964 14884 "GET /api/monitor/violations/analytics/?range=24h HTTP/1.1" 200 481
INFO 2025-08-26 17:05:20,135 views 32964 31992 违规数据分析请求: range=24h, query_all=False
INFO 2025-08-26 17:05:20,144 services 32964 31992 违规数据分析完成: 0条记录, 0次违规
INFO 2025-08-26 17:05:20,145 views 32964 31992 违规数据分析完成: 0条记录
INFO 2025-08-26 17:05:20,146 basehttp 32964 31992 "GET /api/monitor/violations/analytics/?range=24h HTTP/1.1" 200 481
INFO 2025-08-26 17:05:21,254 views 32964 29288 违规数据分析请求: range=24h, query_all=False
INFO 2025-08-26 17:05:21,265 services 32964 29288 违规数据分析完成: 0条记录, 0次违规
INFO 2025-08-26 17:05:21,266 views 32964 29288 违规数据分析完成: 0条记录
INFO 2025-08-26 17:05:21,267 basehttp 32964 29288 "GET /api/monitor/violations/analytics/?range=24h HTTP/1.1" 200 481
INFO 2025-08-26 17:05:21,950 views 32964 27548 违规数据分析请求: range=24h, query_all=False
INFO 2025-08-26 17:05:21,959 services 32964 27548 违规数据分析完成: 0条记录, 0次违规
INFO 2025-08-26 17:05:21,959 views 32964 27548 违规数据分析完成: 0条记录
INFO 2025-08-26 17:05:21,960 basehttp 32964 27548 "GET /api/monitor/violations/analytics/?range=24h HTTP/1.1" 200 481
INFO 2025-08-26 17:05:22,965 views 32964 28932 违规数据分析请求: range=24h, query_all=False
INFO 2025-08-26 17:05:22,974 services 32964 28932 违规数据分析完成: 0条记录, 0次违规
INFO 2025-08-26 17:05:22,974 views 32964 28932 违规数据分析完成: 0条记录
INFO 2025-08-26 17:05:22,977 basehttp 32964 28932 "GET /api/monitor/violations/analytics/?range=24h HTTP/1.1" 200 481
INFO 2025-08-26 17:05:23,848 views 32964 7280 违规数据分析请求: range=24h, query_all=False
INFO 2025-08-26 17:05:23,857 services 32964 7280 违规数据分析完成: 0条记录, 0次违规
INFO 2025-08-26 17:05:23,858 views 32964 7280 违规数据分析完成: 0条记录
INFO 2025-08-26 17:05:23,859 basehttp 32964 7280 "GET /api/monitor/violations/analytics/?range=24h HTTP/1.1" 200 481
INFO 2025-08-26 17:05:49,286 views 32964 17348 违规数据分析请求: range=24h, query_all=False
INFO 2025-08-26 17:05:49,294 services 32964 17348 违规数据分析完成: 0条记录, 0次违规
INFO 2025-08-26 17:05:49,294 views 32964 17348 违规数据分析完成: 0条记录
INFO 2025-08-26 17:05:49,295 basehttp 32964 17348 "GET /api/monitor/violations/analytics/?range=24h HTTP/1.1" 200 481
INFO 2025-08-26 17:06:24,275 views 32964 27624 违规数据分析请求: range=24h, query_all=False
INFO 2025-08-26 17:06:24,284 services 32964 27624 违规数据分析完成: 0条记录, 0次违规
INFO 2025-08-26 17:06:24,286 views 32964 27624 违规数据分析完成: 0条记录
INFO 2025-08-26 17:06:24,286 basehttp 32964 27624 "GET /api/monitor/violations/analytics/?range=24h HTTP/1.1" 200 481
INFO 2025-08-26 17:06:45,890 views 32964 28204 违规数据分析请求: range=24h, query_all=False
INFO 2025-08-26 17:06:45,899 services 32964 28204 违规数据分析完成: 0条记录, 0次违规
INFO 2025-08-26 17:06:45,900 views 32964 28204 违规数据分析完成: 0条记录
INFO 2025-08-26 17:06:45,902 basehttp 32964 28204 "GET /api/monitor/violations/analytics/?range=24h HTTP/1.1" 200 481
INFO 2025-08-26 17:06:49,282 views 32964 26796 违规数据分析请求: range=24h, query_all=False
INFO 2025-08-26 17:06:49,291 services 32964 26796 违规数据分析完成: 0条记录, 0次违规
INFO 2025-08-26 17:06:49,291 views 32964 26796 违规数据分析完成: 0条记录
INFO 2025-08-26 17:06:49,292 basehttp 32964 26796 "GET /api/monitor/violations/analytics/?range=24h HTTP/1.1" 200 481
INFO 2025-08-26 17:07:46,288 views 32964 11716 违规数据分析请求: range=24h, query_all=False
INFO 2025-08-26 17:07:46,297 services 32964 11716 违规数据分析完成: 0条记录, 0次违规
INFO 2025-08-26 17:07:46,297 views 32964 11716 违规数据分析完成: 0条记录
INFO 2025-08-26 17:07:46,299 basehttp 32964 11716 "GET /api/monitor/violations/analytics/?range=24h HTTP/1.1" 200 481
INFO 2025-08-26 17:07:49,283 views 32964 20672 违规数据分析请求: range=24h, query_all=False
INFO 2025-08-26 17:07:49,292 services 32964 20672 违规数据分析完成: 0条记录, 0次违规
INFO 2025-08-26 17:07:49,293 views 32964 20672 违规数据分析完成: 0条记录
INFO 2025-08-26 17:07:49,294 basehttp 32964 20672 "GET /api/monitor/violations/analytics/?range=24h HTTP/1.1" 200 481
INFO 2025-08-26 17:08:46,284 views 32964 23268 违规数据分析请求: range=24h, query_all=False
INFO 2025-08-26 17:08:46,293 services 32964 23268 违规数据分析完成: 0条记录, 0次违规
INFO 2025-08-26 17:08:46,293 views 32964 23268 违规数据分析完成: 0条记录
INFO 2025-08-26 17:08:46,294 basehttp 32964 23268 "GET /api/monitor/violations/analytics/?range=24h HTTP/1.1" 200 481
INFO 2025-08-26 17:09:03,283 views 32964 24368 违规数据分析请求: range=24h, query_all=False
INFO 2025-08-26 17:09:03,290 services 32964 24368 违规数据分析完成: 0条记录, 0次违规
INFO 2025-08-26 17:09:03,291 views 32964 24368 违规数据分析完成: 0条记录
INFO 2025-08-26 17:09:03,292 basehttp 32964 24368 "GET /api/monitor/violations/analytics/?range=24h HTTP/1.1" 200 481
INFO 2025-08-26 17:09:46,287 views 32964 25676 违规数据分析请求: range=24h, query_all=False
INFO 2025-08-26 17:09:46,291 services 32964 25676 违规数据分析完成: 0条记录, 0次违规
INFO 2025-08-26 17:09:46,291 views 32964 25676 违规数据分析完成: 0条记录
INFO 2025-08-26 17:09:46,291 basehttp 32964 25676 "GET /api/monitor/violations/analytics/?range=24h HTTP/1.1" 200 481
INFO 2025-08-26 17:10:03,289 views 32964 30248 违规数据分析请求: range=24h, query_all=False
INFO 2025-08-26 17:10:03,294 services 32964 30248 违规数据分析完成: 0条记录, 0次违规
INFO 2025-08-26 17:10:03,295 views 32964 30248 违规数据分析完成: 0条记录
INFO 2025-08-26 17:10:03,295 basehttp 32964 30248 "GET /api/monitor/violations/analytics/?range=24h HTTP/1.1" 200 481
INFO 2025-08-26 17:10:46,280 views 32964 20284 违规数据分析请求: range=24h, query_all=False
INFO 2025-08-26 17:10:46,284 services 32964 20284 违规数据分析完成: 0条记录, 0次违规
INFO 2025-08-26 17:10:46,284 views 32964 20284 违规数据分析完成: 0条记录
INFO 2025-08-26 17:10:46,286 basehttp 32964 20284 "GET /api/monitor/violations/analytics/?range=24h HTTP/1.1" 200 481
INFO 2025-08-26 17:11:03,288 views 32964 23840 违规数据分析请求: range=24h, query_all=False
INFO 2025-08-26 17:11:03,296 services 32964 23840 违规数据分析完成: 0条记录, 0次违规
INFO 2025-08-26 17:11:03,296 views 32964 23840 违规数据分析完成: 0条记录
INFO 2025-08-26 17:11:03,297 basehttp 32964 23840 "GET /api/monitor/violations/analytics/?range=24h HTTP/1.1" 200 481
INFO 2025-08-26 17:11:46,279 views 32964 23588 违规数据分析请求: range=24h, query_all=False
INFO 2025-08-26 17:11:46,285 services 32964 23588 违规数据分析完成: 0条记录, 0次违规
INFO 2025-08-26 17:11:46,286 views 32964 23588 违规数据分析完成: 0条记录
INFO 2025-08-26 17:11:46,287 basehttp 32964 23588 "GET /api/monitor/violations/analytics/?range=24h HTTP/1.1" 200 481
INFO 2025-08-26 17:12:03,292 views 32964 24472 违规数据分析请求: range=24h, query_all=False
INFO 2025-08-26 17:12:03,298 services 32964 24472 违规数据分析完成: 0条记录, 0次违规
INFO 2025-08-26 17:12:03,298 views 32964 24472 违规数据分析完成: 0条记录
INFO 2025-08-26 17:12:03,300 basehttp 32964 24472 "GET /api/monitor/violations/analytics/?range=24h HTTP/1.1" 200 481
INFO 2025-08-26 17:12:46,280 views 32964 21756 违规数据分析请求: range=24h, query_all=False
INFO 2025-08-26 17:12:46,284 services 32964 21756 违规数据分析完成: 0条记录, 0次违规
INFO 2025-08-26 17:12:46,285 views 32964 21756 违规数据分析完成: 0条记录
INFO 2025-08-26 17:12:46,285 basehttp 32964 21756 "GET /api/monitor/violations/analytics/?range=24h HTTP/1.1" 200 481
INFO 2025-08-26 17:13:03,286 views 32964 2312 违规数据分析请求: range=24h, query_all=False
INFO 2025-08-26 17:13:03,293 services 32964 2312 违规数据分析完成: 0条记录, 0次违规
INFO 2025-08-26 17:13:03,293 views 32964 2312 违规数据分析完成: 0条记录
INFO 2025-08-26 17:13:03,294 basehttp 32964 2312 "GET /api/monitor/violations/analytics/?range=24h HTTP/1.1" 200 481
INFO 2025-08-26 17:14:03,281 views 32964 24428 违规数据分析请求: range=24h, query_all=False
INFO 2025-08-26 17:14:03,284 views 32964 31312 违规数据分析请求: range=24h, query_all=False
INFO 2025-08-26 17:14:03,289 services 32964 24428 违规数据分析完成: 0条记录, 0次违规
INFO 2025-08-26 17:14:03,289 views 32964 24428 违规数据分析完成: 0条记录
INFO 2025-08-26 17:14:03,290 basehttp 32964 24428 "GET /api/monitor/violations/analytics/?range=24h HTTP/1.1" 200 481
INFO 2025-08-26 17:14:03,292 services 32964 31312 违规数据分析完成: 0条记录, 0次违规
INFO 2025-08-26 17:14:03,294 views 32964 31312 违规数据分析完成: 0条记录
INFO 2025-08-26 17:14:03,295 basehttp 32964 31312 "GET /api/monitor/violations/analytics/?range=24h HTTP/1.1" 200 481
INFO 2025-08-26 17:14:17,703 views 32964 34028 违规数据分析请求: range=24h, query_all=False
INFO 2025-08-26 17:14:17,714 services 32964 34028 违规数据分析完成: 0条记录, 0次违规
INFO 2025-08-26 17:14:17,715 views 32964 34028 违规数据分析完成: 0条记录
INFO 2025-08-26 17:14:17,716 basehttp 32964 34028 "GET /api/monitor/violations/analytics/?range=24h HTTP/1.1" 200 481
INFO 2025-08-26 17:14:17,724 views 32964 34368 违规数据分析请求: range=24h, query_all=False
INFO 2025-08-26 17:14:17,734 services 32964 34368 违规数据分析完成: 0条记录, 0次违规
INFO 2025-08-26 17:14:17,735 views 32964 34368 违规数据分析完成: 0条记录
INFO 2025-08-26 17:14:17,737 basehttp 32964 34368 "GET /api/monitor/violations/analytics/?range=24h HTTP/1.1" 200 481
INFO 2025-08-26 17:14:22,624 views 32964 12572 违规数据分析请求: range=24h, query_all=False
INFO 2025-08-26 17:14:22,626 views 32964 30956 违规数据分析请求: range=24h, query_all=False
INFO 2025-08-26 17:14:22,631 services 32964 12572 违规数据分析完成: 0条记录, 0次违规
INFO 2025-08-26 17:14:22,632 views 32964 12572 违规数据分析完成: 0条记录
INFO 2025-08-26 17:14:22,633 basehttp 32964 12572 "GET /api/monitor/violations/analytics/?range=24h HTTP/1.1" 200 481
INFO 2025-08-26 17:14:22,633 services 32964 30956 违规数据分析完成: 0条记录, 0次违规
INFO 2025-08-26 17:14:22,634 views 32964 30956 违规数据分析完成: 0条记录
INFO 2025-08-26 17:14:22,634 basehttp 32964 30956 "GET /api/monitor/violations/analytics/?range=24h HTTP/1.1" 200 481
INFO 2025-08-26 17:15:02,795 views 32964 34000 违规数据分析请求: range=24h, query_all=False
INFO 2025-08-26 17:15:02,806 services 32964 34000 违规数据分析完成: 0条记录, 0次违规
INFO 2025-08-26 17:15:02,806 views 32964 34000 违规数据分析完成: 0条记录
INFO 2025-08-26 17:15:02,808 basehttp 32964 34000 "GET /api/monitor/violations/analytics/?range=24h HTTP/1.1" 200 481
INFO 2025-08-26 17:15:23,282 views 32964 33892 违规数据分析请求: range=24h, query_all=False
INFO 2025-08-26 17:15:23,293 services 32964 33892 违规数据分析完成: 0条记录, 0次违规
INFO 2025-08-26 17:15:23,294 views 32964 33892 违规数据分析完成: 0条记录
INFO 2025-08-26 17:15:23,295 basehttp 32964 33892 "GET /api/monitor/violations/analytics/?range=24h HTTP/1.1" 200 481
INFO 2025-08-26 17:16:02,806 views 32964 35500 违规数据分析请求: range=24h, query_all=False
INFO 2025-08-26 17:16:02,815 services 32964 35500 违规数据分析完成: 0条记录, 0次违规
INFO 2025-08-26 17:16:02,815 views 32964 35500 违规数据分析完成: 0条记录
INFO 2025-08-26 17:16:02,816 basehttp 32964 35500 "GET /api/monitor/violations/analytics/?range=24h HTTP/1.1" 200 481
INFO 2025-08-26 17:16:23,281 views 32964 34136 违规数据分析请求: range=24h, query_all=False
INFO 2025-08-26 17:16:23,291 services 32964 34136 违规数据分析完成: 0条记录, 0次违规
INFO 2025-08-26 17:16:23,291 views 32964 34136 违规数据分析完成: 0条记录
INFO 2025-08-26 17:16:23,292 basehttp 32964 34136 "GET /api/monitor/violations/analytics/?range=24h HTTP/1.1" 200 481
INFO 2025-08-26 17:17:03,279 views 32964 27796 违规数据分析请求: range=24h, query_all=False
INFO 2025-08-26 17:17:03,288 services 32964 27796 违规数据分析完成: 0条记录, 0次违规
INFO 2025-08-26 17:17:03,289 views 32964 27796 违规数据分析完成: 0条记录
INFO 2025-08-26 17:17:03,290 basehttp 32964 27796 "GET /api/monitor/violations/analytics/?range=24h HTTP/1.1" 200 481
INFO 2025-08-26 17:17:23,282 views 32964 19220 违规数据分析请求: range=24h, query_all=False
INFO 2025-08-26 17:17:23,290 services 32964 19220 违规数据分析完成: 0条记录, 0次违规
INFO 2025-08-26 17:17:23,291 views 32964 19220 违规数据分析完成: 0条记录
INFO 2025-08-26 17:17:23,293 basehttp 32964 19220 "GET /api/monitor/violations/analytics/?range=24h HTTP/1.1" 200 481
INFO 2025-08-26 17:17:37,699 views 32964 17604 违规数据分析请求: range=24h, query_all=False
INFO 2025-08-26 17:17:37,710 services 32964 17604 违规数据分析完成: 0条记录, 0次违规
INFO 2025-08-26 17:17:37,711 views 32964 17604 违规数据分析完成: 0条记录
INFO 2025-08-26 17:17:37,712 basehttp 32964 17604 "GET /api/monitor/violations/analytics/?range=24h HTTP/1.1" 200 481
INFO 2025-08-26 17:18:00,772 views 32964 6972 违规数据分析请求: range=24h, query_all=False
INFO 2025-08-26 17:18:00,779 services 32964 6972 违规数据分析完成: 0条记录, 0次违规
INFO 2025-08-26 17:18:00,780 views 32964 6972 违规数据分析完成: 0条记录
INFO 2025-08-26 17:18:00,780 basehttp 32964 6972 "GET /api/monitor/violations/analytics/?range=24h HTTP/1.1" 200 481
INFO 2025-08-26 17:18:07,135 views 32964 31996 违规数据分析请求: range=24h, query_all=False
INFO 2025-08-26 17:18:07,142 services 32964 31996 违规数据分析完成: 0条记录, 0次违规
INFO 2025-08-26 17:18:07,142 views 32964 31996 违规数据分析完成: 0条记录
INFO 2025-08-26 17:18:07,144 basehttp 32964 31996 "GET /api/monitor/violations/analytics/?range=24h HTTP/1.1" 200 481
INFO 2025-08-26 17:18:07,153 views 32964 32212 违规数据分析请求: range=24h, query_all=False
INFO 2025-08-26 17:18:07,161 services 32964 32212 违规数据分析完成: 0条记录, 0次违规
INFO 2025-08-26 17:18:07,162 views 32964 32212 违规数据分析完成: 0条记录
INFO 2025-08-26 17:18:07,162 basehttp 32964 32212 "GET /api/monitor/violations/analytics/?range=24h HTTP/1.1" 200 481
INFO 2025-08-26 17:18:10,740 views 32964 28752 违规数据分析请求: range=24h, query_all=False
INFO 2025-08-26 17:18:10,746 services 32964 28752 违规数据分析完成: 0条记录, 0次违规
INFO 2025-08-26 17:18:10,746 views 32964 28752 违规数据分析完成: 0条记录
INFO 2025-08-26 17:18:10,748 basehttp 32964 28752 "GET /api/monitor/violations/analytics/?range=24h HTTP/1.1" 200 481
INFO 2025-08-26 17:18:18,312 views 32964 21656 违规数据分析请求: range=24h, query_all=False
INFO 2025-08-26 17:18:18,323 services 32964 21656 违规数据分析完成: 0条记录, 0次违规
INFO 2025-08-26 17:18:18,324 views 32964 21656 违规数据分析完成: 0条记录
INFO 2025-08-26 17:18:18,325 basehttp 32964 21656 "GET /api/monitor/violations/analytics/?range=24h HTTP/1.1" 200 481
INFO 2025-08-26 17:18:18,338 views 32964 15124 违规数据分析请求: range=24h, query_all=False
INFO 2025-08-26 17:18:18,347 services 32964 15124 违规数据分析完成: 0条记录, 0次违规
INFO 2025-08-26 17:18:18,347 views 32964 15124 违规数据分析完成: 0条记录
INFO 2025-08-26 17:18:18,348 basehttp 32964 15124 "GET /api/monitor/violations/analytics/?range=24h HTTP/1.1" 200 481
INFO 2025-08-26 17:18:19,972 views 32964 18572 违规数据分析请求: range=24h, query_all=False
INFO 2025-08-26 17:18:19,980 services 32964 18572 违规数据分析完成: 0条记录, 0次违规
INFO 2025-08-26 17:18:19,981 views 32964 18572 违规数据分析完成: 0条记录
INFO 2025-08-26 17:18:19,983 basehttp 32964 18572 "GET /api/monitor/violations/analytics/?range=24h HTTP/1.1" 200 481
INFO 2025-08-26 17:19:19,282 views 32964 19036 违规数据分析请求: range=24h, query_all=False
INFO 2025-08-26 17:19:19,291 services 32964 19036 违规数据分析完成: 0条记录, 0次违规
INFO 2025-08-26 17:19:19,291 views 32964 19036 违规数据分析完成: 0条记录
INFO 2025-08-26 17:19:19,292 basehttp 32964 19036 "GET /api/monitor/violations/analytics/?range=24h HTTP/1.1" 200 481
INFO 2025-08-26 17:19:20,277 views 32964 31276 违规数据分析请求: range=24h, query_all=False
INFO 2025-08-26 17:19:20,286 services 32964 31276 违规数据分析完成: 0条记录, 0次违规
INFO 2025-08-26 17:19:20,286 views 32964 31276 违规数据分析完成: 0条记录
INFO 2025-08-26 17:19:20,288 basehttp 32964 31276 "GET /api/monitor/violations/analytics/?range=24h HTTP/1.1" 200 481
INFO 2025-08-26 17:19:55,269 views 32964 27540 违规数据分析请求: range=24h, query_all=False
INFO 2025-08-26 17:19:55,279 services 32964 27540 违规数据分析完成: 0条记录, 0次违规
INFO 2025-08-26 17:19:55,279 views 32964 27540 违规数据分析完成: 0条记录
INFO 2025-08-26 17:19:55,281 basehttp 32964 27540 "GET /api/monitor/violations/analytics/?range=24h HTTP/1.1" 200 481
INFO 2025-08-26 17:20:19,292 views 32964 25276 违规数据分析请求: range=24h, query_all=False
INFO 2025-08-26 17:20:19,301 services 32964 25276 违规数据分析完成: 0条记录, 0次违规
INFO 2025-08-26 17:20:19,302 views 32964 25276 违规数据分析完成: 0条记录
INFO 2025-08-26 17:20:19,302 basehttp 32964 25276 "GET /api/monitor/violations/analytics/?range=24h HTTP/1.1" 200 481
INFO 2025-08-26 17:20:38,609 views 32964 8876 违规数据分析请求: range=24h, query_all=False
INFO 2025-08-26 17:20:38,620 services 32964 8876 违规数据分析完成: 0条记录, 0次违规
INFO 2025-08-26 17:20:38,621 views 32964 8876 违规数据分析完成: 0条记录
INFO 2025-08-26 17:20:38,622 basehttp 32964 8876 "GET /api/monitor/violations/analytics/?range=24h HTTP/1.1" 200 481
INFO 2025-08-26 17:21:19,293 views 32964 16152 违规数据分析请求: range=24h, query_all=False
INFO 2025-08-26 17:21:19,301 services 32964 16152 违规数据分析完成: 0条记录, 0次违规
INFO 2025-08-26 17:21:19,302 views 32964 16152 违规数据分析完成: 0条记录
INFO 2025-08-26 17:21:19,302 basehttp 32964 16152 "GET /api/monitor/violations/analytics/?range=24h HTTP/1.1" 200 481
INFO 2025-08-26 17:21:38,610 views 32964 14324 违规数据分析请求: range=24h, query_all=False
INFO 2025-08-26 17:21:38,618 services 32964 14324 违规数据分析完成: 0条记录, 0次违规
INFO 2025-08-26 17:21:38,619 views 32964 14324 违规数据分析完成: 0条记录
INFO 2025-08-26 17:21:38,619 basehttp 32964 14324 "GET /api/monitor/violations/analytics/?range=24h HTTP/1.1" 200 481
INFO 2025-08-26 17:21:39,840 views 32964 33912 违规数据分析请求: range=24h, query_all=False
INFO 2025-08-26 17:21:39,848 services 32964 33912 违规数据分析完成: 0条记录, 0次违规
INFO 2025-08-26 17:21:39,848 views 32964 33912 违规数据分析完成: 0条记录
INFO 2025-08-26 17:21:39,850 basehttp 32964 33912 "GET /api/monitor/violations/analytics/?range=24h HTTP/1.1" 200 481
INFO 2025-08-26 17:22:13,349 views 32964 34140 违规数据分析请求: range=24h, query_all=False
INFO 2025-08-26 17:22:13,357 services 32964 34140 违规数据分析完成: 0条记录, 0次违规
INFO 2025-08-26 17:22:13,358 views 32964 34140 违规数据分析完成: 0条记录
INFO 2025-08-26 17:22:13,358 basehttp 32964 34140 "GET /api/monitor/violations/analytics/?range=24h HTTP/1.1" 200 481
INFO 2025-08-26 17:22:19,276 views 32964 26748 违规数据分析请求: range=24h, query_all=False
INFO 2025-08-26 17:22:19,287 services 32964 26748 违规数据分析完成: 0条记录, 0次违规
INFO 2025-08-26 17:22:19,287 views 32964 26748 违规数据分析完成: 0条记录
INFO 2025-08-26 17:22:19,288 basehttp 32964 26748 "GET /api/monitor/violations/analytics/?range=24h HTTP/1.1" 200 481
INFO 2025-08-26 17:22:20,048 views 32964 34840 违规数据分析请求: range=all, query_all=True
INFO 2025-08-26 17:22:20,060 services 32964 34840 违规数据分析完成: 70条记录, 970次违规
INFO 2025-08-26 17:22:20,061 views 32964 34840 违规数据分析完成: 70条记录
INFO 2025-08-26 17:22:20,062 basehttp 32964 34840 "GET /api/monitor/violations/analytics/?range=all&all=true HTTP/1.1" 200 2406
INFO 2025-08-26 17:22:51,735 views 32964 20628 违规数据分析请求: range=24h, query_all=False
INFO 2025-08-26 17:22:51,744 services 32964 20628 违规数据分析完成: 0条记录, 0次违规
INFO 2025-08-26 17:22:51,744 views 32964 20628 违规数据分析完成: 0条记录
INFO 2025-08-26 17:22:51,745 basehttp 32964 20628 "GET /api/monitor/violations/analytics/?range=24h HTTP/1.1" 200 481
INFO 2025-08-26 17:22:52,980 views 32964 34756 违规数据分析请求: range=all, query_all=True
INFO 2025-08-26 17:22:52,988 services 32964 34756 违规数据分析完成: 70条记录, 970次违规
INFO 2025-08-26 17:22:52,989 views 32964 34756 违规数据分析完成: 70条记录
INFO 2025-08-26 17:22:52,989 basehttp 32964 34756 "GET /api/monitor/violations/analytics/?range=all&all=true HTTP/1.1" 200 2406
INFO 2025-08-26 17:23:10,569 views 32964 29232 违规数据分析请求: range=24h, query_all=False
INFO 2025-08-26 17:23:10,576 services 32964 29232 违规数据分析完成: 0条记录, 0次违规
INFO 2025-08-26 17:23:10,578 views 32964 29232 违规数据分析完成: 0条记录
INFO 2025-08-26 17:23:10,578 basehttp 32964 29232 "GET /api/monitor/violations/analytics/?range=24h HTTP/1.1" 200 481
INFO 2025-08-26 17:23:12,037 views 32964 16016 违规数据分析请求: range=all, query_all=True
INFO 2025-08-26 17:23:12,050 services 32964 16016 违规数据分析完成: 70条记录, 970次违规
INFO 2025-08-26 17:23:12,051 views 32964 16016 违规数据分析完成: 70条记录
INFO 2025-08-26 17:23:12,052 basehttp 32964 16016 "GET /api/monitor/violations/analytics/?range=all&all=true HTTP/1.1" 200 2406
INFO 2025-08-26 17:23:19,268 views 32964 12336 违规数据分析请求: range=1h, query_all=False
INFO 2025-08-26 17:23:19,276 views 32964 23424 违规数据分析请求: range=24h, query_all=False
INFO 2025-08-26 17:23:19,279 services 32964 12336 违规数据分析完成: 0条记录, 0次违规
INFO 2025-08-26 17:23:19,280 views 32964 12336 违规数据分析完成: 0条记录
INFO 2025-08-26 17:23:19,282 basehttp 32964 12336 "GET /api/monitor/violations/analytics/?range=1h HTTP/1.1" 200 478
INFO 2025-08-26 17:23:19,285 services 32964 23424 违规数据分析完成: 0条记录, 0次违规
INFO 2025-08-26 17:23:19,285 views 32964 23424 违规数据分析完成: 0条记录
INFO 2025-08-26 17:23:19,286 basehttp 32964 23424 "GET /api/monitor/violations/analytics/?range=24h HTTP/1.1" 200 481
INFO 2025-08-26 17:23:26,221 views 32964 9264 违规数据分析请求: range=24h, query_all=False
INFO 2025-08-26 17:23:26,230 services 32964 9264 违规数据分析完成: 0条记录, 0次违规
INFO 2025-08-26 17:23:26,231 views 32964 9264 违规数据分析完成: 0条记录
INFO 2025-08-26 17:23:26,232 basehttp 32964 9264 "GET /api/monitor/violations/analytics/?range=24h HTTP/1.1" 200 481
INFO 2025-08-26 17:23:27,375 views 32964 35364 违规数据分析请求: range=24h, query_all=False
INFO 2025-08-26 17:23:27,383 services 32964 35364 违规数据分析完成: 0条记录, 0次违规
INFO 2025-08-26 17:23:27,384 views 32964 35364 违规数据分析完成: 0条记录
INFO 2025-08-26 17:23:27,385 basehttp 32964 35364 "GET /api/monitor/violations/analytics/?range=24h HTTP/1.1" 200 481
INFO 2025-08-26 17:23:35,230 views 32964 26760 违规数据分析请求: range=24h, query_all=False
INFO 2025-08-26 17:23:35,240 services 32964 26760 违规数据分析完成: 0条记录, 0次违规
INFO 2025-08-26 17:23:35,241 views 32964 26760 违规数据分析完成: 0条记录
INFO 2025-08-26 17:23:35,242 basehttp 32964 26760 "GET /api/monitor/violations/analytics/?range=24h HTTP/1.1" 200 481
INFO 2025-08-26 17:23:36,247 views 32964 5220 违规数据分析请求: range=24h, query_all=False
INFO 2025-08-26 17:23:36,257 services 32964 5220 违规数据分析完成: 0条记录, 0次违规
INFO 2025-08-26 17:23:36,258 views 32964 5220 违规数据分析完成: 0条记录
INFO 2025-08-26 17:23:36,259 basehttp 32964 5220 "GET /api/monitor/violations/analytics/?range=24h HTTP/1.1" 200 481
INFO 2025-08-26 17:23:36,941 views 32964 24608 违规数据分析请求: range=24h, query_all=False
INFO 2025-08-26 17:23:36,950 services 32964 24608 违规数据分析完成: 0条记录, 0次违规
INFO 2025-08-26 17:23:36,951 views 32964 24608 违规数据分析完成: 0条记录
INFO 2025-08-26 17:23:36,952 basehttp 32964 24608 "GET /api/monitor/violations/analytics/?range=24h HTTP/1.1" 200 481
INFO 2025-08-26 17:24:19,282 views 32964 35400 违规数据分析请求: range=24h, query_all=False
INFO 2025-08-26 17:24:19,291 services 32964 35400 违规数据分析完成: 0条记录, 0次违规
INFO 2025-08-26 17:24:19,291 views 32964 35400 违规数据分析完成: 0条记录
INFO 2025-08-26 17:24:19,292 basehttp 32964 35400 "GET /api/monitor/violations/analytics/?range=24h HTTP/1.1" 200 481
INFO 2025-08-26 17:24:37,284 views 32964 33900 违规数据分析请求: range=24h, query_all=False
INFO 2025-08-26 17:24:37,292 services 32964 33900 违规数据分析完成: 0条记录, 0次违规
INFO 2025-08-26 17:24:37,293 views 32964 33900 违规数据分析完成: 0条记录
INFO 2025-08-26 17:24:37,294 basehttp 32964 33900 "GET /api/monitor/violations/analytics/?range=24h HTTP/1.1" 200 481
INFO 2025-08-26 17:25:37,069 views 32964 35504 违规数据分析请求: range=24h, query_all=False
INFO 2025-08-26 17:25:37,080 services 32964 35504 违规数据分析完成: 0条记录, 0次违规
INFO 2025-08-26 17:25:37,080 views 32964 35504 违规数据分析完成: 0条记录
INFO 2025-08-26 17:25:37,081 basehttp 32964 35504 "GET /api/monitor/violations/analytics/?range=24h HTTP/1.1" 200 481
INFO 2025-08-26 17:26:03,297 views 32964 34604 违规数据分析请求: range=24h, query_all=False
INFO 2025-08-26 17:26:03,306 services 32964 34604 违规数据分析完成: 0条记录, 0次违规
INFO 2025-08-26 17:26:03,307 views 32964 34604 违规数据分析完成: 0条记录
INFO 2025-08-26 17:26:03,308 basehttp 32964 34604 "GET /api/monitor/violations/analytics/?range=24h HTTP/1.1" 200 481
INFO 2025-08-26 17:26:37,277 views 32964 16248 违规数据分析请求: range=24h, query_all=False
INFO 2025-08-26 17:26:37,285 services 32964 16248 违规数据分析完成: 0条记录, 0次违规
INFO 2025-08-26 17:26:37,285 views 32964 16248 违规数据分析完成: 0条记录
INFO 2025-08-26 17:26:37,287 basehttp 32964 16248 "GET /api/monitor/violations/analytics/?range=24h HTTP/1.1" 200 481
INFO 2025-08-26 17:27:03,290 views 32964 9800 违规数据分析请求: range=24h, query_all=False
INFO 2025-08-26 17:27:03,298 services 32964 9800 违规数据分析完成: 0条记录, 0次违规
INFO 2025-08-26 17:27:03,299 views 32964 9800 违规数据分析完成: 0条记录
INFO 2025-08-26 17:27:03,300 basehttp 32964 9800 "GET /api/monitor/violations/analytics/?range=24h HTTP/1.1" 200 481
INFO 2025-08-26 17:27:37,274 views 32964 33076 违规数据分析请求: range=24h, query_all=False
INFO 2025-08-26 17:27:37,282 services 32964 33076 违规数据分析完成: 0条记录, 0次违规
INFO 2025-08-26 17:27:37,282 views 32964 33076 违规数据分析完成: 0条记录
INFO 2025-08-26 17:27:37,283 basehttp 32964 33076 "GET /api/monitor/violations/analytics/?range=24h HTTP/1.1" 200 481
INFO 2025-08-26 17:28:03,287 views 32964 20620 违规数据分析请求: range=24h, query_all=False
INFO 2025-08-26 17:28:03,295 services 32964 20620 违规数据分析完成: 0条记录, 0次违规
INFO 2025-08-26 17:28:03,296 views 32964 20620 违规数据分析完成: 0条记录
INFO 2025-08-26 17:28:03,297 basehttp 32964 20620 "GET /api/monitor/violations/analytics/?range=24h HTTP/1.1" 200 481
INFO 2025-08-26 17:28:37,288 views 32964 18864 违规数据分析请求: range=24h, query_all=False
INFO 2025-08-26 17:28:37,297 services 32964 18864 违规数据分析完成: 0条记录, 0次违规
INFO 2025-08-26 17:28:37,297 views 32964 18864 违规数据分析完成: 0条记录
INFO 2025-08-26 17:28:37,299 basehttp 32964 18864 "GET /api/monitor/violations/analytics/?range=24h HTTP/1.1" 200 481
INFO 2025-08-26 17:29:03,278 views 32964 29900 违规数据分析请求: range=24h, query_all=False
INFO 2025-08-26 17:29:03,284 services 32964 29900 违规数据分析完成: 0条记录, 0次违规
INFO 2025-08-26 17:29:03,285 views 32964 29900 违规数据分析完成: 0条记录
INFO 2025-08-26 17:29:03,286 basehttp 32964 29900 "GET /api/monitor/violations/analytics/?range=24h HTTP/1.1" 200 481
INFO 2025-08-26 17:29:37,278 views 32964 11224 违规数据分析请求: range=24h, query_all=False
INFO 2025-08-26 17:29:37,284 services 32964 11224 违规数据分析完成: 0条记录, 0次违规
INFO 2025-08-26 17:29:37,285 views 32964 11224 违规数据分析完成: 0条记录
INFO 2025-08-26 17:29:37,285 basehttp 32964 11224 "GET /api/monitor/violations/analytics/?range=24h HTTP/1.1" 200 481
INFO 2025-08-26 17:30:03,290 views 32964 33528 违规数据分析请求: range=24h, query_all=False
INFO 2025-08-26 17:30:03,299 services 32964 33528 违规数据分析完成: 0条记录, 0次违规
INFO 2025-08-26 17:30:03,299 views 32964 33528 违规数据分析完成: 0条记录
INFO 2025-08-26 17:30:03,300 basehttp 32964 33528 "GET /api/monitor/violations/analytics/?range=24h HTTP/1.1" 200 481
INFO 2025-08-26 17:31:03,291 views 32964 35648 违规数据分析请求: range=24h, query_all=False
INFO 2025-08-26 17:31:03,292 views 32964 15336 违规数据分析请求: range=24h, query_all=False
INFO 2025-08-26 17:31:03,301 services 32964 35648 违规数据分析完成: 0条记录, 0次违规
INFO 2025-08-26 17:31:03,301 views 32964 35648 违规数据分析完成: 0条记录
INFO 2025-08-26 17:31:03,302 services 32964 15336 违规数据分析完成: 0条记录, 0次违规
INFO 2025-08-26 17:31:03,302 basehttp 32964 35648 "GET /api/monitor/violations/analytics/?range=24h HTTP/1.1" 200 481
INFO 2025-08-26 17:31:03,304 views 32964 15336 违规数据分析完成: 0条记录
INFO 2025-08-26 17:31:03,305 basehttp 32964 15336 "GET /api/monitor/violations/analytics/?range=24h HTTP/1.1" 200 481
INFO 2025-08-26 17:32:03,280 views 32964 35532 违规数据分析请求: range=24h, query_all=False
INFO 2025-08-26 17:32:03,286 views 32964 31116 违规数据分析请求: range=24h, query_all=False
INFO 2025-08-26 17:32:03,290 services 32964 35532 违规数据分析完成: 0条记录, 0次违规
INFO 2025-08-26 17:32:03,290 views 32964 35532 违规数据分析完成: 0条记录
INFO 2025-08-26 17:32:03,292 basehttp 32964 35532 "GET /api/monitor/violations/analytics/?range=24h HTTP/1.1" 200 481
INFO 2025-08-26 17:32:03,294 services 32964 31116 违规数据分析完成: 0条记录, 0次违规
INFO 2025-08-26 17:32:03,294 views 32964 31116 违规数据分析完成: 0条记录
INFO 2025-08-26 17:32:03,295 basehttp 32964 31116 "GET /api/monitor/violations/analytics/?range=24h HTTP/1.1" 200 481
INFO 2025-08-26 17:32:36,950 views 32964 34028 违规数据分析请求: range=24h, query_all=False
INFO 2025-08-26 17:32:36,956 services 32964 34028 违规数据分析完成: 0条记录, 0次违规
INFO 2025-08-26 17:32:36,956 views 32964 34028 违规数据分析完成: 0条记录
INFO 2025-08-26 17:32:36,957 basehttp 32964 34028 "GET /api/monitor/violations/analytics/?range=24h HTTP/1.1" 200 481
INFO 2025-08-26 17:33:03,287 views 32964 30088 违规数据分析请求: range=24h, query_all=False
INFO 2025-08-26 17:33:03,294 services 32964 30088 违规数据分析完成: 0条记录, 0次违规
INFO 2025-08-26 17:33:03,295 views 32964 30088 违规数据分析完成: 0条记录
INFO 2025-08-26 17:33:03,296 basehttp 32964 30088 "GET /api/monitor/violations/analytics/?range=24h HTTP/1.1" 200 481
INFO 2025-08-26 17:33:37,279 views 32964 35424 违规数据分析请求: range=24h, query_all=False
INFO 2025-08-26 17:33:37,285 services 32964 35424 违规数据分析完成: 0条记录, 0次违规
INFO 2025-08-26 17:33:37,285 views 32964 35424 违规数据分析完成: 0条记录
INFO 2025-08-26 17:33:37,286 basehttp 32964 35424 "GET /api/monitor/violations/analytics/?range=24h HTTP/1.1" 200 481
INFO 2025-08-26 17:34:03,283 views 32964 31996 违规数据分析请求: range=24h, query_all=False
INFO 2025-08-26 17:34:03,292 services 32964 31996 违规数据分析完成: 0条记录, 0次违规
INFO 2025-08-26 17:34:03,293 views 32964 31996 违规数据分析完成: 0条记录
INFO 2025-08-26 17:34:03,294 basehttp 32964 31996 "GET /api/monitor/violations/analytics/?range=24h HTTP/1.1" 200 481
INFO 2025-08-26 17:34:41,286 views 32964 34596 违规数据分析请求: range=24h, query_all=False
INFO 2025-08-26 17:34:41,293 services 32964 34596 违规数据分析完成: 0条记录, 0次违规
INFO 2025-08-26 17:34:41,294 views 32964 34596 违规数据分析完成: 0条记录
INFO 2025-08-26 17:34:41,295 basehttp 32964 34596 "GET /api/monitor/violations/analytics/?range=24h HTTP/1.1" 200 481
